area,sex,age_group,population
Total,total,0-4,183080
Ang Mo Kio - Total,total,0-4,5280
Ang Mo Kio Town Centre,total,0-4,170
Cheng San,total,0-4,1060
Chong Boon,total,0-4,860
Kebun Bahru,total,0-4,660
Sembawang Hills,total,0-4,210
Shangri-La,total,0-4,550
Tagore,total,0-4,210
Townsville,total,0-4,660
Yio Chu Kang,total,0-4,-
Yio Chu Kang East,total,0-4,160
Yio Chu Kang North,total,0-4,-
Yio Chu Kang West,total,0-4,750
Bedok - Total,total,0-4,9790
Bayshore,total,0-4,340
Bedok North,total,0-4,2710
Bedok Reservoir,total,0-4,1100
Bedok South,total,0-4,1430
Frankel,total,0-4,1460
Kaki Bukit,total,0-4,1200
Kembangan,total,0-4,1410
Siglap,total,0-4,160
Bishan - Total,total,0-4,2790
Bishan East,total,0-4,870
Marymount,total,0-4,1010
Upper Thomson,total,0-4,910
Boon Lay - Total,total,0-4,-
Liu Fang,total,0-4,-
Samulun,total,0-4,-
Shipyard,total,0-4,-
Tukang,total,0-4,-
Bukit Batok - Total,total,0-4,7920
Brickworks,total,0-4,2710
Bukit Batok Central,total,0-4,1310
Bukit Batok East,total,0-4,340
Bukit Batok South,total,0-4,690
Bukit Batok West,total,0-4,660
Gombak,total,0-4,350
Guilin,total,0-4,430
Hillview,total,0-4,560
Hong Kah North,total,0-4,870
Bukit Merah - Total,total,0-4,5970
Alexandra Hill,total,0-4,370
Alexandra North,total,0-4,160
Bukit Ho Swee,total,0-4,460
Bukit Merah,total,0-4,30
City Terminals,total,0-4,-
Depot Road,total,0-4,350
Everton Park,total,0-4,220
Henderson Hill,total,0-4,440
Kampong Tiong Bahru,total,0-4,220
Maritime Square,total,0-4,200
Redhill,total,0-4,490
Singapore General Hospital,total,0-4,-
Telok Blangah Drive,total,0-4,1190
Telok Blangah Rise,total,0-4,350
Telok Blangah Way,total,0-4,240
Tiong Bahru,total,0-4,690
Tiong Bahru Station,total,0-4,560
Bukit Panjang - Total,total,0-4,6250
Bangkit,total,0-4,680
Dairy Farm,total,0-4,310
Fajar,total,0-4,1530
Jelebu,total,0-4,930
Nature Reserve,total,0-4,150
Saujana,total,0-4,1520
Senja,total,0-4,1130
Bukit Timah - Total,total,0-4,3130
Anak Bukit,total,0-4,700
Coronation Road,total,0-4,300
Farrer Court,total,0-4,300
Hillcrest,total,0-4,440
Holland Road,total,0-4,460
Leedon Park,total,0-4,300
Swiss Club,total,0-4,240
Ulu Pandan,total,0-4,400
Central Water Catchment - Total,total,0-4,-
Central Water Catchment,total,0-4,-
Changi- Total,total,0-4,130
Changi Airport,total,0-4,-
Changi Point,total,0-4,10
Changi West,total,0-4,120
Changi Bay - Total,total,0-4,-
Changi Bay,total,0-4,-
Choa Chu Kang - Total,total,0-4,8990
Choa Chu Kang Central,total,0-4,820
Choa Chu Kang North,total,0-4,850
Keat Hong,total,0-4,3540
Peng Siang,total,0-4,1660
Teck Whye,total,0-4,760
Yew Tee,total,0-4,1360
Clementi - Total,total,0-4,3760
Clementi Central,total,0-4,480
Clementi North,total,0-4,1390
Clementi West,total,0-4,480
Clementi Woods,total,0-4,680
Faber,total,0-4,270
Pandan,total,0-4,-
Sunset Way,total,0-4,170
Toh Tuck,total,0-4,-
West Coast,total,0-4,290
Downtown Core - Total,total,0-4,110
Anson,total,0-4,-
Bayfront Subzone,total,0-4,-
Bugis,total,0-4,20
Cecil,total,0-4,10
Central Subzone,total,0-4,40
City Hall,total,0-4,-
Clifford Pier,total,0-4,-
Marina Centre,total,0-4,-
Maxwell,total,0-4,-
Nicoll,total,0-4,10
Phillip,total,0-4,-
Raffles Place,total,0-4,-
Tanjong Pagar,total,0-4,20
Geylang - Total,total,0-4,3960
Aljunied,total,0-4,1250
Geylang East,total,0-4,1100
Kallang Way,total,0-4,-
Kampong Ubi,total,0-4,400
Macpherson,total,0-4,1210
Hougang - Total,total,0-4,9110
Defu Industrial Park,total,0-4,-
Hougang Central,total,0-4,130
Hougang East,total,0-4,1360
Hougang West,total,0-4,1330
Kangkar,total,0-4,1760
Kovan,total,0-4,900
Lorong Ah Soo,total,0-4,950
Lorong Halus,total,0-4,-
Tai Seng,total,0-4,430
Trafalgar,total,0-4,2260
Jurong East - Total,total,0-4,2510
International Business Park,total,0-4,-
Jurong Gateway,total,0-4,20
Jurong Port,total,0-4,-
Jurong River,total,0-4,-
Lakeside (Business),total,0-4,-
Lakeside (Leisure),total,0-4,20
Penjuru Crescent,total,0-4,-
Teban Gardens,total,0-4,760
Toh Guan,total,0-4,420
Yuhua East,total,0-4,690
Yuhua West,total,0-4,600
Jurong West - Total,total,0-4,10580
Boon Lay Place,total,0-4,1520
Chin Bee,total,0-4,-
Hong Kah,total,0-4,1870
Jurong West Central,total,0-4,2530
Kian Teck,total,0-4,-
Safti,total,0-4,-
Taman Jurong,total,0-4,2030
Wenya,total,0-4,440
Yunnan,total,0-4,2190
Kallang - Total,total,0-4,3930
Bendemeer,total,0-4,1900
Boon Keng,total,0-4,410
Crawford,total,0-4,220
Geylang Bahru,total,0-4,270
Kallang Bahru,total,0-4,-
Kampong Bugis,total,0-4,40
Kampong Java,total,0-4,330
Lavender,total,0-4,350
Tanjong Rhu,total,0-4,410
Lim Chu Kang - Total,total,0-4,10
Lim Chu Kang,total,0-4,10
Mandai - Total,total,0-4,60
Mandai East,total,0-4,-
Mandai Estate,total,0-4,60
Mandai West,total,0-4,-
Marina East - Total,total,0-4,-
Marina East,total,0-4,-
Marina South - Total,total,0-4,-
Marina South,total,0-4,-
Marine Parade - Total,total,0-4,1890
East Coast,total,0-4,-
Katong,total,0-4,390
Marina East (Mp),total,0-4,-
Marine Parade,total,0-4,1060
Mountbatten,total,0-4,450
Museum - Total,total,0-4,20
Bras Basah,total,0-4,-
Dhoby Ghaut,total,0-4,10
Fort Canning,total,0-4,10
Newton - Total,total,0-4,380
Cairnhill,total,0-4,180
Goodwood Park,total,0-4,70
Istana Negara,total,0-4,-
Monk's Hill,total,0-4,60
Newton Circus,total,0-4,10
Orange Grove,total,0-4,70
North-Eastern Islands - Total,total,0-4,-
North-Eastern Islands,total,0-4,-
Novena - Total,total,0-4,2170
Balestier,total,0-4,1320
Dunearn,total,0-4,140
Malcolm,total,0-4,150
Moulmein,total,0-4,530
Mount Pleasant,total,0-4,30
Orchard - Total,total,0-4,50
Boulevard,total,0-4,20
Somerset,total,0-4,10
Tanglin,total,0-4,20
Outram - Total,total,0-4,650
China Square,total,0-4,30
Chinatown,total,0-4,450
Pearl's Hill,total,0-4,170
People's Park,total,0-4,-
Pasir Ris - Total,total,0-4,5690
Flora Drive,total,0-4,530
Loyang East,total,0-4,60
Loyang West,total,0-4,-
Pasir Ris Central,total,0-4,1640
Pasir Ris Drive,total,0-4,1730
Pasir Ris Park,total,0-4,460
Pasir Ris Wafer Fab Park,total,0-4,-
Pasir Ris West,total,0-4,1260
Paya Lebar - Total,total,0-4,-
Airport Road,total,0-4,-
Paya Lebar East,total,0-4,-
Paya Lebar North,total,0-4,-
Paya Lebar West,total,0-4,-
Plab,total,0-4,-
Pioneer - Total,total,0-4,-
Benoi Sector,total,0-4,-
Gul Basin,total,0-4,-
Gul Circle,total,0-4,-
Joo Koon,total,0-4,-
Pioneer Sector,total,0-4,-
Punggol - Total,total,0-4,16160
Coney Island,total,0-4,-
Matilda,total,0-4,5430
Northshore,total,0-4,20
Punggol Canal,total,0-4,-
Punggol Field,total,0-4,2420
Punggol Town Centre,total,0-4,2820
Waterway East,total,0-4,5470
Queenstown - Total,total,0-4,3980
Commonwealth,total,0-4,140
Dover,total,0-4,350
Ghim Moh,total,0-4,850
Holland Drive,total,0-4,350
Kent Ridge,total,0-4,-
Margaret Drive,total,0-4,1120
Mei Chin,total,0-4,460
National University Of S'pore,total,0-4,-
One North,total,0-4,40
Pasir Panjang 1,total,0-4,160
Pasir Panjang 2,total,0-4,90
Port,total,0-4,-
Queensway,total,0-4,10
Singapore Polytechnic,total,0-4,-
Tanglin Halt,total,0-4,400
River Valley - Total,total,0-4,450
Institution Hill,total,0-4,200
Leonie Hill,total,0-4,120
One Tree Hill,total,0-4,70
Oxley,total,0-4,50
Paterson,total,0-4,10
Rochor - Total,total,0-4,410
Bencoolen,total,0-4,40
Farrer Park,total,0-4,80
Kampong Glam,total,0-4,-
Little India,total,0-4,80
Mackenzie,total,0-4,-
Mount Emily,total,0-4,90
Rochor Canal,total,0-4,-
Selegie,total,0-4,-
Sungei Road,total,0-4,70
Victoria,total,0-4,40
Seletar - Total,total,0-4,10
Pulau Punggol Barat,total,0-4,-
Pulau Punggol Timor,total,0-4,-
Seletar,total,0-4,10
Seletar Aerospace Park,total,0-4,-
Sembawang - Total,total,0-4,6310
Admiralty,total,0-4,700
Sembawang Central,total,0-4,1830
Sembawang East,total,0-4,2070
Sembawang North,total,0-4,1080
Sembawang Springs,total,0-4,560
Sembawang Straits,total,0-4,60
Senoko North,total,0-4,-
Senoko South,total,0-4,-
The Wharves,total,0-4,-
Sengkang - Total,total,0-4,16380
Anchorvale,total,0-4,3790
Compassvale,total,0-4,1670
Fernvale,total,0-4,4830
Lorong Halus North,total,0-4,-
Rivervale,total,0-4,2500
Sengkang Town Centre,total,0-4,3590
Sengkang West,total,0-4,-
Serangoon - Total,total,0-4,3550
Lorong Chuan,total,0-4,290
Seletar Hills,total,0-4,450
Serangoon Central,total,0-4,700
Serangoon Garden,total,0-4,1040
Serangoon North,total,0-4,480
Serangoon North Ind Estate,total,0-4,-
Upper Paya Lebar,total,0-4,590
Simpang - Total,total,0-4,-
Pulau Seletar,total,0-4,-
Simpang North,total,0-4,-
Simpang South,total,0-4,-
Tanjong Irau,total,0-4,-
Singapore River - Total,total,0-4,210
Boat Quay,total,0-4,-
Clarke Quay,total,0-4,10
Robertson Quay,total,0-4,200
Southern Islands - Total,total,0-4,110
Sentosa,total,0-4,110
Southern Group,total,0-4,-
Straits View - Total,total,0-4,-
Straits View,total,0-4,-
Sungei Kadut - Total,total,0-4,20
Gali Batu,total,0-4,-
Kranji,total,0-4,-
Pang Sua,total,0-4,-
Reservoir View,total,0-4,-
Turf Club,total,0-4,20
Tampines - Total,total,0-4,11740
Simei,total,0-4,1360
Tampines East,total,0-4,5390
Tampines North,total,0-4,1150
Tampines West,total,0-4,3790
Xilin,total,0-4,40
Tanglin - Total,total,0-4,1070
Chatsworth,total,0-4,340
Nassim,total,0-4,500
Ridout,total,0-4,80
Tyersall,total,0-4,160
Tengah - Total,total,0-4,-
Brickland,total,0-4,-
Forest Hill,total,0-4,-
Garden,total,0-4,-
Park,total,0-4,-
Plantation,total,0-4,-
Tengah Industrial Estate,total,0-4,-
Toa Payoh - Total,total,0-4,4350
Bidadari,total,0-4,-
Boon Teck,total,0-4,580
Braddell,total,0-4,310
Joo Seng,total,0-4,360
Kim Keat,total,0-4,200
Lorong 8 Toa Payoh,total,0-4,140
Pei Chun,total,0-4,260
Potong Pasir,total,0-4,360
Sennett,total,0-4,420
Toa Payoh Central,total,0-4,1060
Toa Payoh West,total,0-4,560
Woodleigh,total,0-4,100
Tuas - Total,total,0-4,-
Tengeh,total,0-4,-
Tuas Bay,total,0-4,-
Tuas North,total,0-4,-
Tuas Promenade,total,0-4,-
Tuas View,total,0-4,-
Tuas View Extension,total,0-4,-
Western Islands - Total,total,0-4,-
Jurong Island And Bukom,total,0-4,-
Semakau,total,0-4,-
Sudong,total,0-4,-
Western Water Catchment - Total,total,0-4,30
Bahar,total,0-4,-
Cleantech,total,0-4,-
Murai,total,0-4,30
Woodlands - Total,total,0-4,11490
Greenwood Park,total,0-4,-
Midview,total,0-4,1590
North Coast,total,0-4,300
Senoko West,total,0-4,-
Woodgrove,total,0-4,980
Woodlands East,total,0-4,4960
Woodlands Regional Centre,total,0-4,-
Woodlands South,total,0-4,2100
Woodlands West,total,0-4,1560
Yishun - Total,total,0-4,11670
Khatib,total,0-4,310
Lower Seletar,total,0-4,2220
Nee Soon,total,0-4,30
Northland,total,0-4,910
Springleaf,total,0-4,130
Yishun Central,total,0-4,100
Yishun East,total,0-4,4270
Yishun South,total,0-4,1930
Yishun West,total,0-4,1780
Total,total,5-9,198740
Ang Mo Kio - Total,total,5-9,6100
Ang Mo Kio Town Centre,total,5-9,240
Cheng San,total,5-9,1040
Chong Boon,total,5-9,840
Kebun Bahru,total,5-9,810
Sembawang Hills,total,5-9,310
Shangri-La,total,5-9,560
Tagore,total,5-9,310
Townsville,total,5-9,860
Yio Chu Kang,total,5-9,-
Yio Chu Kang East,total,5-9,170
Yio Chu Kang North,total,5-9,-
Yio Chu Kang West,total,5-9,950
Bedok - Total,total,5-9,11490
Bayshore,total,5-9,490
Bedok North,total,5-9,3080
Bedok Reservoir,total,5-9,1270
Bedok South,total,5-9,1730
Frankel,total,5-9,2060
Kaki Bukit,total,5-9,1250
Kembangan,total,5-9,1360
Siglap,total,5-9,250
Bishan - Total,total,5-9,3720
Bishan East,total,5-9,1130
Marymount,total,5-9,1340
Upper Thomson,total,5-9,1260
Boon Lay - Total,total,5-9,-
Liu Fang,total,5-9,-
Samulun,total,5-9,-
Shipyard,total,5-9,-
Tukang,total,5-9,-
Bukit Batok - Total,total,5-9,6820
Brickworks,total,5-9,1200
Bukit Batok Central,total,5-9,1230
Bukit Batok East,total,5-9,340
Bukit Batok South,total,5-9,710
Bukit Batok West,total,5-9,640
Gombak,total,5-9,490
Guilin,total,5-9,570
Hillview,total,5-9,720
Hong Kah North,total,5-9,930
Bukit Merah - Total,total,5-9,6470
Alexandra Hill,total,5-9,420
Alexandra North,total,5-9,200
Bukit Ho Swee,total,5-9,570
Bukit Merah,total,5-9,50
City Terminals,total,5-9,-
Depot Road,total,5-9,400
Everton Park,total,5-9,290
Henderson Hill,total,5-9,450
Kampong Tiong Bahru,total,5-9,240
Maritime Square,total,5-9,240
Redhill,total,5-9,640
Singapore General Hospital,total,5-9,-
Telok Blangah Drive,total,5-9,870
Telok Blangah Rise,total,5-9,390
Telok Blangah Way,total,5-9,340
Tiong Bahru,total,5-9,670
Tiong Bahru Station,total,5-9,690
Bukit Panjang - Total,total,5-9,7090
Bangkit,total,5-9,730
Dairy Farm,total,5-9,390
Fajar,total,5-9,1680
Jelebu,total,5-9,1090
Nature Reserve,total,5-9,190
Saujana,total,5-9,1660
Senja,total,5-9,1360
Bukit Timah - Total,total,5-9,4900
Anak Bukit,total,5-9,1080
Coronation Road,total,5-9,500
Farrer Court,total,5-9,490
Hillcrest,total,5-9,780
Holland Road,total,5-9,780
Leedon Park,total,5-9,320
Swiss Club,total,5-9,320
Ulu Pandan,total,5-9,630
Central Water Catchment - Total,total,5-9,-
Central Water Catchment,total,5-9,-
Changi- Total,total,5-9,140
Changi Airport,total,5-9,-
Changi Point,total,5-9,10
Changi West,total,5-9,130
Changi Bay - Total,total,5-9,-
Changi Bay,total,5-9,-
Choa Chu Kang - Total,total,5-9,9280
Choa Chu Kang Central,total,5-9,1090
Choa Chu Kang North,total,5-9,1120
Keat Hong,total,5-9,2660
Peng Siang,total,5-9,1750
Teck Whye,total,5-9,760
Yew Tee,total,5-9,1890
Clementi - Total,total,5-9,4340
Clementi Central,total,5-9,610
Clementi North,total,5-9,1220
Clementi West,total,5-9,630
Clementi Woods,total,5-9,740
Faber,total,5-9,430
Pandan,total,5-9,-
Sunset Way,total,5-9,230
Toh Tuck,total,5-9,-
West Coast,total,5-9,480
Downtown Core - Total,total,5-9,110
Anson,total,5-9,-
Bayfront Subzone,total,5-9,-
Bugis,total,5-9,30
Cecil,total,5-9,10
Central Subzone,total,5-9,40
City Hall,total,5-9,-
Clifford Pier,total,5-9,-
Marina Centre,total,5-9,-
Maxwell,total,5-9,-
Nicoll,total,5-9,10
Phillip,total,5-9,-
Raffles Place,total,5-9,-
Tanjong Pagar,total,5-9,20
Geylang - Total,total,5-9,4270
Aljunied,total,5-9,1500
Geylang East,total,5-9,1310
Kallang Way,total,5-9,-
Kampong Ubi,total,5-9,460
Macpherson,total,5-9,1000
Hougang - Total,total,5-9,9450
Defu Industrial Park,total,5-9,-
Hougang Central,total,5-9,130
Hougang East,total,5-9,1230
Hougang West,total,5-9,1420
Kangkar,total,5-9,1740
Kovan,total,5-9,1110
Lorong Ah Soo,total,5-9,1140
Lorong Halus,total,5-9,-
Tai Seng,total,5-9,560
Trafalgar,total,5-9,2110
Jurong East - Total,total,5-9,2900
International Business Park,total,5-9,-
Jurong Gateway,total,5-9,20
Jurong Port,total,5-9,-
Jurong River,total,5-9,-
Lakeside (Business),total,5-9,-
Lakeside (Leisure),total,5-9,20
Penjuru Crescent,total,5-9,-
Teban Gardens,total,5-9,840
Toh Guan,total,5-9,500
Yuhua East,total,5-9,830
Yuhua West,total,5-9,690
Jurong West - Total,total,5-9,13000
Boon Lay Place,total,5-9,1630
Chin Bee,total,5-9,-
Hong Kah,total,5-9,2180
Jurong West Central,total,5-9,3570
Kian Teck,total,5-9,-
Safti,total,5-9,-
Taman Jurong,total,5-9,2180
Wenya,total,5-9,610
Yunnan,total,5-9,2830
Kallang - Total,total,5-9,4130
Bendemeer,total,5-9,1760
Boon Keng,total,5-9,450
Crawford,total,5-9,200
Geylang Bahru,total,5-9,330
Kallang Bahru,total,5-9,-
Kampong Bugis,total,5-9,20
Kampong Java,total,5-9,450
Lavender,total,5-9,400
Tanjong Rhu,total,5-9,530
Lim Chu Kang - Total,total,5-9,-
Lim Chu Kang,total,5-9,-
Mandai - Total,total,5-9,90
Mandai East,total,5-9,-
Mandai Estate,total,5-9,90
Mandai West,total,5-9,-
Marina East - Total,total,5-9,-
Marina East,total,5-9,-
Marina South - Total,total,5-9,-
Marina South,total,5-9,-
Marine Parade - Total,total,5-9,2420
East Coast,total,5-9,-
Katong,total,5-9,500
Marina East (Mp),total,5-9,-
Marine Parade,total,5-9,1420
Mountbatten,total,5-9,490
Museum - Total,total,5-9,30
Bras Basah,total,5-9,-
Dhoby Ghaut,total,5-9,20
Fort Canning,total,5-9,10
Newton - Total,total,5-9,590
Cairnhill,total,5-9,260
Goodwood Park,total,5-9,140
Istana Negara,total,5-9,-
Monk's Hill,total,5-9,80
Newton Circus,total,5-9,20
Orange Grove,total,5-9,90
North-Eastern Islands - Total,total,5-9,-
North-Eastern Islands,total,5-9,-
Novena - Total,total,5-9,2890
Balestier,total,5-9,1430
Dunearn,total,5-9,210
Malcolm,total,5-9,220
Moulmein,total,5-9,1000
Mount Pleasant,total,5-9,30
Orchard - Total,total,5-9,50
Boulevard,total,5-9,20
Somerset,total,5-9,10
Tanglin,total,5-9,20
Outram - Total,total,5-9,800
China Square,total,5-9,30
Chinatown,total,5-9,580
Pearl's Hill,total,5-9,190
People's Park,total,5-9,-
Pasir Ris - Total,total,5-9,6550
Flora Drive,total,5-9,690
Loyang East,total,5-9,60
Loyang West,total,5-9,-
Pasir Ris Central,total,5-9,1730
Pasir Ris Drive,total,5-9,1990
Pasir Ris Park,total,5-9,580
Pasir Ris Wafer Fab Park,total,5-9,-
Pasir Ris West,total,5-9,1500
Paya Lebar - Total,total,5-9,-
Airport Road,total,5-9,-
Paya Lebar East,total,5-9,-
Paya Lebar North,total,5-9,-
Paya Lebar West,total,5-9,-
Plab,total,5-9,-
Pioneer - Total,total,5-9,-
Benoi Sector,total,5-9,-
Gul Basin,total,5-9,-
Gul Circle,total,5-9,-
Joo Koon,total,5-9,-
Pioneer Sector,total,5-9,-
Punggol - Total,total,5-9,15330
Coney Island,total,5-9,-
Matilda,total,5-9,4850
Northshore,total,5-9,20
Punggol Canal,total,5-9,-
Punggol Field,total,5-9,3360
Punggol Town Centre,total,5-9,2180
Waterway East,total,5-9,4930
Queenstown - Total,total,5-9,4280
Commonwealth,total,5-9,200
Dover,total,5-9,540
Ghim Moh,total,5-9,660
Holland Drive,total,5-9,350
Kent Ridge,total,5-9,-
Margaret Drive,total,5-9,1200
Mei Chin,total,5-9,540
National University Of S'pore,total,5-9,10
One North,total,5-9,60
Pasir Panjang 1,total,5-9,190
Pasir Panjang 2,total,5-9,130
Port,total,5-9,-
Queensway,total,5-9,-
Singapore Polytechnic,total,5-9,-
Tanglin Halt,total,5-9,390
River Valley - Total,total,5-9,610
Institution Hill,total,5-9,270
Leonie Hill,total,5-9,160
One Tree Hill,total,5-9,80
Oxley,total,5-9,70
Paterson,total,5-9,20
Rochor - Total,total,5-9,430
Bencoolen,total,5-9,40
Farrer Park,total,5-9,90
Kampong Glam,total,5-9,-
Little India,total,5-9,70
Mackenzie,total,5-9,10
Mount Emily,total,5-9,90
Rochor Canal,total,5-9,-
Selegie,total,5-9,10
Sungei Road,total,5-9,90
Victoria,total,5-9,30
Seletar - Total,total,5-9,10
Pulau Punggol Barat,total,5-9,-
Pulau Punggol Timor,total,5-9,-
Seletar,total,5-9,10
Seletar Aerospace Park,total,5-9,-
Sembawang - Total,total,5-9,5820
Admiralty,total,5-9,860
Sembawang Central,total,5-9,1940
Sembawang East,total,5-9,850
Sembawang North,total,5-9,1520
Sembawang Springs,total,5-9,550
Sembawang Straits,total,5-9,100
Senoko North,total,5-9,-
Senoko South,total,5-9,-
The Wharves,total,5-9,-
Sengkang - Total,total,5-9,17600
Anchorvale,total,5-9,3850
Compassvale,total,5-9,1830
Fernvale,total,5-9,5270
Lorong Halus North,total,5-9,-
Rivervale,total,5-9,3060
Sengkang Town Centre,total,5-9,3590
Sengkang West,total,5-9,-
Serangoon - Total,total,5-9,4380
Lorong Chuan,total,5-9,390
Seletar Hills,total,5-9,640
Serangoon Central,total,5-9,780
Serangoon Garden,total,5-9,1170
Serangoon North,total,5-9,610
Serangoon North Ind Estate,total,5-9,-
Upper Paya Lebar,total,5-9,780
Simpang - Total,total,5-9,-
Pulau Seletar,total,5-9,-
Simpang North,total,5-9,-
Simpang South,total,5-9,-
Tanjong Irau,total,5-9,-
Singapore River - Total,total,5-9,260
Boat Quay,total,5-9,-
Clarke Quay,total,5-9,10
Robertson Quay,total,5-9,240
Southern Islands - Total,total,5-9,140
Sentosa,total,5-9,140
Southern Group,total,5-9,-
Straits View - Total,total,5-9,-
Straits View,total,5-9,-
Sungei Kadut - Total,total,5-9,40
Gali Batu,total,5-9,-
Kranji,total,5-9,-
Pang Sua,total,5-9,-
Reservoir View,total,5-9,-
Turf Club,total,5-9,30
Tampines - Total,total,5-9,11480
Simei,total,5-9,1710
Tampines East,total,5-9,5400
Tampines North,total,5-9,530
Tampines West,total,5-9,3780
Xilin,total,5-9,70
Tanglin - Total,total,5-9,1590
Chatsworth,total,5-9,440
Nassim,total,5-9,810
Ridout,total,5-9,100
Tyersall,total,5-9,240
Tengah - Total,total,5-9,-
Brickland,total,5-9,-
Forest Hill,total,5-9,-
Garden,total,5-9,-
Park,total,5-9,-
Plantation,total,5-9,-
Tengah Industrial Estate,total,5-9,-
Toa Payoh - Total,total,5-9,5060
Bidadari,total,5-9,-
Boon Teck,total,5-9,570
Braddell,total,5-9,430
Joo Seng,total,5-9,370
Kim Keat,total,5-9,240
Lorong 8 Toa Payoh,total,5-9,200
Pei Chun,total,5-9,370
Potong Pasir,total,5-9,450
Sennett,total,5-9,380
Toa Payoh Central,total,5-9,1430
Toa Payoh West,total,5-9,500
Woodleigh,total,5-9,130
Tuas - Total,total,5-9,-
Tengeh,total,5-9,-
Tuas Bay,total,5-9,-
Tuas North,total,5-9,-
Tuas Promenade,total,5-9,-
Tuas View,total,5-9,-
Tuas View Extension,total,5-9,-
Western Islands - Total,total,5-9,-
Jurong Island And Bukom,total,5-9,-
Semakau,total,5-9,-
Sudong,total,5-9,-
Western Water Catchment - Total,total,5-9,50
Bahar,total,5-9,-
Cleantech,total,5-9,-
Murai,total,5-9,50
Woodlands - Total,total,5-9,12540
Greenwood Park,total,5-9,-
Midview,total,5-9,1640
North Coast,total,5-9,350
Senoko West,total,5-9,-
Woodgrove,total,5-9,1330
Woodlands East,total,5-9,5280
Woodlands Regional Centre,total,5-9,-
Woodlands South,total,5-9,2620
Woodlands West,total,5-9,1320
Yishun - Total,total,5-9,11480
Khatib,total,5-9,320
Lower Seletar,total,5-9,1690
Nee Soon,total,5-9,50
Northland,total,5-9,1030
Springleaf,total,5-9,170
Yishun Central,total,5-9,120
Yishun East,total,5-9,4410
Yishun South,total,5-9,1690
Yishun West,total,5-9,1990
Total,total,10-14,206390
Ang Mo Kio - Total,total,10-14,7030
Ang Mo Kio Town Centre,total,10-14,280
Cheng San,total,10-14,1040
Chong Boon,total,10-14,1010
Kebun Bahru,total,10-14,950
Sembawang Hills,total,10-14,400
Shangri-La,total,10-14,640
Tagore,total,10-14,400
Townsville,total,10-14,930
Yio Chu Kang,total,10-14,-
Yio Chu Kang East,total,10-14,200
Yio Chu Kang North,total,10-14,-
Yio Chu Kang West,total,10-14,1190
Bedok - Total,total,10-14,12810
Bayshore,total,10-14,480
Bedok North,total,10-14,3440
Bedok Reservoir,total,10-14,1400
Bedok South,total,10-14,2120
Frankel,total,10-14,2060
Kaki Bukit,total,10-14,1580
Kembangan,total,10-14,1480
Siglap,total,10-14,260
Bishan - Total,total,10-14,4300
Bishan East,total,10-14,1300
Marymount,total,10-14,1540
Upper Thomson,total,10-14,1450
Boon Lay - Total,total,10-14,-
Liu Fang,total,10-14,-
Samulun,total,10-14,-
Shipyard,total,10-14,-
Tukang,total,10-14,-
Bukit Batok - Total,total,10-14,7690
Brickworks,total,10-14,850
Bukit Batok Central,total,10-14,1340
Bukit Batok East,total,10-14,540
Bukit Batok South,total,10-14,760
Bukit Batok West,total,10-14,710
Gombak,total,10-14,590
Guilin,total,10-14,650
Hillview,total,10-14,1040
Hong Kah North,total,10-14,1210
Bukit Merah - Total,total,10-14,6670
Alexandra Hill,total,10-14,570
Alexandra North,total,10-14,160
Bukit Ho Swee,total,10-14,560
Bukit Merah,total,10-14,60
City Terminals,total,10-14,-
Depot Road,total,10-14,380
Everton Park,total,10-14,310
Henderson Hill,total,10-14,490
Kampong Tiong Bahru,total,10-14,340
Maritime Square,total,10-14,190
Redhill,total,10-14,660
Singapore General Hospital,total,10-14,-
Telok Blangah Drive,total,10-14,740
Telok Blangah Rise,total,10-14,430
Telok Blangah Way,total,10-14,380
Tiong Bahru,total,10-14,560
Tiong Bahru Station,total,10-14,830
Bukit Panjang - Total,total,10-14,7310
Bangkit,total,10-14,930
Dairy Farm,total,10-14,440
Fajar,total,10-14,1580
Jelebu,total,10-14,1410
Nature Reserve,total,10-14,240
Saujana,total,10-14,1460
Senja,total,10-14,1260
Bukit Timah - Total,total,10-14,4950
Anak Bukit,total,10-14,1190
Coronation Road,total,10-14,490
Farrer Court,total,10-14,440
Hillcrest,total,10-14,610
Holland Road,total,10-14,800
Leedon Park,total,10-14,400
Swiss Club,total,10-14,340
Ulu Pandan,total,10-14,680
Central Water Catchment - Total,total,10-14,-
Central Water Catchment,total,10-14,-
Changi- Total,total,10-14,150
Changi Airport,total,10-14,-
Changi Point,total,10-14,20
Changi West,total,10-14,130
Changi Bay - Total,total,10-14,-
Changi Bay,total,10-14,-
Choa Chu Kang - Total,total,10-14,10210
Choa Chu Kang Central,total,10-14,1330
Choa Chu Kang North,total,10-14,1640
Keat Hong,total,10-14,2060
Peng Siang,total,10-14,1760
Teck Whye,total,10-14,1010
Yew Tee,total,10-14,2400
Clementi - Total,total,10-14,4650
Clementi Central,total,10-14,700
Clementi North,total,10-14,1160
Clementi West,total,10-14,740
Clementi Woods,total,10-14,800
Faber,total,10-14,440
Pandan,total,10-14,-
Sunset Way,total,10-14,270
Toh Tuck,total,10-14,-
West Coast,total,10-14,550
Downtown Core - Total,total,10-14,60
Anson,total,10-14,-
Bayfront Subzone,total,10-14,-
Bugis,total,10-14,10
Cecil,total,10-14,10
Central Subzone,total,10-14,30
City Hall,total,10-14,-
Clifford Pier,total,10-14,-
Marina Centre,total,10-14,-
Maxwell,total,10-14,-
Nicoll,total,10-14,10
Phillip,total,10-14,-
Raffles Place,total,10-14,-
Tanjong Pagar,total,10-14,10
Geylang - Total,total,10-14,4800
Aljunied,total,10-14,1730
Geylang East,total,10-14,1440
Kallang Way,total,10-14,-
Kampong Ubi,total,10-14,520
Macpherson,total,10-14,1110
Hougang - Total,total,10-14,10320
Defu Industrial Park,total,10-14,-
Hougang Central,total,10-14,210
Hougang East,total,10-14,1040
Hougang West,total,10-14,1730
Kangkar,total,10-14,1570
Kovan,total,10-14,1270
Lorong Ah Soo,total,10-14,1390
Lorong Halus,total,10-14,-
Tai Seng,total,10-14,690
Trafalgar,total,10-14,2420
Jurong East - Total,total,10-14,3530
International Business Park,total,10-14,-
Jurong Gateway,total,10-14,20
Jurong Port,total,10-14,-
Jurong River,total,10-14,-
Lakeside (Business),total,10-14,-
Lakeside (Leisure),total,10-14,20
Penjuru Crescent,total,10-14,-
Teban Gardens,total,10-14,890
Toh Guan,total,10-14,670
Yuhua East,total,10-14,1040
Yuhua West,total,10-14,900
Jurong West - Total,total,10-14,14990
Boon Lay Place,total,10-14,1600
Chin Bee,total,10-14,-
Hong Kah,total,10-14,2590
Jurong West Central,total,10-14,4190
Kian Teck,total,10-14,-
Safti,total,10-14,-
Taman Jurong,total,10-14,2260
Wenya,total,10-14,670
Yunnan,total,10-14,3680
Kallang - Total,total,10-14,4100
Bendemeer,total,10-14,1460
Boon Keng,total,10-14,410
Crawford,total,10-14,240
Geylang Bahru,total,10-14,440
Kallang Bahru,total,10-14,-
Kampong Bugis,total,10-14,20
Kampong Java,total,10-14,460
Lavender,total,10-14,430
Tanjong Rhu,total,10-14,630
Lim Chu Kang - Total,total,10-14,10
Lim Chu Kang,total,10-14,10
Mandai - Total,total,10-14,120
Mandai East,total,10-14,-
Mandai Estate,total,10-14,120
Mandai West,total,10-14,-
Marina East - Total,total,10-14,-
Marina East,total,10-14,-
Marina South - Total,total,10-14,-
Marina South,total,10-14,-
Marine Parade - Total,total,10-14,2420
East Coast,total,10-14,-
Katong,total,10-14,490
Marina East (Mp),total,10-14,-
Marine Parade,total,10-14,1390
Mountbatten,total,10-14,540
Museum - Total,total,10-14,10
Bras Basah,total,10-14,-
Dhoby Ghaut,total,10-14,-
Fort Canning,total,10-14,10
Newton - Total,total,10-14,520
Cairnhill,total,10-14,240
Goodwood Park,total,10-14,90
Istana Negara,total,10-14,-
Monk's Hill,total,10-14,60
Newton Circus,total,10-14,20
Orange Grove,total,10-14,110
North-Eastern Islands - Total,total,10-14,-
North-Eastern Islands,total,10-14,-
Novena - Total,total,10-14,2620
Balestier,total,10-14,1460
Dunearn,total,10-14,280
Malcolm,total,10-14,210
Moulmein,total,10-14,630
Mount Pleasant,total,10-14,40
Orchard - Total,total,10-14,60
Boulevard,total,10-14,20
Somerset,total,10-14,-
Tanglin,total,10-14,30
Outram - Total,total,10-14,750
China Square,total,10-14,30
Chinatown,total,10-14,520
Pearl's Hill,total,10-14,190
People's Park,total,10-14,-
Pasir Ris - Total,total,10-14,7700
Flora Drive,total,10-14,850
Loyang East,total,10-14,100
Loyang West,total,10-14,-
Pasir Ris Central,total,10-14,1670
Pasir Ris Drive,total,10-14,2570
Pasir Ris Park,total,10-14,540
Pasir Ris Wafer Fab Park,total,10-14,-
Pasir Ris West,total,10-14,1960
Paya Lebar - Total,total,10-14,-
Airport Road,total,10-14,-
Paya Lebar East,total,10-14,-
Paya Lebar North,total,10-14,-
Paya Lebar West,total,10-14,-
Plab,total,10-14,-
Pioneer - Total,total,10-14,-
Benoi Sector,total,10-14,-
Gul Basin,total,10-14,-
Gul Circle,total,10-14,-
Joo Koon,total,10-14,-
Pioneer Sector,total,10-14,-
Punggol - Total,total,10-14,11410
Coney Island,total,10-14,-
Matilda,total,10-14,3150
Northshore,total,10-14,20
Punggol Canal,total,10-14,-
Punggol Field,total,10-14,3940
Punggol Town Centre,total,10-14,1140
Waterway East,total,10-14,3160
Queenstown - Total,total,10-14,4190
Commonwealth,total,10-14,260
Dover,total,10-14,650
Ghim Moh,total,10-14,560
Holland Drive,total,10-14,360
Kent Ridge,total,10-14,-
Margaret Drive,total,10-14,800
Mei Chin,total,10-14,700
National University Of S'pore,total,10-14,10
One North,total,10-14,50
Pasir Panjang 1,total,10-14,240
Pasir Panjang 2,total,10-14,140
Port,total,10-14,10
Queensway,total,10-14,10
Singapore Polytechnic,total,10-14,-
Tanglin Halt,total,10-14,400
River Valley - Total,total,10-14,560
Institution Hill,total,10-14,190
Leonie Hill,total,10-14,180
One Tree Hill,total,10-14,110
Oxley,total,10-14,70
Paterson,total,10-14,10
Rochor - Total,total,10-14,480
Bencoolen,total,10-14,40
Farrer Park,total,10-14,120
Kampong Glam,total,10-14,-
Little India,total,10-14,120
Mackenzie,total,10-14,-
Mount Emily,total,10-14,70
Rochor Canal,total,10-14,-
Selegie,total,10-14,10
Sungei Road,total,10-14,70
Victoria,total,10-14,40
Seletar - Total,total,10-14,20
Pulau Punggol Barat,total,10-14,-
Pulau Punggol Timor,total,10-14,-
Seletar,total,10-14,20
Seletar Aerospace Park,total,10-14,-
Sembawang - Total,total,10-14,6400
Admiralty,total,10-14,960
Sembawang Central,total,10-14,2120
Sembawang East,total,10-14,800
Sembawang North,total,10-14,1770
Sembawang Springs,total,10-14,640
Sembawang Straits,total,10-14,120
Senoko North,total,10-14,-
Senoko South,total,10-14,-
The Wharves,total,10-14,-
Sengkang - Total,total,10-14,15930
Anchorvale,total,10-14,3290
Compassvale,total,10-14,1450
Fernvale,total,10-14,3970
Lorong Halus North,total,10-14,-
Rivervale,total,10-14,3670
Sengkang Town Centre,total,10-14,3550
Sengkang West,total,10-14,-
Serangoon - Total,total,10-14,5190
Lorong Chuan,total,10-14,480
Seletar Hills,total,10-14,760
Serangoon Central,total,10-14,880
Serangoon Garden,total,10-14,1530
Serangoon North,total,10-14,800
Serangoon North Ind Estate,total,10-14,-
Upper Paya Lebar,total,10-14,740
Simpang - Total,total,10-14,-
Pulau Seletar,total,10-14,-
Simpang North,total,10-14,-
Simpang South,total,10-14,-
Tanjong Irau,total,10-14,-
Singapore River - Total,total,10-14,190
Boat Quay,total,10-14,-
Clarke Quay,total,10-14,10
Robertson Quay,total,10-14,180
Southern Islands - Total,total,10-14,110
Sentosa,total,10-14,110
Southern Group,total,10-14,-
Straits View - Total,total,10-14,-
Straits View,total,10-14,-
Sungei Kadut - Total,total,10-14,40
Gali Batu,total,10-14,-
Kranji,total,10-14,-
Pang Sua,total,10-14,-
Reservoir View,total,10-14,-
Turf Club,total,10-14,30
Tampines - Total,total,10-14,11990
Simei,total,10-14,1960
Tampines East,total,10-14,5910
Tampines North,total,10-14,260
Tampines West,total,10-14,3800
Xilin,total,10-14,70
Tanglin - Total,total,10-14,1370
Chatsworth,total,10-14,410
Nassim,total,10-14,630
Ridout,total,10-14,80
Tyersall,total,10-14,250
Tengah - Total,total,10-14,-
Brickland,total,10-14,-
Forest Hill,total,10-14,-
Garden,total,10-14,-
Park,total,10-14,-
Plantation,total,10-14,-
Tengah Industrial Estate,total,10-14,-
Toa Payoh - Total,total,10-14,5300
Bidadari,total,10-14,-
Boon Teck,total,10-14,570
Braddell,total,10-14,470
Joo Seng,total,10-14,410
Kim Keat,total,10-14,300
Lorong 8 Toa Payoh,total,10-14,240
Pei Chun,total,10-14,450
Potong Pasir,total,10-14,460
Sennett,total,10-14,350
Toa Payoh Central,total,10-14,1390
Toa Payoh West,total,10-14,510
Woodleigh,total,10-14,160
Tuas - Total,total,10-14,-
Tengeh,total,10-14,-
Tuas Bay,total,10-14,-
Tuas North,total,10-14,-
Tuas Promenade,total,10-14,-
Tuas View,total,10-14,-
Tuas View Extension,total,10-14,-
Western Islands - Total,total,10-14,-
Jurong Island And Bukom,total,10-14,-
Semakau,total,10-14,-
Sudong,total,10-14,-
Western Water Catchment - Total,total,10-14,20
Bahar,total,10-14,-
Cleantech,total,10-14,-
Murai,total,10-14,20
Woodlands - Total,total,10-14,14460
Greenwood Park,total,10-14,-
Midview,total,10-14,1870
North Coast,total,10-14,470
Senoko West,total,10-14,-
Woodgrove,total,10-14,1740
Woodlands East,total,10-14,6010
Woodlands Regional Centre,total,10-14,-
Woodlands South,total,10-14,2850
Woodlands West,total,10-14,1510
Yishun - Total,total,10-14,10950
Khatib,total,10-14,380
Lower Seletar,total,10-14,1160
Nee Soon,total,10-14,50
Northland,total,10-14,1350
Springleaf,total,10-14,250
Yishun Central,total,10-14,150
Yishun East,total,10-14,3270
Yishun South,total,10-14,1920
Yishun West,total,10-14,2440
Total,total,15-19,215230
Ang Mo Kio - Total,total,15-19,7600
Ang Mo Kio Town Centre,total,15-19,320
Cheng San,total,15-19,1160
Chong Boon,total,15-19,1060
Kebun Bahru,total,15-19,1010
Sembawang Hills,total,15-19,460
Shangri-La,total,15-19,710
Tagore,total,15-19,450
Townsville,total,15-19,820
Yio Chu Kang,total,15-19,-
Yio Chu Kang East,total,15-19,260
Yio Chu Kang North,total,15-19,-
Yio Chu Kang West,total,15-19,1350
Bedok - Total,total,15-19,14080
Bayshore,total,15-19,450
Bedok North,total,15-19,4000
Bedok Reservoir,total,15-19,1510
Bedok South,total,15-19,2300
Frankel,total,15-19,1810
Kaki Bukit,total,15-19,1930
Kembangan,total,15-19,1780
Siglap,total,15-19,310
Bishan - Total,total,15-19,4630
Bishan East,total,15-19,1380
Marymount,total,15-19,1680
Upper Thomson,total,15-19,1560
Boon Lay - Total,total,15-19,-
Liu Fang,total,15-19,-
Samulun,total,15-19,-
Shipyard,total,15-19,-
Tukang,total,15-19,-
Bukit Batok - Total,total,15-19,8570
Brickworks,total,15-19,730
Bukit Batok Central,total,15-19,1490
Bukit Batok East,total,15-19,600
Bukit Batok South,total,15-19,840
Bukit Batok West,total,15-19,790
Gombak,total,15-19,590
Guilin,total,15-19,750
Hillview,total,15-19,1350
Hong Kah North,total,15-19,1440
Bukit Merah - Total,total,15-19,6130
Alexandra Hill,total,15-19,630
Alexandra North,total,15-19,110
Bukit Ho Swee,total,15-19,500
Bukit Merah,total,15-19,60
City Terminals,total,15-19,-
Depot Road,total,15-19,280
Everton Park,total,15-19,310
Henderson Hill,total,15-19,530
Kampong Tiong Bahru,total,15-19,350
Maritime Square,total,15-19,170
Redhill,total,15-19,500
Singapore General Hospital,total,15-19,-
Telok Blangah Drive,total,15-19,710
Telok Blangah Rise,total,15-19,510
Telok Blangah Way,total,15-19,350
Tiong Bahru,total,15-19,430
Tiong Bahru Station,total,15-19,700
Bukit Panjang - Total,total,15-19,8150
Bangkit,total,15-19,1190
Dairy Farm,total,15-19,510
Fajar,total,15-19,1590
Jelebu,total,15-19,1840
Nature Reserve,total,15-19,250
Saujana,total,15-19,1510
Senja,total,15-19,1260
Bukit Timah - Total,total,15-19,4850
Anak Bukit,total,15-19,1310
Coronation Road,total,15-19,440
Farrer Court,total,15-19,370
Hillcrest,total,15-19,600
Holland Road,total,15-19,770
Leedon Park,total,15-19,370
Swiss Club,total,15-19,330
Ulu Pandan,total,15-19,650
Central Water Catchment - Total,total,15-19,-
Central Water Catchment,total,15-19,-
Changi- Total,total,15-19,110
Changi Airport,total,15-19,-
Changi Point,total,15-19,20
Changi West,total,15-19,80
Changi Bay - Total,total,15-19,-
Changi Bay,total,15-19,-
Choa Chu Kang - Total,total,15-19,12090
Choa Chu Kang Central,total,15-19,1430
Choa Chu Kang North,total,15-19,2400
Keat Hong,total,15-19,2060
Peng Siang,total,15-19,2040
Teck Whye,total,15-19,1350
Yew Tee,total,15-19,2810
Clementi - Total,total,15-19,4470
Clementi Central,total,15-19,660
Clementi North,total,15-19,1130
Clementi West,total,15-19,760
Clementi Woods,total,15-19,810
Faber,total,15-19,320
Pandan,total,15-19,-
Sunset Way,total,15-19,310
Toh Tuck,total,15-19,-
West Coast,total,15-19,470
Downtown Core - Total,total,15-19,100
Anson,total,15-19,-
Bayfront Subzone,total,15-19,-
Bugis,total,15-19,30
Cecil,total,15-19,-
Central Subzone,total,15-19,40
City Hall,total,15-19,-
Clifford Pier,total,15-19,-
Marina Centre,total,15-19,-
Maxwell,total,15-19,-
Nicoll,total,15-19,10
Phillip,total,15-19,-
Raffles Place,total,15-19,-
Tanjong Pagar,total,15-19,10
Geylang - Total,total,15-19,4840
Aljunied,total,15-19,1670
Geylang East,total,15-19,1340
Kallang Way,total,15-19,-
Kampong Ubi,total,15-19,560
Macpherson,total,15-19,1270
Hougang - Total,total,15-19,11520
Defu Industrial Park,total,15-19,-
Hougang Central,total,15-19,280
Hougang East,total,15-19,1090
Hougang West,total,15-19,2000
Kangkar,total,15-19,1600
Kovan,total,15-19,1420
Lorong Ah Soo,total,15-19,1690
Lorong Halus,total,15-19,-
Tai Seng,total,15-19,750
Trafalgar,total,15-19,2700
Jurong East - Total,total,15-19,4160
International Business Park,total,15-19,-
Jurong Gateway,total,15-19,30
Jurong Port,total,15-19,-
Jurong River,total,15-19,-
Lakeside (Business),total,15-19,-
Lakeside (Leisure),total,15-19,30
Penjuru Crescent,total,15-19,-
Teban Gardens,total,15-19,930
Toh Guan,total,15-19,860
Yuhua East,total,15-19,1240
Yuhua West,total,15-19,1070
Jurong West - Total,total,15-19,16110
Boon Lay Place,total,15-19,1670
Chin Bee,total,15-19,-
Hong Kah,total,15-19,3060
Jurong West Central,total,15-19,4040
Kian Teck,total,15-19,-
Safti,total,15-19,-
Taman Jurong,total,15-19,2430
Wenya,total,15-19,540
Yunnan,total,15-19,4370
Kallang - Total,total,15-19,4280
Bendemeer,total,15-19,1370
Boon Keng,total,15-19,500
Crawford,total,15-19,260
Geylang Bahru,total,15-19,530
Kallang Bahru,total,15-19,-
Kampong Bugis,total,15-19,40
Kampong Java,total,15-19,450
Lavender,total,15-19,430
Tanjong Rhu,total,15-19,700
Lim Chu Kang - Total,total,15-19,10
Lim Chu Kang,total,15-19,10
Mandai - Total,total,15-19,130
Mandai East,total,15-19,-
Mandai Estate,total,15-19,130
Mandai West,total,15-19,-
Marina East - Total,total,15-19,-
Marina East,total,15-19,-
Marina South - Total,total,15-19,-
Marina South,total,15-19,-
Marine Parade - Total,total,15-19,2360
East Coast,total,15-19,-
Katong,total,15-19,500
Marina East (Mp),total,15-19,-
Marine Parade,total,15-19,1300
Mountbatten,total,15-19,560
Museum - Total,total,15-19,20
Bras Basah,total,15-19,-
Dhoby Ghaut,total,15-19,10
Fort Canning,total,15-19,10
Newton - Total,total,15-19,380
Cairnhill,total,15-19,170
Goodwood Park,total,15-19,60
Istana Negara,total,15-19,-
Monk's Hill,total,15-19,50
Newton Circus,total,15-19,10
Orange Grove,total,15-19,80
North-Eastern Islands - Total,total,15-19,-
North-Eastern Islands,total,15-19,-
Novena - Total,total,15-19,2270
Balestier,total,15-19,1390
Dunearn,total,15-19,260
Malcolm,total,15-19,180
Moulmein,total,15-19,400
Mount Pleasant,total,15-19,40
Orchard - Total,total,15-19,40
Boulevard,total,15-19,10
Somerset,total,15-19,-
Tanglin,total,15-19,20
Outram - Total,total,15-19,530
China Square,total,15-19,30
Chinatown,total,15-19,310
Pearl's Hill,total,15-19,180
People's Park,total,15-19,10
Pasir Ris - Total,total,15-19,9360
Flora Drive,total,15-19,940
Loyang East,total,15-19,150
Loyang West,total,15-19,-
Pasir Ris Central,total,15-19,1860
Pasir Ris Drive,total,15-19,3380
Pasir Ris Park,total,15-19,500
Pasir Ris Wafer Fab Park,total,15-19,-
Pasir Ris West,total,15-19,2530
Paya Lebar - Total,total,15-19,-
Airport Road,total,15-19,-
Paya Lebar East,total,15-19,-
Paya Lebar North,total,15-19,-
Paya Lebar West,total,15-19,-
Plab,total,15-19,-
Pioneer - Total,total,15-19,-
Benoi Sector,total,15-19,-
Gul Basin,total,15-19,-
Gul Circle,total,15-19,-
Joo Koon,total,15-19,-
Pioneer Sector,total,15-19,-
Punggol - Total,total,15-19,8570
Coney Island,total,15-19,-
Matilda,total,15-19,2210
Northshore,total,15-19,30
Punggol Canal,total,15-19,-
Punggol Field,total,15-19,3390
Punggol Town Centre,total,15-19,810
Waterway East,total,15-19,2140
Queenstown - Total,total,15-19,4120
Commonwealth,total,15-19,280
Dover,total,15-19,630
Ghim Moh,total,15-19,500
Holland Drive,total,15-19,470
Kent Ridge,total,15-19,-
Margaret Drive,total,15-19,570
Mei Chin,total,15-19,800
National University Of S'pore,total,15-19,10
One North,total,15-19,30
Pasir Panjang 1,total,15-19,260
Pasir Panjang 2,total,15-19,160
Port,total,15-19,-
Queensway,total,15-19,10
Singapore Polytechnic,total,15-19,-
Tanglin Halt,total,15-19,400
River Valley - Total,total,15-19,530
Institution Hill,total,15-19,140
Leonie Hill,total,15-19,180
One Tree Hill,total,15-19,120
Oxley,total,15-19,70
Paterson,total,15-19,10
Rochor - Total,total,15-19,520
Bencoolen,total,15-19,40
Farrer Park,total,15-19,120
Kampong Glam,total,15-19,-
Little India,total,15-19,140
Mackenzie,total,15-19,10
Mount Emily,total,15-19,60
Rochor Canal,total,15-19,-
Selegie,total,15-19,10
Sungei Road,total,15-19,100
Victoria,total,15-19,40
Seletar - Total,total,15-19,20
Pulau Punggol Barat,total,15-19,-
Pulau Punggol Timor,total,15-19,-
Seletar,total,15-19,20
Seletar Aerospace Park,total,15-19,-
Sembawang - Total,total,15-19,6400
Admiralty,total,15-19,880
Sembawang Central,total,15-19,2210
Sembawang East,total,15-19,780
Sembawang North,total,15-19,1810
Sembawang Springs,total,15-19,580
Sembawang Straits,total,15-19,140
Senoko North,total,15-19,-
Senoko South,total,15-19,-
The Wharves,total,15-19,-
Sengkang - Total,total,15-19,13630
Anchorvale,total,15-19,2620
Compassvale,total,15-19,900
Fernvale,total,15-19,2780
Lorong Halus North,total,15-19,-
Rivervale,total,15-19,3840
Sengkang Town Centre,total,15-19,3490
Sengkang West,total,15-19,-
Serangoon - Total,total,15-19,6160
Lorong Chuan,total,15-19,570
Seletar Hills,total,15-19,880
Serangoon Central,total,15-19,1190
Serangoon Garden,total,15-19,1800
Serangoon North,total,15-19,950
Serangoon North Ind Estate,total,15-19,-
Upper Paya Lebar,total,15-19,780
Simpang - Total,total,15-19,-
Pulau Seletar,total,15-19,-
Simpang North,total,15-19,-
Simpang South,total,15-19,-
Tanjong Irau,total,15-19,-
Singapore River - Total,total,15-19,120
Boat Quay,total,15-19,-
Clarke Quay,total,15-19,-
Robertson Quay,total,15-19,120
Southern Islands - Total,total,15-19,100
Sentosa,total,15-19,100
Southern Group,total,15-19,-
Straits View - Total,total,15-19,-
Straits View,total,15-19,-
Sungei Kadut - Total,total,15-19,30
Gali Batu,total,15-19,-
Kranji,total,15-19,-
Pang Sua,total,15-19,-
Reservoir View,total,15-19,-
Turf Club,total,15-19,30
Tampines - Total,total,15-19,13290
Simei,total,15-19,2120
Tampines East,total,15-19,6680
Tampines North,total,15-19,240
Tampines West,total,15-19,4150
Xilin,total,15-19,100
Tanglin - Total,total,15-19,1100
Chatsworth,total,15-19,310
Nassim,total,15-19,540
Ridout,total,15-19,70
Tyersall,total,15-19,190
Tengah - Total,total,15-19,-
Brickland,total,15-19,-
Forest Hill,total,15-19,-
Garden,total,15-19,-
Park,total,15-19,-
Plantation,total,15-19,-
Tengah Industrial Estate,total,15-19,-
Toa Payoh - Total,total,15-19,5480
Bidadari,total,15-19,-
Boon Teck,total,15-19,660
Braddell,total,15-19,460
Joo Seng,total,15-19,340
Kim Keat,total,15-19,310
Lorong 8 Toa Payoh,total,15-19,310
Pei Chun,total,15-19,530
Potong Pasir,total,15-19,520
Sennett,total,15-19,350
Toa Payoh Central,total,15-19,1300
Toa Payoh West,total,15-19,530
Woodleigh,total,15-19,160
Tuas - Total,total,15-19,-
Tengeh,total,15-19,-
Tuas Bay,total,15-19,-
Tuas North,total,15-19,-
Tuas Promenade,total,15-19,-
Tuas View,total,15-19,-
Tuas View Extension,total,15-19,-
Western Islands - Total,total,15-19,-
Jurong Island And Bukom,total,15-19,-
Semakau,total,15-19,-
Sudong,total,15-19,-
Western Water Catchment - Total,total,15-19,20
Bahar,total,15-19,-
Cleantech,total,15-19,-
Murai,total,15-19,20
Woodlands - Total,total,15-19,17110
Greenwood Park,total,15-19,-
Midview,total,15-19,2480
North Coast,total,15-19,650
Senoko West,total,15-19,-
Woodgrove,total,15-19,2280
Woodlands East,total,15-19,6880
Woodlands Regional Centre,total,15-19,-
Woodlands South,total,15-19,2990
Woodlands West,total,15-19,1830
Yishun - Total,total,15-19,11250
Khatib,total,15-19,460
Lower Seletar,total,15-19,940
Nee Soon,total,15-19,60
Northland,total,15-19,1510
Springleaf,total,15-19,300
Yishun Central,total,15-19,130
Yishun East,total,15-19,2970
Yishun South,total,15-19,2090
Yishun West,total,15-19,2790
Total,total,20-24,244540
Ang Mo Kio - Total,total,20-24,8680
Ang Mo Kio Town Centre,total,20-24,270
Cheng San,total,20-24,1330
Chong Boon,total,20-24,1310
Kebun Bahru,total,20-24,1170
Sembawang Hills,total,20-24,500
Shangri-La,total,20-24,860
Tagore,total,20-24,580
Townsville,total,20-24,890
Yio Chu Kang,total,20-24,-
Yio Chu Kang East,total,20-24,310
Yio Chu Kang North,total,20-24,-
Yio Chu Kang West,total,20-24,1460
Bedok - Total,total,20-24,16050
Bayshore,total,20-24,360
Bedok North,total,20-24,4760
Bedok Reservoir,total,20-24,1490
Bedok South,total,20-24,2740
Frankel,total,20-24,1820
Kaki Bukit,total,20-24,2510
Kembangan,total,20-24,2020
Siglap,total,20-24,360
Bishan - Total,total,20-24,5240
Bishan East,total,20-24,1470
Marymount,total,20-24,2030
Upper Thomson,total,20-24,1740
Boon Lay - Total,total,20-24,-
Liu Fang,total,20-24,-
Samulun,total,20-24,-
Shipyard,total,20-24,-
Tukang,total,20-24,-
Bukit Batok - Total,total,20-24,9800
Brickworks,total,20-24,660
Bukit Batok Central,total,20-24,1560
Bukit Batok East,total,20-24,810
Bukit Batok South,total,20-24,1110
Bukit Batok West,total,20-24,950
Gombak,total,20-24,620
Guilin,total,20-24,830
Hillview,total,20-24,1600
Hong Kah North,total,20-24,1680
Bukit Merah - Total,total,20-24,6640
Alexandra Hill,total,20-24,790
Alexandra North,total,20-24,100
Bukit Ho Swee,total,20-24,620
Bukit Merah,total,20-24,70
City Terminals,total,20-24,-
Depot Road,total,20-24,280
Everton Park,total,20-24,330
Henderson Hill,total,20-24,660
Kampong Tiong Bahru,total,20-24,430
Maritime Square,total,20-24,110
Redhill,total,20-24,470
Singapore General Hospital,total,20-24,-
Telok Blangah Drive,total,20-24,710
Telok Blangah Rise,total,20-24,580
Telok Blangah Way,total,20-24,380
Tiong Bahru,total,20-24,440
Tiong Bahru Station,total,20-24,670
Bukit Panjang - Total,total,20-24,9290
Bangkit,total,20-24,1520
Dairy Farm,total,20-24,450
Fajar,total,20-24,1720
Jelebu,total,20-24,2440
Nature Reserve,total,20-24,280
Saujana,total,20-24,1740
Senja,total,20-24,1150
Bukit Timah - Total,total,20-24,4630
Anak Bukit,total,20-24,1430
Coronation Road,total,20-24,380
Farrer Court,total,20-24,280
Hillcrest,total,20-24,560
Holland Road,total,20-24,670
Leedon Park,total,20-24,360
Swiss Club,total,20-24,300
Ulu Pandan,total,20-24,640
Central Water Catchment - Total,total,20-24,-
Central Water Catchment,total,20-24,-
Changi- Total,total,20-24,100
Changi Airport,total,20-24,-
Changi Point,total,20-24,40
Changi West,total,20-24,60
Changi Bay - Total,total,20-24,-
Changi Bay,total,20-24,-
Choa Chu Kang - Total,total,20-24,15450
Choa Chu Kang Central,total,20-24,1790
Choa Chu Kang North,total,20-24,3510
Keat Hong,total,20-24,2310
Peng Siang,total,20-24,2570
Teck Whye,total,20-24,1910
Yew Tee,total,20-24,3370
Clementi - Total,total,20-24,4650
Clementi Central,total,20-24,710
Clementi North,total,20-24,1290
Clementi West,total,20-24,840
Clementi Woods,total,20-24,830
Faber,total,20-24,280
Pandan,total,20-24,-
Sunset Way,total,20-24,320
Toh Tuck,total,20-24,-
West Coast,total,20-24,390
Downtown Core - Total,total,20-24,100
Anson,total,20-24,-
Bayfront Subzone,total,20-24,-
Bugis,total,20-24,40
Cecil,total,20-24,10
Central Subzone,total,20-24,20
City Hall,total,20-24,-
Clifford Pier,total,20-24,-
Marina Centre,total,20-24,-
Maxwell,total,20-24,-
Nicoll,total,20-24,10
Phillip,total,20-24,-
Raffles Place,total,20-24,-
Tanjong Pagar,total,20-24,20
Geylang - Total,total,20-24,5750
Aljunied,total,20-24,1920
Geylang East,total,20-24,1560
Kallang Way,total,20-24,-
Kampong Ubi,total,20-24,750
Macpherson,total,20-24,1530
Hougang - Total,total,20-24,14160
Defu Industrial Park,total,20-24,-
Hougang Central,total,20-24,340
Hougang East,total,20-24,1470
Hougang West,total,20-24,2910
Kangkar,total,20-24,1690
Kovan,total,20-24,1650
Lorong Ah Soo,total,20-24,1910
Lorong Halus,total,20-24,-
Tai Seng,total,20-24,970
Trafalgar,total,20-24,3220
Jurong East - Total,total,20-24,4760
International Business Park,total,20-24,-
Jurong Gateway,total,20-24,20
Jurong Port,total,20-24,-
Jurong River,total,20-24,-
Lakeside (Business),total,20-24,-
Lakeside (Leisure),total,20-24,30
Penjuru Crescent,total,20-24,-
Teban Gardens,total,20-24,1050
Toh Guan,total,20-24,1000
Yuhua East,total,20-24,1420
Yuhua West,total,20-24,1240
Jurong West - Total,total,20-24,17400
Boon Lay Place,total,20-24,1850
Chin Bee,total,20-24,-
Hong Kah,total,20-24,3320
Jurong West Central,total,20-24,3750
Kian Teck,total,20-24,-
Safti,total,20-24,-
Taman Jurong,total,20-24,2650
Wenya,total,20-24,380
Yunnan,total,20-24,5440
Kallang - Total,total,20-24,4560
Bendemeer,total,20-24,1490
Boon Keng,total,20-24,550
Crawford,total,20-24,330
Geylang Bahru,total,20-24,600
Kallang Bahru,total,20-24,-
Kampong Bugis,total,20-24,50
Kampong Java,total,20-24,520
Lavender,total,20-24,430
Tanjong Rhu,total,20-24,590
Lim Chu Kang - Total,total,20-24,10
Lim Chu Kang,total,20-24,10
Mandai - Total,total,20-24,170
Mandai East,total,20-24,-
Mandai Estate,total,20-24,170
Mandai West,total,20-24,-
Marina East - Total,total,20-24,-
Marina East,total,20-24,-
Marina South - Total,total,20-24,-
Marina South,total,20-24,-
Marine Parade - Total,total,20-24,2390
East Coast,total,20-24,-
Katong,total,20-24,500
Marina East (Mp),total,20-24,-
Marine Parade,total,20-24,1320
Mountbatten,total,20-24,570
Museum - Total,total,20-24,20
Bras Basah,total,20-24,-
Dhoby Ghaut,total,20-24,10
Fort Canning,total,20-24,10
Newton - Total,total,20-24,340
Cairnhill,total,20-24,170
Goodwood Park,total,20-24,40
Istana Negara,total,20-24,-
Monk's Hill,total,20-24,50
Newton Circus,total,20-24,10
Orange Grove,total,20-24,70
North-Eastern Islands - Total,total,20-24,-
North-Eastern Islands,total,20-24,-
Novena - Total,total,20-24,2400
Balestier,total,20-24,1620
Dunearn,total,20-24,260
Malcolm,total,20-24,140
Moulmein,total,20-24,340
Mount Pleasant,total,20-24,50
Orchard - Total,total,20-24,30
Boulevard,total,20-24,10
Somerset,total,20-24,10
Tanglin,total,20-24,10
Outram - Total,total,20-24,680
China Square,total,20-24,50
Chinatown,total,20-24,370
Pearl's Hill,total,20-24,250
People's Park,total,20-24,10
Pasir Ris - Total,total,20-24,12450
Flora Drive,total,20-24,1000
Loyang East,total,20-24,160
Loyang West,total,20-24,-
Pasir Ris Central,total,20-24,2450
Pasir Ris Drive,total,20-24,4960
Pasir Ris Park,total,20-24,460
Pasir Ris Wafer Fab Park,total,20-24,-
Pasir Ris West,total,20-24,3420
Paya Lebar - Total,total,20-24,-
Airport Road,total,20-24,-
Paya Lebar East,total,20-24,-
Paya Lebar North,total,20-24,-
Paya Lebar West,total,20-24,-
Plab,total,20-24,-
Pioneer - Total,total,20-24,-
Benoi Sector,total,20-24,-
Gul Basin,total,20-24,-
Gul Circle,total,20-24,-
Joo Koon,total,20-24,-
Pioneer Sector,total,20-24,-
Punggol - Total,total,20-24,6820
Coney Island,total,20-24,-
Matilda,total,20-24,1860
Northshore,total,20-24,40
Punggol Canal,total,20-24,-
Punggol Field,total,20-24,2650
Punggol Town Centre,total,20-24,640
Waterway East,total,20-24,1640
Queenstown - Total,total,20-24,4620
Commonwealth,total,20-24,300
Dover,total,20-24,650
Ghim Moh,total,20-24,590
Holland Drive,total,20-24,540
Kent Ridge,total,20-24,-
Margaret Drive,total,20-24,590
Mei Chin,total,20-24,920
National University Of S'pore,total,20-24,120
One North,total,20-24,20
Pasir Panjang 1,total,20-24,270
Pasir Panjang 2,total,20-24,200
Port,total,20-24,10
Queensway,total,20-24,20
Singapore Polytechnic,total,20-24,-
Tanglin Halt,total,20-24,390
River Valley - Total,total,20-24,410
Institution Hill,total,20-24,120
Leonie Hill,total,20-24,130
One Tree Hill,total,20-24,110
Oxley,total,20-24,50
Paterson,total,20-24,10
Rochor - Total,total,20-24,590
Bencoolen,total,20-24,60
Farrer Park,total,20-24,120
Kampong Glam,total,20-24,-
Little India,total,20-24,180
Mackenzie,total,20-24,-
Mount Emily,total,20-24,40
Rochor Canal,total,20-24,-
Selegie,total,20-24,10
Sungei Road,total,20-24,110
Victoria,total,20-24,70
Seletar - Total,total,20-24,30
Pulau Punggol Barat,total,20-24,-
Pulau Punggol Timor,total,20-24,-
Seletar,total,20-24,30
Seletar Aerospace Park,total,20-24,-
Sembawang - Total,total,20-24,6030
Admiralty,total,20-24,800
Sembawang Central,total,20-24,2250
Sembawang East,total,20-24,780
Sembawang North,total,20-24,1580
Sembawang Springs,total,20-24,460
Sembawang Straits,total,20-24,160
Senoko North,total,20-24,-
Senoko South,total,20-24,-
The Wharves,total,20-24,-
Sengkang - Total,total,20-24,13180
Anchorvale,total,20-24,2060
Compassvale,total,20-24,630
Fernvale,total,20-24,2390
Lorong Halus North,total,20-24,-
Rivervale,total,20-24,4170
Sengkang Town Centre,total,20-24,3940
Sengkang West,total,20-24,-
Serangoon - Total,total,20-24,7520
Lorong Chuan,total,20-24,610
Seletar Hills,total,20-24,1100
Serangoon Central,total,20-24,1400
Serangoon Garden,total,20-24,2240
Serangoon North,total,20-24,1260
Serangoon North Ind Estate,total,20-24,-
Upper Paya Lebar,total,20-24,900
Simpang - Total,total,20-24,-
Pulau Seletar,total,20-24,-
Simpang North,total,20-24,-
Simpang South,total,20-24,-
Tanjong Irau,total,20-24,-
Singapore River - Total,total,20-24,100
Boat Quay,total,20-24,-
Clarke Quay,total,20-24,10
Robertson Quay,total,20-24,100
Southern Islands - Total,total,20-24,90
Sentosa,total,20-24,90
Southern Group,total,20-24,-
Straits View - Total,total,20-24,-
Straits View,total,20-24,-
Sungei Kadut - Total,total,20-24,50
Gali Batu,total,20-24,-
Kranji,total,20-24,-
Pang Sua,total,20-24,-
Reservoir View,total,20-24,-
Turf Club,total,20-24,50
Tampines - Total,total,20-24,17590
Simei,total,20-24,2660
Tampines East,total,20-24,9230
Tampines North,total,20-24,200
Tampines West,total,20-24,5340
Xilin,total,20-24,160
Tanglin - Total,total,20-24,1000
Chatsworth,total,20-24,270
Nassim,total,20-24,440
Ridout,total,20-24,70
Tyersall,total,20-24,210
Tengah - Total,total,20-24,-
Brickland,total,20-24,-
Forest Hill,total,20-24,-
Garden,total,20-24,-
Park,total,20-24,-
Plantation,total,20-24,-
Tengah Industrial Estate,total,20-24,-
Toa Payoh - Total,total,20-24,6180
Bidadari,total,20-24,-
Boon Teck,total,20-24,770
Braddell,total,20-24,560
Joo Seng,total,20-24,390
Kim Keat,total,20-24,440
Lorong 8 Toa Payoh,total,20-24,410
Pei Chun,total,20-24,560
Potong Pasir,total,20-24,510
Sennett,total,20-24,310
Toa Payoh Central,total,20-24,1490
Toa Payoh West,total,20-24,610
Woodleigh,total,20-24,140
Tuas - Total,total,20-24,-
Tengeh,total,20-24,-
Tuas Bay,total,20-24,-
Tuas North,total,20-24,-
Tuas Promenade,total,20-24,-
Tuas View,total,20-24,-
Tuas View Extension,total,20-24,-
Western Islands - Total,total,20-24,-
Jurong Island And Bukom,total,20-24,-
Semakau,total,20-24,-
Sudong,total,20-24,-
Western Water Catchment - Total,total,20-24,130
Bahar,total,20-24,-
Cleantech,total,20-24,-
Murai,total,20-24,130
Woodlands - Total,total,20-24,21430
Greenwood Park,total,20-24,-
Midview,total,20-24,3460
North Coast,total,20-24,970
Senoko West,total,20-24,-
Woodgrove,total,20-24,3320
Woodlands East,total,20-24,8020
Woodlands Regional Centre,total,20-24,-
Woodlands South,total,20-24,3080
Woodlands West,total,20-24,2590
Yishun - Total,total,20-24,13020
Khatib,total,20-24,590
Lower Seletar,total,20-24,770
Nee Soon,total,20-24,50
Northland,total,20-24,1910
Springleaf,total,20-24,320
Yishun Central,total,20-24,170
Yishun East,total,20-24,3300
Yishun South,total,20-24,2500
Yishun West,total,20-24,3410
Total,total,25-29,287000
Ang Mo Kio - Total,total,25-29,10320
Ang Mo Kio Town Centre,total,25-29,280
Cheng San,total,25-29,1710
Chong Boon,total,25-29,1610
Kebun Bahru,total,25-29,1420
Sembawang Hills,total,25-29,500
Shangri-La,total,25-29,980
Tagore,total,25-29,670
Townsville,total,25-29,1310
Yio Chu Kang,total,25-29,-
Yio Chu Kang East,total,25-29,320
Yio Chu Kang North,total,25-29,-
Yio Chu Kang West,total,25-29,1540
Bedok - Total,total,25-29,18870
Bayshore,total,25-29,310
Bedok North,total,25-29,5620
Bedok Reservoir,total,25-29,1600
Bedok South,total,25-29,3130
Frankel,total,25-29,2050
Kaki Bukit,total,25-29,3140
Kembangan,total,25-29,2620
Siglap,total,25-29,400
Bishan - Total,total,25-29,6930
Bishan East,total,25-29,2280
Marymount,total,25-29,2630
Upper Thomson,total,25-29,2010
Boon Lay - Total,total,25-29,-
Liu Fang,total,25-29,-
Samulun,total,25-29,-
Shipyard,total,25-29,-
Tukang,total,25-29,-
Bukit Batok - Total,total,25-29,12480
Brickworks,total,25-29,2280
Bukit Batok Central,total,25-29,1900
Bukit Batok East,total,25-29,960
Bukit Batok South,total,25-29,1190
Bukit Batok West,total,25-29,990
Gombak,total,25-29,700
Guilin,total,25-29,870
Hillview,total,25-29,1490
Hong Kah North,total,25-29,2110
Bukit Merah - Total,total,25-29,8890
Alexandra Hill,total,25-29,870
Alexandra North,total,25-29,130
Bukit Ho Swee,total,25-29,820
Bukit Merah,total,25-29,60
City Terminals,total,25-29,-
Depot Road,total,25-29,310
Everton Park,total,25-29,470
Henderson Hill,total,25-29,860
Kampong Tiong Bahru,total,25-29,530
Maritime Square,total,25-29,140
Redhill,total,25-29,630
Singapore General Hospital,total,25-29,-
Telok Blangah Drive,total,25-29,1090
Telok Blangah Rise,total,25-29,740
Telok Blangah Way,total,25-29,480
Tiong Bahru,total,25-29,720
Tiong Bahru Station,total,25-29,1050
Bukit Panjang - Total,total,25-29,10530
Bangkit,total,25-29,1900
Dairy Farm,total,25-29,470
Fajar,total,25-29,2140
Jelebu,total,25-29,2750
Nature Reserve,total,25-29,260
Saujana,total,25-29,1820
Senja,total,25-29,1190
Bukit Timah - Total,total,25-29,4570
Anak Bukit,total,25-29,1660
Coronation Road,total,25-29,330
Farrer Court,total,25-29,290
Hillcrest,total,25-29,420
Holland Road,total,25-29,510
Leedon Park,total,25-29,360
Swiss Club,total,25-29,330
Ulu Pandan,total,25-29,660
Central Water Catchment - Total,total,25-29,-
Central Water Catchment,total,25-29,-
Changi- Total,total,25-29,90
Changi Airport,total,25-29,-
Changi Point,total,25-29,30
Changi West,total,25-29,70
Changi Bay - Total,total,25-29,-
Changi Bay,total,25-29,-
Choa Chu Kang - Total,total,25-29,16610
Choa Chu Kang Central,total,25-29,1950
Choa Chu Kang North,total,25-29,3060
Keat Hong,total,25-29,3260
Peng Siang,total,25-29,2980
Teck Whye,total,25-29,2310
Yew Tee,total,25-29,3060
Clementi - Total,total,25-29,5110
Clementi Central,total,25-29,880
Clementi North,total,25-29,1540
Clementi West,total,25-29,810
Clementi Woods,total,25-29,870
Faber,total,25-29,290
Pandan,total,25-29,-
Sunset Way,total,25-29,360
Toh Tuck,total,25-29,-
West Coast,total,25-29,370
Downtown Core - Total,total,25-29,230
Anson,total,25-29,-
Bayfront Subzone,total,25-29,-
Bugis,total,25-29,60
Cecil,total,25-29,20
Central Subzone,total,25-29,70
City Hall,total,25-29,-
Clifford Pier,total,25-29,-
Marina Centre,total,25-29,-
Maxwell,total,25-29,-
Nicoll,total,25-29,30
Phillip,total,25-29,-
Raffles Place,total,25-29,-
Tanjong Pagar,total,25-29,50
Geylang - Total,total,25-29,7930
Aljunied,total,25-29,2840
Geylang East,total,25-29,2050
Kallang Way,total,25-29,-
Kampong Ubi,total,25-29,1040
Macpherson,total,25-29,2010
Hougang - Total,total,25-29,17590
Defu Industrial Park,total,25-29,-
Hougang Central,total,25-29,440
Hougang East,total,25-29,2110
Hougang West,total,25-29,4030
Kangkar,total,25-29,2040
Kovan,total,25-29,1890
Lorong Ah Soo,total,25-29,2270
Lorong Halus,total,25-29,-
Tai Seng,total,25-29,990
Trafalgar,total,25-29,3830
Jurong East - Total,total,25-29,5700
International Business Park,total,25-29,-
Jurong Gateway,total,25-29,50
Jurong Port,total,25-29,-
Jurong River,total,25-29,-
Lakeside (Business),total,25-29,-
Lakeside (Leisure),total,25-29,50
Penjuru Crescent,total,25-29,-
Teban Gardens,total,25-29,1150
Toh Guan,total,25-29,1260
Yuhua East,total,25-29,1790
Yuhua West,total,25-29,1400
Jurong West - Total,total,25-29,19300
Boon Lay Place,total,25-29,1960
Chin Bee,total,25-29,-
Hong Kah,total,25-29,3730
Jurong West Central,total,25-29,4160
Kian Teck,total,25-29,-
Safti,total,25-29,-
Taman Jurong,total,25-29,2860
Wenya,total,25-29,460
Yunnan,total,25-29,6130
Kallang - Total,total,25-29,5980
Bendemeer,total,25-29,2310
Boon Keng,total,25-29,760
Crawford,total,25-29,430
Geylang Bahru,total,25-29,660
Kallang Bahru,total,25-29,-
Kampong Bugis,total,25-29,100
Kampong Java,total,25-29,640
Lavender,total,25-29,580
Tanjong Rhu,total,25-29,500
Lim Chu Kang - Total,total,25-29,10
Lim Chu Kang,total,25-29,10
Mandai - Total,total,25-29,170
Mandai East,total,25-29,-
Mandai Estate,total,25-29,170
Mandai West,total,25-29,-
Marina East - Total,total,25-29,-
Marina East,total,25-29,-
Marina South - Total,total,25-29,-
Marina South,total,25-29,-
Marine Parade - Total,total,25-29,2500
East Coast,total,25-29,-
Katong,total,25-29,560
Marina East (Mp),total,25-29,-
Marine Parade,total,25-29,1330
Mountbatten,total,25-29,610
Museum - Total,total,25-29,30
Bras Basah,total,25-29,-
Dhoby Ghaut,total,25-29,20
Fort Canning,total,25-29,10
Newton - Total,total,25-29,390
Cairnhill,total,25-29,190
Goodwood Park,total,25-29,60
Istana Negara,total,25-29,-
Monk's Hill,total,25-29,50
Newton Circus,total,25-29,10
Orange Grove,total,25-29,80
North-Eastern Islands - Total,total,25-29,-
North-Eastern Islands,total,25-29,-
Novena - Total,total,25-29,2800
Balestier,total,25-29,2000
Dunearn,total,25-29,220
Malcolm,total,25-29,140
Moulmein,total,25-29,390
Mount Pleasant,total,25-29,50
Orchard - Total,total,25-29,30
Boulevard,total,25-29,20
Somerset,total,25-29,10
Tanglin,total,25-29,10
Outram - Total,total,25-29,900
China Square,total,25-29,70
Chinatown,total,25-29,550
Pearl's Hill,total,25-29,250
People's Park,total,25-29,40
Pasir Ris - Total,total,25-29,13400
Flora Drive,total,25-29,1030
Loyang East,total,25-29,190
Loyang West,total,25-29,-
Pasir Ris Central,total,25-29,2680
Pasir Ris Drive,total,25-29,5870
Pasir Ris Park,total,25-29,360
Pasir Ris Wafer Fab Park,total,25-29,-
Pasir Ris West,total,25-29,3280
Paya Lebar - Total,total,25-29,-
Airport Road,total,25-29,-
Paya Lebar East,total,25-29,-
Paya Lebar North,total,25-29,-
Paya Lebar West,total,25-29,-
Plab,total,25-29,-
Pioneer - Total,total,25-29,-
Benoi Sector,total,25-29,-
Gul Basin,total,25-29,-
Gul Circle,total,25-29,-
Joo Koon,total,25-29,-
Pioneer Sector,total,25-29,-
Punggol - Total,total,25-29,8330
Coney Island,total,25-29,-
Matilda,total,25-29,2640
Northshore,total,25-29,40
Punggol Canal,total,25-29,-
Punggol Field,total,25-29,2470
Punggol Town Centre,total,25-29,1010
Waterway East,total,25-29,2160
Queenstown - Total,total,25-29,5910
Commonwealth,total,25-29,400
Dover,total,25-29,670
Ghim Moh,total,25-29,790
Holland Drive,total,25-29,800
Kent Ridge,total,25-29,-
Margaret Drive,total,25-29,860
Mei Chin,total,25-29,1120
National University Of S'pore,total,25-29,30
One North,total,25-29,30
Pasir Panjang 1,total,25-29,350
Pasir Panjang 2,total,25-29,250
Port,total,25-29,10
Queensway,total,25-29,20
Singapore Polytechnic,total,25-29,-
Tanglin Halt,total,25-29,580
River Valley - Total,total,25-29,530
Institution Hill,total,25-29,130
Leonie Hill,total,25-29,180
One Tree Hill,total,25-29,110
Oxley,total,25-29,100
Paterson,total,25-29,10
Rochor - Total,total,25-29,760
Bencoolen,total,25-29,80
Farrer Park,total,25-29,150
Kampong Glam,total,25-29,10
Little India,total,25-29,210
Mackenzie,total,25-29,10
Mount Emily,total,25-29,90
Rochor Canal,total,25-29,-
Selegie,total,25-29,10
Sungei Road,total,25-29,110
Victoria,total,25-29,90
Seletar - Total,total,25-29,10
Pulau Punggol Barat,total,25-29,-
Pulau Punggol Timor,total,25-29,-
Seletar,total,25-29,10
Seletar Aerospace Park,total,25-29,-
Sembawang - Total,total,25-29,7690
Admiralty,total,25-29,820
Sembawang Central,total,25-29,2570
Sembawang East,total,25-29,2100
Sembawang North,total,25-29,1520
Sembawang Springs,total,25-29,550
Sembawang Straits,total,25-29,140
Senoko North,total,25-29,-
Senoko South,total,25-29,-
The Wharves,total,25-29,-
Sengkang - Total,total,25-29,14320
Anchorvale,total,25-29,2470
Compassvale,total,25-29,990
Fernvale,total,25-29,2660
Lorong Halus North,total,25-29,-
Rivervale,total,25-29,4090
Sengkang Town Centre,total,25-29,4110
Sengkang West,total,25-29,-
Serangoon - Total,total,25-29,9320
Lorong Chuan,total,25-29,640
Seletar Hills,total,25-29,1150
Serangoon Central,total,25-29,2000
Serangoon Garden,total,25-29,2650
Serangoon North,total,25-29,1450
Serangoon North Ind Estate,total,25-29,-
Upper Paya Lebar,total,25-29,1430
Simpang - Total,total,25-29,-
Pulau Seletar,total,25-29,-
Simpang North,total,25-29,-
Simpang South,total,25-29,-
Tanjong Irau,total,25-29,-
Singapore River - Total,total,25-29,130
Boat Quay,total,25-29,10
Clarke Quay,total,25-29,10
Robertson Quay,total,25-29,110
Southern Islands - Total,total,25-29,90
Sentosa,total,25-29,90
Southern Group,total,25-29,-
Straits View - Total,total,25-29,-
Straits View,total,25-29,-
Sungei Kadut - Total,total,25-29,50
Gali Batu,total,25-29,-
Kranji,total,25-29,-
Pang Sua,total,25-29,-
Reservoir View,total,25-29,-
Turf Club,total,25-29,50
Tampines - Total,total,25-29,21840
Simei,total,25-29,3210
Tampines East,total,25-29,11060
Tampines North,total,25-29,1060
Tampines West,total,25-29,6340
Xilin,total,25-29,170
Tanglin - Total,total,25-29,1010
Chatsworth,total,25-29,290
Nassim,total,25-29,430
Ridout,total,25-29,80
Tyersall,total,25-29,210
Tengah - Total,total,25-29,-
Brickland,total,25-29,-
Forest Hill,total,25-29,-
Garden,total,25-29,-
Park,total,25-29,-
Plantation,total,25-29,-
Tengah Industrial Estate,total,25-29,-
Toa Payoh - Total,total,25-29,8170
Bidadari,total,25-29,-
Boon Teck,total,25-29,1000
Braddell,total,25-29,700
Joo Seng,total,25-29,550
Kim Keat,total,25-29,630
Lorong 8 Toa Payoh,total,25-29,500
Pei Chun,total,25-29,600
Potong Pasir,total,25-29,730
Sennett,total,25-29,600
Toa Payoh Central,total,25-29,1800
Toa Payoh West,total,25-29,880
Woodleigh,total,25-29,180
Tuas - Total,total,25-29,-
Tengeh,total,25-29,-
Tuas Bay,total,25-29,-
Tuas North,total,25-29,-
Tuas Promenade,total,25-29,-
Tuas View,total,25-29,-
Tuas View Extension,total,25-29,-
Western Islands - Total,total,25-29,-
Jurong Island And Bukom,total,25-29,-
Semakau,total,25-29,-
Sudong,total,25-29,-
Western Water Catchment - Total,total,25-29,50
Bahar,total,25-29,-
Cleantech,total,25-29,-
Murai,total,25-29,50
Woodlands - Total,total,25-29,20740
Greenwood Park,total,25-29,-
Midview,total,25-29,3220
North Coast,total,25-29,1000
Senoko West,total,25-29,-
Woodgrove,total,25-29,3210
Woodlands East,total,25-29,7660
Woodlands Regional Centre,total,25-29,-
Woodlands South,total,25-29,2630
Woodlands West,total,25-29,3010
Yishun - Total,total,25-29,16710
Khatib,total,25-29,940
Lower Seletar,total,25-29,1150
Nee Soon,total,25-29,50
Northland,total,25-29,2320
Springleaf,total,25-29,410
Yishun Central,total,25-29,220
Yishun East,total,25-29,4220
Yishun South,total,25-29,3600
Yishun West,total,25-29,3810
Total,total,30-34,297800
Ang Mo Kio - Total,total,30-34,10490
Ang Mo Kio Town Centre,total,30-34,290
Cheng San,total,30-34,2000
Chong Boon,total,30-34,1890
Kebun Bahru,total,30-34,1410
Sembawang Hills,total,30-34,350
Shangri-La,total,30-34,1020
Tagore,total,30-34,490
Townsville,total,30-34,1400
Yio Chu Kang,total,30-34,-
Yio Chu Kang East,total,30-34,230
Yio Chu Kang North,total,30-34,-
Yio Chu Kang West,total,30-34,1400
Bedok - Total,total,30-34,18360
Bayshore,total,30-34,360
Bedok North,total,30-34,5280
Bedok Reservoir,total,30-34,1830
Bedok South,total,30-34,2920
Frankel,total,30-34,2000
Kaki Bukit,total,30-34,2830
Kembangan,total,30-34,2790
Siglap,total,30-34,360
Bishan - Total,total,30-34,5730
Bishan East,total,30-34,2150
Marymount,total,30-34,1840
Upper Thomson,total,30-34,1740
Boon Lay - Total,total,30-34,-
Liu Fang,total,30-34,-
Samulun,total,30-34,-
Shipyard,total,30-34,-
Tukang,total,30-34,-
Bukit Batok - Total,total,30-34,13630
Brickworks,total,30-34,3540
Bukit Batok Central,total,30-34,2460
Bukit Batok East,total,30-34,880
Bukit Batok South,total,30-34,1240
Bukit Batok West,total,30-34,1180
Gombak,total,30-34,610
Guilin,total,30-34,850
Hillview,total,30-34,1060
Hong Kah North,total,30-34,1800
Bukit Merah - Total,total,30-34,10540
Alexandra Hill,total,30-34,840
Alexandra North,total,30-34,240
Bukit Ho Swee,total,30-34,930
Bukit Merah,total,30-34,60
City Terminals,total,30-34,-
Depot Road,total,30-34,470
Everton Park,total,30-34,510
Henderson Hill,total,30-34,930
Kampong Tiong Bahru,total,30-34,490
Maritime Square,total,30-34,180
Redhill,total,30-34,650
Singapore General Hospital,total,30-34,-
Telok Blangah Drive,total,30-34,2010
Telok Blangah Rise,total,30-34,660
Telok Blangah Way,total,30-34,460
Tiong Bahru,total,30-34,1080
Tiong Bahru Station,total,30-34,1010
Bukit Panjang - Total,total,30-34,10460
Bangkit,total,30-34,1560
Dairy Farm,total,30-34,460
Fajar,total,30-34,2350
Jelebu,total,30-34,2190
Nature Reserve,total,30-34,200
Saujana,total,30-34,2130
Senja,total,30-34,1570
Bukit Timah - Total,total,30-34,4120
Anak Bukit,total,30-34,1310
Coronation Road,total,30-34,330
Farrer Court,total,30-34,350
Hillcrest,total,30-34,410
Holland Road,total,30-34,500
Leedon Park,total,30-34,350
Swiss Club,total,30-34,280
Ulu Pandan,total,30-34,570
Central Water Catchment - Total,total,30-34,-
Central Water Catchment,total,30-34,-
Changi- Total,total,30-34,140
Changi Airport,total,30-34,-
Changi Point,total,30-34,20
Changi West,total,30-34,120
Changi Bay - Total,total,30-34,-
Changi Bay,total,30-34,-
Choa Chu Kang - Total,total,30-34,14430
Choa Chu Kang Central,total,30-34,1360
Choa Chu Kang North,total,30-34,1660
Keat Hong,total,30-34,4690
Peng Siang,total,30-34,2750
Teck Whye,total,30-34,1600
Yew Tee,total,30-34,2390
Clementi - Total,total,30-34,5920
Clementi Central,total,30-34,830
Clementi North,total,30-34,2190
Clementi West,total,30-34,820
Clementi Woods,total,30-34,1060
Faber,total,30-34,370
Pandan,total,30-34,-
Sunset Way,total,30-34,330
Toh Tuck,total,30-34,-
West Coast,total,30-34,320
Downtown Core - Total,total,30-34,330
Anson,total,30-34,-
Bayfront Subzone,total,30-34,-
Bugis,total,30-34,60
Cecil,total,30-34,40
Central Subzone,total,30-34,90
City Hall,total,30-34,-
Clifford Pier,total,30-34,-
Marina Centre,total,30-34,-
Maxwell,total,30-34,-
Nicoll,total,30-34,20
Phillip,total,30-34,-
Raffles Place,total,30-34,-
Tanjong Pagar,total,30-34,100
Geylang - Total,total,30-34,8280
Aljunied,total,30-34,3000
Geylang East,total,30-34,2000
Kallang Way,total,30-34,-
Kampong Ubi,total,30-34,1010
Macpherson,total,30-34,2270
Hougang - Total,total,30-34,17190
Defu Industrial Park,total,30-34,-
Hougang Central,total,30-34,350
Hougang East,total,30-34,2290
Hougang West,total,30-34,3540
Kangkar,total,30-34,2710
Kovan,total,30-34,1660
Lorong Ah Soo,total,30-34,2180
Lorong Halus,total,30-34,-
Tai Seng,total,30-34,830
Trafalgar,total,30-34,3640
Jurong East - Total,total,30-34,5370
International Business Park,total,30-34,-
Jurong Gateway,total,30-34,40
Jurong Port,total,30-34,-
Jurong River,total,30-34,-
Lakeside (Business),total,30-34,-
Lakeside (Leisure),total,30-34,50
Penjuru Crescent,total,30-34,-
Teban Gardens,total,30-34,1240
Toh Guan,total,30-34,1080
Yuhua East,total,30-34,1650
Yuhua West,total,30-34,1310
Jurong West - Total,total,30-34,18330
Boon Lay Place,total,30-34,2270
Chin Bee,total,30-34,-
Hong Kah,total,30-34,3720
Jurong West Central,total,30-34,4690
Kian Teck,total,30-34,-
Safti,total,30-34,-
Taman Jurong,total,30-34,2910
Wenya,total,30-34,500
Yunnan,total,30-34,4240
Kallang - Total,total,30-34,7180
Bendemeer,total,30-34,3280
Boon Keng,total,30-34,860
Crawford,total,30-34,400
Geylang Bahru,total,30-34,660
Kallang Bahru,total,30-34,-
Kampong Bugis,total,30-34,80
Kampong Java,total,30-34,660
Lavender,total,30-34,640
Tanjong Rhu,total,30-34,600
Lim Chu Kang - Total,total,30-34,-
Lim Chu Kang,total,30-34,-
Mandai - Total,total,30-34,120
Mandai East,total,30-34,-
Mandai Estate,total,30-34,120
Mandai West,total,30-34,-
Marina East - Total,total,30-34,-
Marina East,total,30-34,-
Marina South - Total,total,30-34,-
Marina South,total,30-34,-
Marine Parade - Total,total,30-34,2390
East Coast,total,30-34,-
Katong,total,30-34,490
Marina East (Mp),total,30-34,-
Marine Parade,total,30-34,1320
Mountbatten,total,30-34,580
Museum - Total,total,30-34,50
Bras Basah,total,30-34,-
Dhoby Ghaut,total,30-34,50
Fort Canning,total,30-34,10
Newton - Total,total,30-34,470
Cairnhill,total,30-34,240
Goodwood Park,total,30-34,80
Istana Negara,total,30-34,-
Monk's Hill,total,30-34,50
Newton Circus,total,30-34,10
Orange Grove,total,30-34,90
North-Eastern Islands - Total,total,30-34,-
North-Eastern Islands,total,30-34,-
Novena - Total,total,30-34,3270
Balestier,total,30-34,2420
Dunearn,total,30-34,170
Malcolm,total,30-34,130
Moulmein,total,30-34,510
Mount Pleasant,total,30-34,40
Orchard - Total,total,30-34,60
Boulevard,total,30-34,30
Somerset,total,30-34,10
Tanglin,total,30-34,20
Outram - Total,total,30-34,1070
China Square,total,30-34,80
Chinatown,total,30-34,690
Pearl's Hill,total,30-34,260
People's Park,total,30-34,40
Pasir Ris - Total,total,30-34,9040
Flora Drive,total,30-34,860
Loyang East,total,30-34,110
Loyang West,total,30-34,-
Pasir Ris Central,total,30-34,2390
Pasir Ris Drive,total,30-34,3260
Pasir Ris Park,total,30-34,530
Pasir Ris Wafer Fab Park,total,30-34,-
Pasir Ris West,total,30-34,1880
Paya Lebar - Total,total,30-34,-
Airport Road,total,30-34,-
Paya Lebar East,total,30-34,-
Paya Lebar North,total,30-34,-
Paya Lebar West,total,30-34,-
Plab,total,30-34,-
Pioneer - Total,total,30-34,-
Benoi Sector,total,30-34,-
Gul Basin,total,30-34,-
Gul Circle,total,30-34,-
Joo Koon,total,30-34,-
Pioneer Sector,total,30-34,-
Punggol - Total,total,30-34,17200
Coney Island,total,30-34,-
Matilda,total,30-34,5470
Northshore,total,30-34,40
Punggol Canal,total,30-34,-
Punggol Field,total,30-34,2760
Punggol Town Centre,total,30-34,3030
Waterway East,total,30-34,5910
Queenstown - Total,total,30-34,6640
Commonwealth,total,30-34,420
Dover,total,30-34,550
Ghim Moh,total,30-34,1310
Holland Drive,total,30-34,830
Kent Ridge,total,30-34,-
Margaret Drive,total,30-34,1260
Mei Chin,total,30-34,960
National University Of S'pore,total,30-34,20
One North,total,30-34,40
Pasir Panjang 1,total,30-34,310
Pasir Panjang 2,total,30-34,180
Port,total,30-34,10
Queensway,total,30-34,20
Singapore Polytechnic,total,30-34,-
Tanglin Halt,total,30-34,730
River Valley - Total,total,30-34,600
Institution Hill,total,30-34,180
Leonie Hill,total,30-34,190
One Tree Hill,total,30-34,100
Oxley,total,30-34,100
Paterson,total,30-34,20
Rochor - Total,total,30-34,920
Bencoolen,total,30-34,100
Farrer Park,total,30-34,180
Kampong Glam,total,30-34,10
Little India,total,30-34,190
Mackenzie,total,30-34,10
Mount Emily,total,30-34,170
Rochor Canal,total,30-34,-
Selegie,total,30-34,10
Sungei Road,total,30-34,120
Victoria,total,30-34,130
Seletar - Total,total,30-34,10
Pulau Punggol Barat,total,30-34,-
Pulau Punggol Timor,total,30-34,-
Seletar,total,30-34,-
Seletar Aerospace Park,total,30-34,-
Sembawang - Total,total,30-34,9130
Admiralty,total,30-34,990
Sembawang Central,total,30-34,2810
Sembawang East,total,30-34,2690
Sembawang North,total,30-34,1610
Sembawang Springs,total,30-34,940
Sembawang Straits,total,30-34,100
Senoko North,total,30-34,-
Senoko South,total,30-34,-
The Wharves,total,30-34,-
Sengkang - Total,total,30-34,21500
Anchorvale,total,30-34,4690
Compassvale,total,30-34,1980
Fernvale,total,30-34,5430
Lorong Halus North,total,30-34,-
Rivervale,total,30-34,4030
Sengkang Town Centre,total,30-34,5380
Sengkang West,total,30-34,-
Serangoon - Total,total,30-34,8020
Lorong Chuan,total,30-34,490
Seletar Hills,total,30-34,860
Serangoon Central,total,30-34,1920
Serangoon Garden,total,30-34,2300
Serangoon North,total,30-34,1020
Serangoon North Ind Estate,total,30-34,-
Upper Paya Lebar,total,30-34,1430
Simpang - Total,total,30-34,-
Pulau Seletar,total,30-34,-
Simpang North,total,30-34,-
Simpang South,total,30-34,-
Tanjong Irau,total,30-34,-
Singapore River - Total,total,30-34,180
Boat Quay,total,30-34,-
Clarke Quay,total,30-34,10
Robertson Quay,total,30-34,170
Southern Islands - Total,total,30-34,90
Sentosa,total,30-34,90
Southern Group,total,30-34,-
Straits View - Total,total,30-34,-
Straits View,total,30-34,-
Sungei Kadut - Total,total,30-34,40
Gali Batu,total,30-34,-
Kranji,total,30-34,-
Pang Sua,total,30-34,-
Reservoir View,total,30-34,-
Turf Club,total,30-34,40
Tampines - Total,total,30-34,19990
Simei,total,30-34,2540
Tampines East,total,30-34,9400
Tampines North,total,30-34,1620
Tampines West,total,30-34,6320
Xilin,total,30-34,120
Tanglin - Total,total,30-34,1200
Chatsworth,total,30-34,420
Nassim,total,30-34,480
Ridout,total,30-34,90
Tyersall,total,30-34,220
Tengah - Total,total,30-34,-
Brickland,total,30-34,-
Forest Hill,total,30-34,-
Garden,total,30-34,-
Park,total,30-34,-
Plantation,total,30-34,-
Tengah Industrial Estate,total,30-34,-
Toa Payoh - Total,total,30-34,8360
Bidadari,total,30-34,-
Boon Teck,total,30-34,1080
Braddell,total,30-34,580
Joo Seng,total,30-34,700
Kim Keat,total,30-34,520
Lorong 8 Toa Payoh,total,30-34,380
Pei Chun,total,30-34,520
Potong Pasir,total,30-34,840
Sennett,total,30-34,770
Toa Payoh Central,total,30-34,1690
Toa Payoh West,total,30-34,1130
Woodleigh,total,30-34,150
Tuas - Total,total,30-34,-
Tengeh,total,30-34,-
Tuas Bay,total,30-34,-
Tuas North,total,30-34,-
Tuas Promenade,total,30-34,-
Tuas View,total,30-34,-
Tuas View Extension,total,30-34,-
Western Islands - Total,total,30-34,-
Jurong Island And Bukom,total,30-34,-
Semakau,total,30-34,-
Sudong,total,30-34,-
Western Water Catchment - Total,total,30-34,30
Bahar,total,30-34,-
Cleantech,total,30-34,-
Murai,total,30-34,30
Woodlands - Total,total,30-34,18160
Greenwood Park,total,30-34,-
Midview,total,30-34,2480
North Coast,total,30-34,700
Senoko West,total,30-34,-
Woodgrove,total,30-34,2060
Woodlands East,total,30-34,7520
Woodlands Regional Centre,total,30-34,-
Woodlands South,total,30-34,2880
Woodlands West,total,30-34,2530
Yishun - Total,total,30-34,18780
Khatib,total,30-34,800
Lower Seletar,total,30-34,2740
Nee Soon,total,30-34,50
Northland,total,30-34,1990
Springleaf,total,30-34,250
Yishun Central,total,30-34,200
Yishun East,total,30-34,5420
Yishun South,total,30-34,3720
Yishun West,total,30-34,3590
Total,total,35-39,299520
Ang Mo Kio - Total,total,35-39,10420
Ang Mo Kio Town Centre,total,35-39,330
Cheng San,total,35-39,2150
Chong Boon,total,35-39,1730
Kebun Bahru,total,35-39,1450
Sembawang Hills,total,35-39,310
Shangri-La,total,35-39,990
Tagore,total,35-39,340
Townsville,total,35-39,1410
Yio Chu Kang,total,35-39,-
Yio Chu Kang East,total,35-39,240
Yio Chu Kang North,total,35-39,-
Yio Chu Kang West,total,35-39,1480
Bedok - Total,total,35-39,17730
Bayshore,total,35-39,550
Bedok North,total,35-39,5100
Bedok Reservoir,total,35-39,1900
Bedok South,total,35-39,2700
Frankel,total,35-39,2360
Kaki Bukit,total,35-39,2280
Kembangan,total,35-39,2520
Siglap,total,35-39,320
Bishan - Total,total,35-39,5090
Bishan East,total,35-39,1730
Marymount,total,35-39,1770
Upper Thomson,total,35-39,1590
Boon Lay - Total,total,35-39,-
Liu Fang,total,35-39,-
Samulun,total,35-39,-
Shipyard,total,35-39,-
Tukang,total,35-39,-
Bukit Batok - Total,total,35-39,10980
Brickworks,total,35-39,1670
Bukit Batok Central,total,35-39,1950
Bukit Batok East,total,35-39,810
Bukit Batok South,total,35-39,1130
Bukit Batok West,total,35-39,1100
Gombak,total,35-39,720
Guilin,total,35-39,940
Hillview,total,35-39,1010
Hong Kah North,total,35-39,1650
Bukit Merah - Total,total,35-39,10650
Alexandra Hill,total,35-39,720
Alexandra North,total,35-39,320
Bukit Ho Swee,total,35-39,980
Bukit Merah,total,35-39,60
City Terminals,total,35-39,-
Depot Road,total,35-39,570
Everton Park,total,35-39,540
Henderson Hill,total,35-39,780
Kampong Tiong Bahru,total,35-39,490
Maritime Square,total,35-39,360
Redhill,total,35-39,750
Singapore General Hospital,total,35-39,-
Telok Blangah Drive,total,35-39,1680
Telok Blangah Rise,total,35-39,680
Telok Blangah Way,total,35-39,540
Tiong Bahru,total,35-39,1120
Tiong Bahru Station,total,35-39,1060
Bukit Panjang - Total,total,35-39,10100
Bangkit,total,35-39,1230
Dairy Farm,total,35-39,440
Fajar,total,35-39,2240
Jelebu,total,35-39,1740
Nature Reserve,total,35-39,220
Saujana,total,35-39,2300
Senja,total,35-39,1930
Bukit Timah - Total,total,35-39,4800
Anak Bukit,total,35-39,1260
Coronation Road,total,35-39,440
Farrer Court,total,35-39,470
Hillcrest,total,35-39,650
Holland Road,total,35-39,650
Leedon Park,total,35-39,400
Swiss Club,total,35-39,360
Ulu Pandan,total,35-39,580
Central Water Catchment - Total,total,35-39,-
Central Water Catchment,total,35-39,-
Changi- Total,total,35-39,150
Changi Airport,total,35-39,-
Changi Point,total,35-39,20
Changi West,total,35-39,130
Changi Bay - Total,total,35-39,-
Changi Bay,total,35-39,-
Choa Chu Kang - Total,total,35-39,13200
Choa Chu Kang Central,total,35-39,1470
Choa Chu Kang North,total,35-39,1570
Keat Hong,total,35-39,3480
Peng Siang,total,35-39,2650
Teck Whye,total,35-39,1370
Yew Tee,total,35-39,2660
Clementi - Total,total,35-39,6800
Clementi Central,total,35-39,910
Clementi North,total,35-39,2350
Clementi West,total,35-39,1010
Clementi Woods,total,35-39,1250
Faber,total,35-39,470
Pandan,total,35-39,-
Sunset Way,total,35-39,320
Toh Tuck,total,35-39,-
West Coast,total,35-39,480
Downtown Core - Total,total,35-39,410
Anson,total,35-39,-
Bayfront Subzone,total,35-39,-
Bugis,total,35-39,90
Cecil,total,35-39,60
Central Subzone,total,35-39,110
City Hall,total,35-39,-
Clifford Pier,total,35-39,-
Marina Centre,total,35-39,-
Maxwell,total,35-39,-
Nicoll,total,35-39,20
Phillip,total,35-39,-
Raffles Place,total,35-39,-
Tanjong Pagar,total,35-39,100
Geylang - Total,total,35-39,7810
Aljunied,total,35-39,2960
Geylang East,total,35-39,2160
Kallang Way,total,35-39,-
Kampong Ubi,total,35-39,800
Macpherson,total,35-39,1880
Hougang - Total,total,35-39,15470
Defu Industrial Park,total,35-39,-
Hougang Central,total,35-39,260
Hougang East,total,35-39,2160
Hougang West,total,35-39,2750
Kangkar,total,35-39,2800
Kovan,total,35-39,1560
Lorong Ah Soo,total,35-39,2010
Lorong Halus,total,35-39,-
Tai Seng,total,35-39,740
Trafalgar,total,35-39,3210
Jurong East - Total,total,35-39,5090
International Business Park,total,35-39,-
Jurong Gateway,total,35-39,40
Jurong Port,total,35-39,-
Jurong River,total,35-39,-
Lakeside (Business),total,35-39,-
Lakeside (Leisure),total,35-39,60
Penjuru Crescent,total,35-39,-
Teban Gardens,total,35-39,1350
Toh Guan,total,35-39,920
Yuhua East,total,35-39,1610
Yuhua West,total,35-39,1100
Jurong West - Total,total,35-39,19890
Boon Lay Place,total,35-39,2470
Chin Bee,total,35-39,-
Hong Kah,total,35-39,3710
Jurong West Central,total,35-39,5490
Kian Teck,total,35-39,-
Safti,total,35-39,-
Taman Jurong,total,35-39,3120
Wenya,total,35-39,820
Yunnan,total,35-39,4280
Kallang - Total,total,35-39,7290
Bendemeer,total,35-39,3240
Boon Keng,total,35-39,800
Crawford,total,35-39,390
Geylang Bahru,total,35-39,630
Kallang Bahru,total,35-39,-
Kampong Bugis,total,35-39,70
Kampong Java,total,35-39,710
Lavender,total,35-39,670
Tanjong Rhu,total,35-39,790
Lim Chu Kang - Total,total,35-39,10
Lim Chu Kang,total,35-39,10
Mandai - Total,total,35-39,130
Mandai East,total,35-39,-
Mandai Estate,total,35-39,130
Mandai West,total,35-39,-
Marina East - Total,total,35-39,-
Marina East,total,35-39,-
Marina South - Total,total,35-39,-
Marina South,total,35-39,-
Marine Parade - Total,total,35-39,3070
East Coast,total,35-39,-
Katong,total,35-39,670
Marina East (Mp),total,35-39,-
Marine Parade,total,35-39,1730
Mountbatten,total,35-39,680
Museum - Total,total,35-39,70
Bras Basah,total,35-39,-
Dhoby Ghaut,total,35-39,60
Fort Canning,total,35-39,10
Newton - Total,total,35-39,620
Cairnhill,total,35-39,320
Goodwood Park,total,35-39,100
Istana Negara,total,35-39,-
Monk's Hill,total,35-39,80
Newton Circus,total,35-39,20
Orange Grove,total,35-39,100
North-Eastern Islands - Total,total,35-39,-
North-Eastern Islands,total,35-39,-
Novena - Total,total,35-39,3670
Balestier,total,35-39,2410
Dunearn,total,35-39,190
Malcolm,total,35-39,170
Moulmein,total,35-39,860
Mount Pleasant,total,35-39,40
Orchard - Total,total,35-39,70
Boulevard,total,35-39,30
Somerset,total,35-39,10
Tanglin,total,35-39,30
Outram - Total,total,35-39,1270
China Square,total,35-39,110
Chinatown,total,35-39,860
Pearl's Hill,total,35-39,270
People's Park,total,35-39,30
Pasir Ris - Total,total,35-39,8890
Flora Drive,total,35-39,910
Loyang East,total,35-39,100
Loyang West,total,35-39,-
Pasir Ris Central,total,35-39,2510
Pasir Ris Drive,total,35-39,2650
Pasir Ris Park,total,35-39,730
Pasir Ris Wafer Fab Park,total,35-39,-
Pasir Ris West,total,35-39,2000
Paya Lebar - Total,total,35-39,-
Airport Road,total,35-39,-
Paya Lebar East,total,35-39,-
Paya Lebar North,total,35-39,-
Paya Lebar West,total,35-39,-
Plab,total,35-39,-
Pioneer - Total,total,35-39,-
Benoi Sector,total,35-39,-
Gul Basin,total,35-39,-
Gul Circle,total,35-39,-
Joo Koon,total,35-39,-
Pioneer Sector,total,35-39,-
Punggol - Total,total,35-39,22190
Coney Island,total,35-39,-
Matilda,total,35-39,7490
Northshore,total,35-39,10
Punggol Canal,total,35-39,-
Punggol Field,total,35-39,4020
Punggol Town Centre,total,35-39,3430
Waterway East,total,35-39,7240
Queenstown - Total,total,35-39,7180
Commonwealth,total,35-39,420
Dover,total,35-39,690
Ghim Moh,total,35-39,1110
Holland Drive,total,35-39,730
Kent Ridge,total,35-39,-
Margaret Drive,total,35-39,1990
Mei Chin,total,35-39,870
National University Of S'pore,total,35-39,10
One North,total,35-39,100
Pasir Panjang 1,total,35-39,340
Pasir Panjang 2,total,35-39,180
Port,total,35-39,10
Queensway,total,35-39,20
Singapore Polytechnic,total,35-39,-
Tanglin Halt,total,35-39,720
River Valley - Total,total,35-39,850
Institution Hill,total,35-39,350
Leonie Hill,total,35-39,240
One Tree Hill,total,35-39,140
Oxley,total,35-39,110
Paterson,total,35-39,30
Rochor - Total,total,35-39,970
Bencoolen,total,35-39,90
Farrer Park,total,35-39,200
Kampong Glam,total,35-39,10
Little India,total,35-39,180
Mackenzie,total,35-39,20
Mount Emily,total,35-39,230
Rochor Canal,total,35-39,-
Selegie,total,35-39,20
Sungei Road,total,35-39,130
Victoria,total,35-39,110
Seletar - Total,total,35-39,10
Pulau Punggol Barat,total,35-39,-
Pulau Punggol Timor,total,35-39,-
Seletar,total,35-39,10
Seletar Aerospace Park,total,35-39,-
Sembawang - Total,total,35-39,8570
Admiralty,total,35-39,1210
Sembawang Central,total,35-39,2790
Sembawang East,total,35-39,1460
Sembawang North,total,35-39,2140
Sembawang Springs,total,35-39,860
Sembawang Straits,total,35-39,110
Senoko North,total,35-39,-
Senoko South,total,35-39,-
The Wharves,total,35-39,-
Sengkang - Total,total,35-39,25100
Anchorvale,total,35-39,5240
Compassvale,total,35-39,2760
Fernvale,total,35-39,7280
Lorong Halus North,total,35-39,-
Rivervale,total,35-39,4300
Sengkang Town Centre,total,35-39,5530
Sengkang West,total,35-39,-
Serangoon - Total,total,35-39,6930
Lorong Chuan,total,35-39,450
Seletar Hills,total,35-39,730
Serangoon Central,total,35-39,1640
Serangoon Garden,total,35-39,1950
Serangoon North,total,35-39,940
Serangoon North Ind Estate,total,35-39,-
Upper Paya Lebar,total,35-39,1210
Simpang - Total,total,35-39,-
Pulau Seletar,total,35-39,-
Simpang North,total,35-39,-
Simpang South,total,35-39,-
Tanjong Irau,total,35-39,-
Singapore River - Total,total,35-39,360
Boat Quay,total,35-39,10
Clarke Quay,total,35-39,10
Robertson Quay,total,35-39,330
Southern Islands - Total,total,35-39,150
Sentosa,total,35-39,150
Southern Group,total,35-39,-
Straits View - Total,total,35-39,-
Straits View,total,35-39,-
Sungei Kadut - Total,total,35-39,50
Gali Batu,total,35-39,-
Kranji,total,35-39,-
Pang Sua,total,35-39,-
Reservoir View,total,35-39,-
Turf Club,total,35-39,40
Tampines - Total,total,35-39,18120
Simei,total,35-39,2650
Tampines East,total,35-39,8850
Tampines North,total,35-39,730
Tampines West,total,35-39,5820
Xilin,total,35-39,70
Tanglin - Total,total,35-39,1630
Chatsworth,total,35-39,610
Nassim,total,35-39,680
Ridout,total,35-39,100
Tyersall,total,35-39,230
Tengah - Total,total,35-39,-
Brickland,total,35-39,-
Forest Hill,total,35-39,-
Garden,total,35-39,-
Park,total,35-39,-
Plantation,total,35-39,-
Tengah Industrial Estate,total,35-39,-
Toa Payoh - Total,total,35-39,8010
Bidadari,total,35-39,-
Boon Teck,total,35-39,860
Braddell,total,35-39,590
Joo Seng,total,35-39,650
Kim Keat,total,35-39,440
Lorong 8 Toa Payoh,total,35-39,370
Pei Chun,total,35-39,560
Potong Pasir,total,35-39,820
Sennett,total,35-39,570
Toa Payoh Central,total,35-39,2000
Toa Payoh West,total,35-39,960
Woodleigh,total,35-39,190
Tuas - Total,total,35-39,-
Tengeh,total,35-39,-
Tuas Bay,total,35-39,-
Tuas North,total,35-39,-
Tuas Promenade,total,35-39,-
Tuas View,total,35-39,-
Tuas View Extension,total,35-39,-
Western Islands - Total,total,35-39,-
Jurong Island And Bukom,total,35-39,-
Semakau,total,35-39,-
Sudong,total,35-39,-
Western Water Catchment - Total,total,35-39,60
Bahar,total,35-39,-
Cleantech,total,35-39,-
Murai,total,35-39,60
Woodlands - Total,total,35-39,17730
Greenwood Park,total,35-39,-
Midview,total,35-39,2290
North Coast,total,35-39,640
Senoko West,total,35-39,-
Woodgrove,total,35-39,1930
Woodlands East,total,35-39,7270
Woodlands Regional Centre,total,35-39,-
Woodlands South,total,35-39,3420
Woodlands West,total,35-39,2170
Yishun - Total,total,35-39,17930
Khatib,total,35-39,640
Lower Seletar,total,35-39,2220
Nee Soon,total,35-39,40
Northland,total,35-39,1790
Springleaf,total,35-39,180
Yishun Central,total,35-39,210
Yishun East,total,35-39,6320
Yishun South,total,35-39,2940
Yishun West,total,35-39,3600
Total,total,40-44,299290
Ang Mo Kio - Total,total,40-44,11350
Ang Mo Kio Town Centre,total,40-44,400
Cheng San,total,40-44,2070
Chong Boon,total,40-44,1800
Kebun Bahru,total,40-44,1620
Sembawang Hills,total,40-44,370
Shangri-La,total,40-44,1010
Tagore,total,40-44,440
Townsville,total,40-44,1650
Yio Chu Kang,total,40-44,-
Yio Chu Kang East,total,40-44,260
Yio Chu Kang North,total,40-44,-
Yio Chu Kang West,total,40-44,1720
Bedok - Total,total,40-44,19500
Bayshore,total,40-44,770
Bedok North,total,40-44,5670
Bedok Reservoir,total,40-44,2090
Bedok South,total,40-44,3050
Frankel,total,40-44,2950
Kaki Bukit,total,40-44,2260
Kembangan,total,40-44,2290
Siglap,total,40-44,430
Bishan - Total,total,40-44,5750
Bishan East,total,40-44,1890
Marymount,total,40-44,1950
Upper Thomson,total,40-44,1910
Boon Lay - Total,total,40-44,-
Liu Fang,total,40-44,-
Samulun,total,40-44,-
Shipyard,total,40-44,-
Tukang,total,40-44,-
Bukit Batok - Total,total,40-44,10660
Brickworks,total,40-44,1460
Bukit Batok Central,total,40-44,1860
Bukit Batok East,total,40-44,800
Bukit Batok South,total,40-44,930
Bukit Batok West,total,40-44,1010
Gombak,total,40-44,840
Guilin,total,40-44,940
Hillview,total,40-44,1200
Hong Kah North,total,40-44,1630
Bukit Merah - Total,total,40-44,11750
Alexandra Hill,total,40-44,750
Alexandra North,total,40-44,330
Bukit Ho Swee,total,40-44,960
Bukit Merah,total,40-44,70
City Terminals,total,40-44,-
Depot Road,total,40-44,670
Everton Park,total,40-44,590
Henderson Hill,total,40-44,780
Kampong Tiong Bahru,total,40-44,540
Maritime Square,total,40-44,430
Redhill,total,40-44,1080
Singapore General Hospital,total,40-44,-
Telok Blangah Drive,total,40-44,1550
Telok Blangah Rise,total,40-44,840
Telok Blangah Way,total,40-44,690
Tiong Bahru,total,40-44,1250
Tiong Bahru Station,total,40-44,1230
Bukit Panjang - Total,total,40-44,9360
Bangkit,total,40-44,1340
Dairy Farm,total,40-44,560
Fajar,total,40-44,1970
Jelebu,total,40-44,1840
Nature Reserve,total,40-44,260
Saujana,total,40-44,1840
Senja,total,40-44,1570
Bukit Timah - Total,total,40-44,5790
Anak Bukit,total,40-44,1370
Coronation Road,total,40-44,540
Farrer Court,total,40-44,530
Hillcrest,total,40-44,760
Holland Road,total,40-44,900
Leedon Park,total,40-44,500
Swiss Club,total,40-44,400
Ulu Pandan,total,40-44,800
Central Water Catchment - Total,total,40-44,-
Central Water Catchment,total,40-44,-
Changi- Total,total,40-44,170
Changi Airport,total,40-44,-
Changi Point,total,40-44,30
Changi West,total,40-44,140
Changi Bay - Total,total,40-44,-
Changi Bay,total,40-44,-
Choa Chu Kang - Total,total,40-44,12640
Choa Chu Kang Central,total,40-44,1650
Choa Chu Kang North,total,40-44,1640
Keat Hong,total,40-44,2650
Peng Siang,total,40-44,2300
Teck Whye,total,40-44,1260
Yew Tee,total,40-44,3140
Clementi - Total,total,40-44,7260
Clementi Central,total,40-44,1050
Clementi North,total,40-44,2210
Clementi West,total,40-44,1230
Clementi Woods,total,40-44,1190
Faber,total,40-44,540
Pandan,total,40-44,-
Sunset Way,total,40-44,370
Toh Tuck,total,40-44,-
West Coast,total,40-44,660
Downtown Core - Total,total,40-44,340
Anson,total,40-44,-
Bayfront Subzone,total,40-44,-
Bugis,total,40-44,70
Cecil,total,40-44,30
Central Subzone,total,40-44,110
City Hall,total,40-44,-
Clifford Pier,total,40-44,-
Marina Centre,total,40-44,-
Maxwell,total,40-44,-
Nicoll,total,40-44,30
Phillip,total,40-44,-
Raffles Place,total,40-44,-
Tanjong Pagar,total,40-44,80
Geylang - Total,total,40-44,7840
Aljunied,total,40-44,2980
Geylang East,total,40-44,2350
Kallang Way,total,40-44,-
Kampong Ubi,total,40-44,800
Macpherson,total,40-44,1710
Hougang - Total,total,40-44,15090
Defu Industrial Park,total,40-44,-
Hougang Central,total,40-44,240
Hougang East,total,40-44,1710
Hougang West,total,40-44,2580
Kangkar,total,40-44,2480
Kovan,total,40-44,1700
Lorong Ah Soo,total,40-44,2180
Lorong Halus,total,40-44,-
Tai Seng,total,40-44,850
Trafalgar,total,40-44,3340
Jurong East - Total,total,40-44,5210
International Business Park,total,40-44,-
Jurong Gateway,total,40-44,50
Jurong Port,total,40-44,-
Jurong River,total,40-44,-
Lakeside (Business),total,40-44,-
Lakeside (Leisure),total,40-44,60
Penjuru Crescent,total,40-44,-
Teban Gardens,total,40-44,1340
Toh Guan,total,40-44,890
Yuhua East,total,40-44,1690
Yuhua West,total,40-44,1200
Jurong West - Total,total,40-44,20880
Boon Lay Place,total,40-44,2140
Chin Bee,total,40-44,-
Hong Kah,total,40-44,3840
Jurong West Central,total,40-44,6140
Kian Teck,total,40-44,-
Safti,total,40-44,-
Taman Jurong,total,40-44,3040
Wenya,total,40-44,900
Yunnan,total,40-44,4810
Kallang - Total,total,40-44,7830
Bendemeer,total,40-44,3070
Boon Keng,total,40-44,810
Crawford,total,40-44,460
Geylang Bahru,total,40-44,780
Kallang Bahru,total,40-44,-
Kampong Bugis,total,40-44,60
Kampong Java,total,40-44,830
Lavender,total,40-44,770
Tanjong Rhu,total,40-44,1050
Lim Chu Kang - Total,total,40-44,-
Lim Chu Kang,total,40-44,-
Mandai - Total,total,40-44,140
Mandai East,total,40-44,-
Mandai Estate,total,40-44,140
Mandai West,total,40-44,-
Marina East - Total,total,40-44,-
Marina East,total,40-44,-
Marina South - Total,total,40-44,-
Marina South,total,40-44,-
Marine Parade - Total,total,40-44,3730
East Coast,total,40-44,-
Katong,total,40-44,830
Marina East (Mp),total,40-44,-
Marine Parade,total,40-44,2100
Mountbatten,total,40-44,800
Museum - Total,total,40-44,60
Bras Basah,total,40-44,-
Dhoby Ghaut,total,40-44,50
Fort Canning,total,40-44,20
Newton - Total,total,40-44,770
Cairnhill,total,40-44,360
Goodwood Park,total,40-44,130
Istana Negara,total,40-44,-
Monk's Hill,total,40-44,100
Newton Circus,total,40-44,30
Orange Grove,total,40-44,150
North-Eastern Islands - Total,total,40-44,-
North-Eastern Islands,total,40-44,-
Novena - Total,total,40-44,4170
Balestier,total,40-44,2510
Dunearn,total,40-44,260
Malcolm,total,40-44,250
Moulmein,total,40-44,1130
Mount Pleasant,total,40-44,20
Orchard - Total,total,40-44,90
Boulevard,total,40-44,30
Somerset,total,40-44,10
Tanglin,total,40-44,40
Outram - Total,total,40-44,1500
China Square,total,40-44,90
Chinatown,total,40-44,1140
Pearl's Hill,total,40-44,250
People's Park,total,40-44,20
Pasir Ris - Total,total,40-44,9790
Flora Drive,total,40-44,1260
Loyang East,total,40-44,130
Loyang West,total,40-44,-
Pasir Ris Central,total,40-44,2270
Pasir Ris Drive,total,40-44,2880
Pasir Ris Park,total,40-44,910
Pasir Ris Wafer Fab Park,total,40-44,-
Pasir Ris West,total,40-44,2350
Paya Lebar - Total,total,40-44,-
Airport Road,total,40-44,-
Paya Lebar East,total,40-44,-
Paya Lebar North,total,40-44,-
Paya Lebar West,total,40-44,-
Plab,total,40-44,-
Pioneer - Total,total,40-44,-
Benoi Sector,total,40-44,-
Gul Basin,total,40-44,-
Gul Circle,total,40-44,-
Joo Koon,total,40-44,-
Pioneer Sector,total,40-44,-
Punggol - Total,total,40-44,17420
Coney Island,total,40-44,-
Matilda,total,40-44,5120
Northshore,total,40-44,30
Punggol Canal,total,40-44,-
Punggol Field,total,40-44,5100
Punggol Town Centre,total,40-44,2130
Waterway East,total,40-44,5040
Queenstown - Total,total,40-44,7300
Commonwealth,total,40-44,460
Dover,total,40-44,890
Ghim Moh,total,40-44,910
Holland Drive,total,40-44,910
Kent Ridge,total,40-44,-
Margaret Drive,total,40-44,1570
Mei Chin,total,40-44,980
National University Of S'pore,total,40-44,10
One North,total,40-44,80
Pasir Panjang 1,total,40-44,410
Pasir Panjang 2,total,40-44,210
Port,total,40-44,10
Queensway,total,40-44,20
Singapore Polytechnic,total,40-44,-
Tanglin Halt,total,40-44,850
River Valley - Total,total,40-44,1040
Institution Hill,total,40-44,420
Leonie Hill,total,40-44,300
One Tree Hill,total,40-44,150
Oxley,total,40-44,140
Paterson,total,40-44,30
Rochor - Total,total,40-44,1070
Bencoolen,total,40-44,100
Farrer Park,total,40-44,230
Kampong Glam,total,40-44,10
Little India,total,40-44,230
Mackenzie,total,40-44,20
Mount Emily,total,40-44,220
Rochor Canal,total,40-44,-
Selegie,total,40-44,30
Sungei Road,total,40-44,110
Victoria,total,40-44,120
Seletar - Total,total,40-44,20
Pulau Punggol Barat,total,40-44,-
Pulau Punggol Timor,total,40-44,-
Seletar,total,40-44,20
Seletar Aerospace Park,total,40-44,-
Sembawang - Total,total,40-44,8630
Admiralty,total,40-44,1220
Sembawang Central,total,40-44,2840
Sembawang East,total,40-44,1290
Sembawang North,total,40-44,2260
Sembawang Springs,total,40-44,870
Sembawang Straits,total,40-44,140
Senoko North,total,40-44,-
Senoko South,total,40-44,-
The Wharves,total,40-44,-
Sengkang - Total,total,40-44,22600
Anchorvale,total,40-44,4520
Compassvale,total,40-44,2590
Fernvale,total,40-44,6060
Lorong Halus North,total,40-44,-
Rivervale,total,40-44,4520
Sengkang Town Centre,total,40-44,4910
Sengkang West,total,40-44,-
Serangoon - Total,total,40-44,7240
Lorong Chuan,total,40-44,530
Seletar Hills,total,40-44,870
Serangoon Central,total,40-44,1440
Serangoon Garden,total,40-44,2190
Serangoon North,total,40-44,1000
Serangoon North Ind Estate,total,40-44,-
Upper Paya Lebar,total,40-44,1210
Simpang - Total,total,40-44,-
Pulau Seletar,total,40-44,-
Simpang North,total,40-44,-
Simpang South,total,40-44,-
Tanjong Irau,total,40-44,-
Singapore River - Total,total,40-44,410
Boat Quay,total,40-44,10
Clarke Quay,total,40-44,10
Robertson Quay,total,40-44,390
Southern Islands - Total,total,40-44,170
Sentosa,total,40-44,170
Southern Group,total,40-44,-
Straits View - Total,total,40-44,-
Straits View,total,40-44,-
Sungei Kadut - Total,total,40-44,40
Gali Batu,total,40-44,-
Kranji,total,40-44,-
Pang Sua,total,40-44,-
Reservoir View,total,40-44,-
Turf Club,total,40-44,40
Tampines - Total,total,40-44,16880
Simei,total,40-44,2850
Tampines East,total,40-44,8150
Tampines North,total,40-44,440
Tampines West,total,40-44,5360
Xilin,total,40-44,80
Tanglin - Total,total,40-44,2000
Chatsworth,total,40-44,720
Nassim,total,40-44,860
Ridout,total,40-44,120
Tyersall,total,40-44,300
Tengah - Total,total,40-44,-
Brickland,total,40-44,-
Forest Hill,total,40-44,-
Garden,total,40-44,-
Park,total,40-44,-
Plantation,total,40-44,-
Tengah Industrial Estate,total,40-44,-
Toa Payoh - Total,total,40-44,8580
Bidadari,total,40-44,-
Boon Teck,total,40-44,780
Braddell,total,40-44,670
Joo Seng,total,40-44,640
Kim Keat,total,40-44,510
Lorong 8 Toa Payoh,total,40-44,430
Pei Chun,total,40-44,700
Potong Pasir,total,40-44,870
Sennett,total,40-44,500
Toa Payoh Central,total,40-44,2330
Toa Payoh West,total,40-44,950
Woodleigh,total,40-44,190
Tuas - Total,total,40-44,-
Tengeh,total,40-44,-
Tuas Bay,total,40-44,-
Tuas North,total,40-44,-
Tuas Promenade,total,40-44,-
Tuas View,total,40-44,-
Tuas View Extension,total,40-44,-
Western Islands - Total,total,40-44,-
Jurong Island And Bukom,total,40-44,-
Semakau,total,40-44,-
Sudong,total,40-44,-
Western Water Catchment - Total,total,40-44,70
Bahar,total,40-44,-
Cleantech,total,40-44,-
Murai,total,40-44,70
Woodlands - Total,total,40-44,17910
Greenwood Park,total,40-44,-
Midview,total,40-44,2100
North Coast,total,40-44,700
Senoko West,total,40-44,-
Woodgrove,total,40-44,2170
Woodlands East,total,40-44,7460
Woodlands Regional Centre,total,40-44,-
Woodlands South,total,40-44,3540
Woodlands West,total,40-44,1930
Yishun - Total,total,40-44,16220
Khatib,total,40-44,590
Lower Seletar,total,40-44,1490
Nee Soon,total,40-44,60
Northland,total,40-44,1920
Springleaf,total,40-44,260
Yishun Central,total,40-44,230
Yishun East,total,40-44,5050
Yishun South,total,40-44,2810
Yishun West,total,40-44,3810
Total,total,45-49,311740
Ang Mo Kio - Total,total,45-49,12410
Ang Mo Kio Town Centre,total,45-49,470
Cheng San,total,45-49,2200
Chong Boon,total,45-49,1820
Kebun Bahru,total,45-49,1790
Sembawang Hills,total,45-49,550
Shangri-La,total,45-49,1210
Tagore,total,45-49,580
Townsville,total,45-49,1560
Yio Chu Kang,total,45-49,-
Yio Chu Kang East,total,45-49,320
Yio Chu Kang North,total,45-49,-
Yio Chu Kang West,total,45-49,1910
Bedok - Total,total,45-49,21090
Bayshore,total,45-49,860
Bedok North,total,45-49,5960
Bedok Reservoir,total,45-49,2110
Bedok South,total,45-49,3490
Frankel,total,45-49,3180
Kaki Bukit,total,45-49,2460
Kembangan,total,45-49,2520
Siglap,total,45-49,520
Bishan - Total,total,45-49,6720
Bishan East,total,45-49,2160
Marymount,total,45-49,2240
Upper Thomson,total,45-49,2330
Boon Lay - Total,total,45-49,-
Liu Fang,total,45-49,-
Samulun,total,45-49,-
Shipyard,total,45-49,-
Tukang,total,45-49,-
Bukit Batok - Total,total,45-49,11680
Brickworks,total,45-49,1280
Bukit Batok Central,total,45-49,1940
Bukit Batok East,total,45-49,970
Bukit Batok South,total,45-49,1010
Bukit Batok West,total,45-49,1050
Gombak,total,45-49,800
Guilin,total,45-49,1100
Hillview,total,45-49,1640
Hong Kah North,total,45-49,1900
Bukit Merah - Total,total,45-49,11830
Alexandra Hill,total,45-49,950
Alexandra North,total,45-49,300
Bukit Ho Swee,total,45-49,1010
Bukit Merah,total,45-49,80
City Terminals,total,45-49,-
Depot Road,total,45-49,620
Everton Park,total,45-49,680
Henderson Hill,total,45-49,890
Kampong Tiong Bahru,total,45-49,650
Maritime Square,total,45-49,400
Redhill,total,45-49,900
Singapore General Hospital,total,45-49,-
Telok Blangah Drive,total,45-49,1390
Telok Blangah Rise,total,45-49,920
Telok Blangah Way,total,45-49,770
Tiong Bahru,total,45-49,1020
Tiong Bahru Station,total,45-49,1250
Bukit Panjang - Total,total,45-49,10490
Bangkit,total,45-49,1540
Dairy Farm,total,45-49,640
Fajar,total,45-49,1980
Jelebu,total,45-49,2380
Nature Reserve,total,45-49,370
Saujana,total,45-49,1870
Senja,total,45-49,1730
Bukit Timah - Total,total,45-49,6730
Anak Bukit,total,45-49,1640
Coronation Road,total,45-49,610
Farrer Court,total,45-49,630
Hillcrest,total,45-49,850
Holland Road,total,45-49,1080
Leedon Park,total,45-49,570
Swiss Club,total,45-49,430
Ulu Pandan,total,45-49,930
Central Water Catchment - Total,total,45-49,-
Central Water Catchment,total,45-49,-
Changi- Total,total,45-49,160
Changi Airport,total,45-49,-
Changi Point,total,45-49,50
Changi West,total,45-49,120
Changi Bay - Total,total,45-49,-
Changi Bay,total,45-49,-
Choa Chu Kang - Total,total,45-49,14130
Choa Chu Kang Central,total,45-49,1810
Choa Chu Kang North,total,45-49,2280
Keat Hong,total,45-49,2430
Peng Siang,total,45-49,2430
Teck Whye,total,45-49,1640
Yew Tee,total,45-49,3560
Clementi - Total,total,45-49,7420
Clementi Central,total,45-49,1170
Clementi North,total,45-49,2160
Clementi West,total,45-49,1270
Clementi Woods,total,45-49,1200
Faber,total,45-49,500
Pandan,total,45-49,-
Sunset Way,total,45-49,400
Toh Tuck,total,45-49,-
West Coast,total,45-49,720
Downtown Core - Total,total,45-49,330
Anson,total,45-49,-
Bayfront Subzone,total,45-49,-
Bugis,total,45-49,70
Cecil,total,45-49,20
Central Subzone,total,45-49,130
City Hall,total,45-49,-
Clifford Pier,total,45-49,-
Marina Centre,total,45-49,-
Maxwell,total,45-49,-
Nicoll,total,45-49,20
Phillip,total,45-49,-
Raffles Place,total,45-49,-
Tanjong Pagar,total,45-49,70
Geylang - Total,total,45-49,8190
Aljunied,total,45-49,3260
Geylang East,total,45-49,2320
Kallang Way,total,45-49,-
Kampong Ubi,total,45-49,750
Macpherson,total,45-49,1860
Hougang - Total,total,45-49,16500
Defu Industrial Park,total,45-49,-
Hougang Central,total,45-49,320
Hougang East,total,45-49,1640
Hougang West,total,45-49,2960
Kangkar,total,45-49,2520
Kovan,total,45-49,1960
Lorong Ah Soo,total,45-49,2490
Lorong Halus,total,45-49,-
Tai Seng,total,45-49,950
Trafalgar,total,45-49,3670
Jurong East - Total,total,45-49,5860
International Business Park,total,45-49,-
Jurong Gateway,total,45-49,60
Jurong Port,total,45-49,-
Jurong River,total,45-49,-
Lakeside (Business),total,45-49,-
Lakeside (Leisure),total,45-49,70
Penjuru Crescent,total,45-49,-
Teban Gardens,total,45-49,1340
Toh Guan,total,45-49,1120
Yuhua East,total,45-49,1810
Yuhua West,total,45-49,1460
Jurong West - Total,total,45-49,21220
Boon Lay Place,total,45-49,2240
Chin Bee,total,45-49,-
Hong Kah,total,45-49,4190
Jurong West Central,total,45-49,5760
Kian Teck,total,45-49,-
Safti,total,45-49,-
Taman Jurong,total,45-49,3160
Wenya,total,45-49,740
Yunnan,total,45-49,5130
Kallang - Total,total,45-49,8140
Bendemeer,total,45-49,2740
Boon Keng,total,45-49,850
Crawford,total,45-49,550
Geylang Bahru,total,45-49,940
Kallang Bahru,total,45-49,-
Kampong Bugis,total,45-49,70
Kampong Java,total,45-49,920
Lavender,total,45-49,870
Tanjong Rhu,total,45-49,1200
Lim Chu Kang - Total,total,45-49,10
Lim Chu Kang,total,45-49,10
Mandai - Total,total,45-49,190
Mandai East,total,45-49,-
Mandai Estate,total,45-49,190
Mandai West,total,45-49,-
Marina East - Total,total,45-49,-
Marina East,total,45-49,-
Marina South - Total,total,45-49,-
Marina South,total,45-49,-
Marine Parade - Total,total,45-49,4150
East Coast,total,45-49,-
Katong,total,45-49,880
Marina East (Mp),total,45-49,-
Marine Parade,total,45-49,2360
Mountbatten,total,45-49,910
Museum - Total,total,45-49,60
Bras Basah,total,45-49,-
Dhoby Ghaut,total,45-49,30
Fort Canning,total,45-49,30
Newton - Total,total,45-49,850
Cairnhill,total,45-49,390
Goodwood Park,total,45-49,130
Istana Negara,total,45-49,-
Monk's Hill,total,45-49,110
Newton Circus,total,45-49,30
Orange Grove,total,45-49,180
North-Eastern Islands - Total,total,45-49,-
North-Eastern Islands,total,45-49,-
Novena - Total,total,45-49,4330
Balestier,total,45-49,2730
Dunearn,total,45-49,330
Malcolm,total,45-49,270
Moulmein,total,45-49,960
Mount Pleasant,total,45-49,40
Orchard - Total,total,45-49,100
Boulevard,total,45-49,40
Somerset,total,45-49,10
Tanglin,total,45-49,40
Outram - Total,total,45-49,1430
China Square,total,45-49,120
Chinatown,total,45-49,880
Pearl's Hill,total,45-49,400
People's Park,total,45-49,30
Pasir Ris - Total,total,45-49,10850
Flora Drive,total,45-49,1360
Loyang East,total,45-49,170
Loyang West,total,45-49,-
Pasir Ris Central,total,45-49,2280
Pasir Ris Drive,total,45-49,3460
Pasir Ris Park,total,45-49,790
Pasir Ris Wafer Fab Park,total,45-49,-
Pasir Ris West,total,45-49,2800
Paya Lebar - Total,total,45-49,-
Airport Road,total,45-49,-
Paya Lebar East,total,45-49,-
Paya Lebar North,total,45-49,-
Paya Lebar West,total,45-49,-
Plab,total,45-49,-
Pioneer - Total,total,45-49,-
Benoi Sector,total,45-49,-
Gul Basin,total,45-49,-
Gul Circle,total,45-49,-
Joo Koon,total,45-49,-
Pioneer Sector,total,45-49,-
Punggol - Total,total,45-49,14040
Coney Island,total,45-49,-
Matilda,total,45-49,3820
Northshore,total,45-49,40
Punggol Canal,total,45-49,-
Punggol Field,total,45-49,5150
Punggol Town Centre,total,45-49,1440
Waterway East,total,45-49,3590
Queenstown - Total,total,45-49,7430
Commonwealth,total,45-49,570
Dover,total,45-49,950
Ghim Moh,total,45-49,890
Holland Drive,total,45-49,1070
Kent Ridge,total,45-49,-
Margaret Drive,total,45-49,1130
Mei Chin,total,45-49,1190
National University Of S'pore,total,45-49,20
One North,total,45-49,100
Pasir Panjang 1,total,45-49,410
Pasir Panjang 2,total,45-49,210
Port,total,45-49,-
Queensway,total,45-49,30
Singapore Polytechnic,total,45-49,-
Tanglin Halt,total,45-49,850
River Valley - Total,total,45-49,1080
Institution Hill,total,45-49,350
Leonie Hill,total,45-49,390
One Tree Hill,total,45-49,190
Oxley,total,45-49,130
Paterson,total,45-49,30
Rochor - Total,total,45-49,1110
Bencoolen,total,45-49,110
Farrer Park,total,45-49,240
Kampong Glam,total,45-49,10
Little India,total,45-49,260
Mackenzie,total,45-49,10
Mount Emily,total,45-49,200
Rochor Canal,total,45-49,-
Selegie,total,45-49,10
Sungei Road,total,45-49,140
Victoria,total,45-49,120
Seletar - Total,total,45-49,40
Pulau Punggol Barat,total,45-49,-
Pulau Punggol Timor,total,45-49,-
Seletar,total,45-49,40
Seletar Aerospace Park,total,45-49,-
Sembawang - Total,total,45-49,8960
Admiralty,total,45-49,1300
Sembawang Central,total,45-49,3100
Sembawang East,total,45-49,1190
Sembawang North,total,45-49,2390
Sembawang Springs,total,45-49,810
Sembawang Straits,total,45-49,160
Senoko North,total,45-49,-
Senoko South,total,45-49,-
The Wharves,total,45-49,-
Sengkang - Total,total,45-49,20390
Anchorvale,total,45-49,4160
Compassvale,total,45-49,1640
Fernvale,total,45-49,4590
Lorong Halus North,total,45-49,-
Rivervale,total,45-49,5200
Sengkang Town Centre,total,45-49,4800
Sengkang West,total,45-49,-
Serangoon - Total,total,45-49,8220
Lorong Chuan,total,45-49,660
Seletar Hills,total,45-49,1100
Serangoon Central,total,45-49,1730
Serangoon Garden,total,45-49,2510
Serangoon North,total,45-49,1060
Serangoon North Ind Estate,total,45-49,-
Upper Paya Lebar,total,45-49,1160
Simpang - Total,total,45-49,-
Pulau Seletar,total,45-49,-
Simpang North,total,45-49,-
Simpang South,total,45-49,-
Tanjong Irau,total,45-49,-
Singapore River - Total,total,45-49,380
Boat Quay,total,45-49,10
Clarke Quay,total,45-49,20
Robertson Quay,total,45-49,360
Southern Islands - Total,total,45-49,230
Sentosa,total,45-49,230
Southern Group,total,45-49,-
Straits View - Total,total,45-49,-
Straits View,total,45-49,-
Sungei Kadut - Total,total,45-49,60
Gali Batu,total,45-49,-
Kranji,total,45-49,-
Pang Sua,total,45-49,-
Reservoir View,total,45-49,-
Turf Club,total,45-49,50
Tampines - Total,total,45-49,17060
Simei,total,45-49,2990
Tampines East,total,45-49,8350
Tampines North,total,45-49,290
Tampines West,total,45-49,5320
Xilin,total,45-49,110
Tanglin - Total,total,45-49,2200
Chatsworth,total,45-49,780
Nassim,total,45-49,940
Ridout,total,45-49,120
Tyersall,total,45-49,360
Tengah - Total,total,45-49,-
Brickland,total,45-49,-
Forest Hill,total,45-49,-
Garden,total,45-49,-
Park,total,45-49,-
Plantation,total,45-49,-
Tengah Industrial Estate,total,45-49,-
Toa Payoh - Total,total,45-49,9490
Bidadari,total,45-49,-
Boon Teck,total,45-49,1010
Braddell,total,45-49,730
Joo Seng,total,45-49,660
Kim Keat,total,45-49,580
Lorong 8 Toa Payoh,total,45-49,530
Pei Chun,total,45-49,850
Potong Pasir,total,45-49,940
Sennett,total,45-49,530
Toa Payoh Central,total,45-49,2350
Toa Payoh West,total,45-49,1090
Woodleigh,total,45-49,220
Tuas - Total,total,45-49,-
Tengeh,total,45-49,-
Tuas Bay,total,45-49,-
Tuas North,total,45-49,-
Tuas Promenade,total,45-49,-
Tuas View,total,45-49,-
Tuas View Extension,total,45-49,-
Western Islands - Total,total,45-49,-
Jurong Island And Bukom,total,45-49,-
Semakau,total,45-49,-
Sudong,total,45-49,-
Western Water Catchment - Total,total,45-49,40
Bahar,total,45-49,-
Cleantech,total,45-49,-
Murai,total,45-49,40
Woodlands - Total,total,45-49,20320
Greenwood Park,total,45-49,-
Midview,total,45-49,2520
North Coast,total,45-49,850
Senoko West,total,45-49,-
Woodgrove,total,45-49,2610
Woodlands East,total,45-49,8490
Woodlands Regional Centre,total,45-49,-
Woodlands South,total,45-49,3590
Woodlands West,total,45-49,2250
Yishun - Total,total,45-49,15820
Khatib,total,45-49,650
Lower Seletar,total,45-49,1260
Nee Soon,total,45-49,90
Northland,total,45-49,1940
Springleaf,total,45-49,310
Yishun Central,total,45-49,220
Yishun East,total,45-49,4090
Yishun South,total,45-49,3010
Yishun West,total,45-49,4230
Total,total,50-54,296070
Ang Mo Kio - Total,total,50-54,11860
Ang Mo Kio Town Centre,total,50-54,370
Cheng San,total,50-54,2050
Chong Boon,total,50-54,1900
Kebun Bahru,total,50-54,1710
Sembawang Hills,total,50-54,540
Shangri-La,total,50-54,1200
Tagore,total,50-54,580
Townsville,total,50-54,1360
Yio Chu Kang,total,50-54,-
Yio Chu Kang East,total,50-54,290
Yio Chu Kang North,total,50-54,-
Yio Chu Kang West,total,50-54,1850
Bedok - Total,total,50-54,20050
Bayshore,total,50-54,650
Bedok North,total,50-54,6030
Bedok Reservoir,total,50-54,1920
Bedok South,total,50-54,3430
Frankel,total,50-54,2510
Kaki Bukit,total,50-54,2450
Kembangan,total,50-54,2620
Siglap,total,50-54,450
Bishan - Total,total,50-54,6290
Bishan East,total,50-54,1880
Marymount,total,50-54,2190
Upper Thomson,total,50-54,2230
Boon Lay - Total,total,50-54,-
Liu Fang,total,50-54,-
Samulun,total,50-54,-
Shipyard,total,50-54,-
Tukang,total,50-54,-
Bukit Batok - Total,total,50-54,11900
Brickworks,total,50-54,990
Bukit Batok Central,total,50-54,1960
Bukit Batok East,total,50-54,930
Bukit Batok South,total,50-54,1180
Bukit Batok West,total,50-54,1100
Gombak,total,50-54,750
Guilin,total,50-54,1110
Hillview,total,50-54,1840
Hong Kah North,total,50-54,2040
Bukit Merah - Total,total,50-54,10630
Alexandra Hill,total,50-54,960
Alexandra North,total,50-54,180
Bukit Ho Swee,total,50-54,970
Bukit Merah,total,50-54,90
City Terminals,total,50-54,-
Depot Road,total,50-54,440
Everton Park,total,50-54,570
Henderson Hill,total,50-54,1010
Kampong Tiong Bahru,total,50-54,690
Maritime Square,total,50-54,310
Redhill,total,50-54,790
Singapore General Hospital,total,50-54,-
Telok Blangah Drive,total,50-54,1180
Telok Blangah Rise,total,50-54,850
Telok Blangah Way,total,50-54,680
Tiong Bahru,total,50-54,800
Tiong Bahru Station,total,50-54,1110
Bukit Panjang - Total,total,50-54,10100
Bangkit,total,50-54,1730
Dairy Farm,total,50-54,560
Fajar,total,50-54,1850
Jelebu,total,50-54,2600
Nature Reserve,total,50-54,350
Saujana,total,50-54,1710
Senja,total,50-54,1320
Bukit Timah - Total,total,50-54,6060
Anak Bukit,total,50-54,1600
Coronation Road,total,50-54,480
Farrer Court,total,50-54,490
Hillcrest,total,50-54,740
Holland Road,total,50-54,920
Leedon Park,total,50-54,580
Swiss Club,total,50-54,420
Ulu Pandan,total,50-54,820
Central Water Catchment - Total,total,50-54,-
Central Water Catchment,total,50-54,-
Changi- Total,total,50-54,130
Changi Airport,total,50-54,-
Changi Point,total,50-54,60
Changi West,total,50-54,80
Changi Bay - Total,total,50-54,-
Changi Bay,total,50-54,-
Choa Chu Kang - Total,total,50-54,16080
Choa Chu Kang Central,total,50-54,1970
Choa Chu Kang North,total,50-54,3400
Keat Hong,total,50-54,2430
Peng Siang,total,50-54,2670
Teck Whye,total,50-54,1910
Yew Tee,total,50-54,3700
Clementi - Total,total,50-54,6520
Clementi Central,total,50-54,970
Clementi North,total,50-54,1880
Clementi West,total,50-54,1210
Clementi Woods,total,50-54,1110
Faber,total,50-54,360
Pandan,total,50-54,-
Sunset Way,total,50-54,440
Toh Tuck,total,50-54,-
West Coast,total,50-54,550
Downtown Core - Total,total,50-54,250
Anson,total,50-54,-
Bayfront Subzone,total,50-54,-
Bugis,total,50-54,70
Cecil,total,50-54,20
Central Subzone,total,50-54,70
City Hall,total,50-54,-
Clifford Pier,total,50-54,-
Marina Centre,total,50-54,-
Maxwell,total,50-54,-
Nicoll,total,50-54,30
Phillip,total,50-54,-
Raffles Place,total,50-54,-
Tanjong Pagar,total,50-54,40
Geylang - Total,total,50-54,7850
Aljunied,total,50-54,2860
Geylang East,total,50-54,2050
Kallang Way,total,50-54,-
Kampong Ubi,total,50-54,750
Macpherson,total,50-54,2190
Hougang - Total,total,50-54,16610
Defu Industrial Park,total,50-54,-
Hougang Central,total,50-54,400
Hougang East,total,50-54,1610
Hougang West,total,50-54,3310
Kangkar,total,50-54,2170
Kovan,total,50-54,1740
Lorong Ah Soo,total,50-54,2410
Lorong Halus,total,50-54,-
Tai Seng,total,50-54,1020
Trafalgar,total,50-54,3950
Jurong East - Total,total,50-54,5640
International Business Park,total,50-54,-
Jurong Gateway,total,50-54,30
Jurong Port,total,50-54,-
Jurong River,total,50-54,-
Lakeside (Business),total,50-54,-
Lakeside (Leisure),total,50-54,80
Penjuru Crescent,total,50-54,-
Teban Gardens,total,50-54,1270
Toh Guan,total,50-54,1070
Yuhua East,total,50-54,1750
Yuhua West,total,50-54,1440
Jurong West - Total,total,50-54,20120
Boon Lay Place,total,50-54,2250
Chin Bee,total,50-54,-
Hong Kah,total,50-54,3960
Jurong West Central,total,50-54,4590
Kian Teck,total,50-54,-
Safti,total,50-54,-
Taman Jurong,total,50-54,3230
Wenya,total,50-54,540
Yunnan,total,50-54,5550
Kallang - Total,total,50-54,7320
Bendemeer,total,50-54,2350
Boon Keng,total,50-54,880
Crawford,total,50-54,620
Geylang Bahru,total,50-54,940
Kallang Bahru,total,50-54,-
Kampong Bugis,total,50-54,50
Kampong Java,total,50-54,780
Lavender,total,50-54,720
Tanjong Rhu,total,50-54,990
Lim Chu Kang - Total,total,50-54,10
Lim Chu Kang,total,50-54,10
Mandai - Total,total,50-54,160
Mandai East,total,50-54,-
Mandai Estate,total,50-54,160
Mandai West,total,50-54,-
Marina East - Total,total,50-54,-
Marina East,total,50-54,-
Marina South - Total,total,50-54,-
Marina South,total,50-54,-
Marine Parade - Total,total,50-54,3440
East Coast,total,50-54,-
Katong,total,50-54,710
Marina East (Mp),total,50-54,-
Marine Parade,total,50-54,2010
Mountbatten,total,50-54,720
Museum - Total,total,50-54,40
Bras Basah,total,50-54,-
Dhoby Ghaut,total,50-54,20
Fort Canning,total,50-54,20
Newton - Total,total,50-54,690
Cairnhill,total,50-54,320
Goodwood Park,total,50-54,80
Istana Negara,total,50-54,-
Monk's Hill,total,50-54,80
Newton Circus,total,50-54,30
Orange Grove,total,50-54,170
North-Eastern Islands - Total,total,50-54,-
North-Eastern Islands,total,50-54,-
Novena - Total,total,50-54,3610
Balestier,total,50-54,2390
Dunearn,total,50-54,330
Malcolm,total,50-54,200
Moulmein,total,50-54,630
Mount Pleasant,total,50-54,50
Orchard - Total,total,50-54,70
Boulevard,total,50-54,20
Somerset,total,50-54,20
Tanglin,total,50-54,30
Outram - Total,total,50-54,1230
China Square,total,50-54,90
Chinatown,total,50-54,690
Pearl's Hill,total,50-54,440
People's Park,total,50-54,10
Pasir Ris - Total,total,50-54,13010
Flora Drive,total,50-54,1260
Loyang East,total,50-54,170
Loyang West,total,50-54,-
Pasir Ris Central,total,50-54,2590
Pasir Ris Drive,total,50-54,4750
Pasir Ris Park,total,50-54,640
Pasir Ris Wafer Fab Park,total,50-54,-
Pasir Ris West,total,50-54,3590
Paya Lebar - Total,total,50-54,-
Airport Road,total,50-54,-
Paya Lebar East,total,50-54,-
Paya Lebar North,total,50-54,-
Paya Lebar West,total,50-54,-
Plab,total,50-54,-
Pioneer - Total,total,50-54,-
Benoi Sector,total,50-54,-
Gul Basin,total,50-54,-
Gul Circle,total,50-54,-
Joo Koon,total,50-54,-
Pioneer Sector,total,50-54,-
Punggol - Total,total,50-54,9290
Coney Island,total,50-54,-
Matilda,total,50-54,2550
Northshore,total,50-54,40
Punggol Canal,total,50-54,-
Punggol Field,total,50-54,3390
Punggol Town Centre,total,50-54,980
Waterway East,total,50-54,2340
Queenstown - Total,total,50-54,6850
Commonwealth,total,50-54,570
Dover,total,50-54,910
Ghim Moh,total,50-54,800
Holland Drive,total,50-54,970
Kent Ridge,total,50-54,-
Margaret Drive,total,50-54,890
Mei Chin,total,50-54,1250
National University Of S'pore,total,50-54,10
One North,total,50-54,80
Pasir Panjang 1,total,50-54,350
Pasir Panjang 2,total,50-54,240
Port,total,50-54,10
Queensway,total,50-54,30
Singapore Polytechnic,total,50-54,-
Tanglin Halt,total,50-54,750
River Valley - Total,total,50-54,880
Institution Hill,total,50-54,220
Leonie Hill,total,50-54,300
One Tree Hill,total,50-54,210
Oxley,total,50-54,120
Paterson,total,50-54,20
Rochor - Total,total,50-54,930
Bencoolen,total,50-54,110
Farrer Park,total,50-54,200
Kampong Glam,total,50-54,-
Little India,total,50-54,230
Mackenzie,total,50-54,10
Mount Emily,total,50-54,100
Rochor Canal,total,50-54,-
Selegie,total,50-54,10
Sungei Road,total,50-54,150
Victoria,total,50-54,120
Seletar - Total,total,50-54,40
Pulau Punggol Barat,total,50-54,-
Pulau Punggol Timor,total,50-54,-
Seletar,total,50-54,40
Seletar Aerospace Park,total,50-54,-
Sembawang - Total,total,50-54,7310
Admiralty,total,50-54,980
Sembawang Central,total,50-54,2600
Sembawang East,total,50-54,1000
Sembawang North,total,50-54,1940
Sembawang Springs,total,50-54,640
Sembawang Straits,total,50-54,160
Senoko North,total,50-54,-
Senoko South,total,50-54,-
The Wharves,total,50-54,-
Sengkang - Total,total,50-54,15940
Anchorvale,total,50-54,2660
Compassvale,total,50-54,970
Fernvale,total,50-54,3320
Lorong Halus North,total,50-54,-
Rivervale,total,50-54,4540
Sengkang Town Centre,total,50-54,4450
Sengkang West,total,50-54,-
Serangoon - Total,total,50-54,8390
Lorong Chuan,total,50-54,710
Seletar Hills,total,50-54,1100
Serangoon Central,total,50-54,1670
Serangoon Garden,total,50-54,2510
Serangoon North,total,50-54,1290
Serangoon North Ind Estate,total,50-54,-
Upper Paya Lebar,total,50-54,1110
Simpang - Total,total,50-54,-
Pulau Seletar,total,50-54,-
Simpang North,total,50-54,-
Simpang South,total,50-54,-
Tanjong Irau,total,50-54,-
Singapore River - Total,total,50-54,270
Boat Quay,total,50-54,10
Clarke Quay,total,50-54,10
Robertson Quay,total,50-54,250
Southern Islands - Total,total,50-54,210
Sentosa,total,50-54,210
Southern Group,total,50-54,-
Straits View - Total,total,50-54,-
Straits View,total,50-54,-
Sungei Kadut - Total,total,50-54,60
Gali Batu,total,50-54,-
Kranji,total,50-54,-
Pang Sua,total,50-54,-
Reservoir View,total,50-54,-
Turf Club,total,50-54,50
Tampines - Total,total,50-54,18730
Simei,total,50-54,2950
Tampines East,total,50-54,9710
Tampines North,total,50-54,300
Tampines West,total,50-54,5640
Xilin,total,50-54,130
Tanglin - Total,total,50-54,1760
Chatsworth,total,50-54,600
Nassim,total,50-54,710
Ridout,total,50-54,120
Tyersall,total,50-54,330
Tengah - Total,total,50-54,-
Brickland,total,50-54,-
Forest Hill,total,50-54,-
Garden,total,50-54,-
Park,total,50-54,-
Plantation,total,50-54,-
Tengah Industrial Estate,total,50-54,-
Toa Payoh - Total,total,50-54,8780
Bidadari,total,50-54,-
Boon Teck,total,50-54,1030
Braddell,total,50-54,720
Joo Seng,total,50-54,550
Kim Keat,total,50-54,560
Lorong 8 Toa Payoh,total,50-54,550
Pei Chun,total,50-54,890
Potong Pasir,total,50-54,810
Sennett,total,50-54,370
Toa Payoh Central,total,50-54,2090
Toa Payoh West,total,50-54,1000
Woodleigh,total,50-54,200
Tuas - Total,total,50-54,-
Tengeh,total,50-54,-
Tuas Bay,total,50-54,-
Tuas North,total,50-54,-
Tuas Promenade,total,50-54,-
Tuas View,total,50-54,-
Tuas View Extension,total,50-54,-
Western Islands - Total,total,50-54,-
Jurong Island And Bukom,total,50-54,-
Semakau,total,50-54,-
Sudong,total,50-54,-
Western Water Catchment - Total,total,50-54,30
Bahar,total,50-54,-
Cleantech,total,50-54,-
Murai,total,50-54,30
Woodlands - Total,total,50-54,21560
Greenwood Park,total,50-54,-
Midview,total,50-54,3270
North Coast,total,50-54,1030
Senoko West,total,50-54,-
Woodgrove,total,50-54,3300
Woodlands East,total,50-54,8020
Woodlands Regional Centre,total,50-54,-
Woodlands South,total,50-54,3190
Woodlands West,total,50-54,2740
Yishun - Total,total,50-54,15350
Khatib,total,50-54,740
Lower Seletar,total,50-54,870
Nee Soon,total,50-54,80
Northland,total,50-54,2100
Springleaf,total,50-54,290
Yishun Central,total,50-54,190
Yishun East,total,50-54,3850
Yishun South,total,50-54,2890
Yishun West,total,50-54,4330
Total,total,55-59,305830
Ang Mo Kio - Total,total,55-59,12780
Ang Mo Kio Town Centre,total,55-59,320
Cheng San,total,55-59,2120
Chong Boon,total,55-59,2090
Kebun Bahru,total,55-59,1800
Sembawang Hills,total,55-59,550
Shangri-La,total,55-59,1390
Tagore,total,55-59,670
Townsville,total,55-59,1580
Yio Chu Kang,total,55-59,-
Yio Chu Kang East,total,55-59,330
Yio Chu Kang North,total,55-59,-
Yio Chu Kang West,total,55-59,1950
Bedok - Total,total,55-59,21950
Bayshore,total,55-59,510
Bedok North,total,55-59,6950
Bedok Reservoir,total,55-59,1840
Bedok South,total,55-59,3730
Frankel,total,55-59,2280
Kaki Bukit,total,55-59,3240
Kembangan,total,55-59,2940
Siglap,total,55-59,460
Bishan - Total,total,55-59,6960
Bishan East,total,55-59,2110
Marymount,total,55-59,2530
Upper Thomson,total,55-59,2310
Boon Lay - Total,total,55-59,-
Liu Fang,total,55-59,-
Samulun,total,55-59,-
Shipyard,total,55-59,-
Tukang,total,55-59,-
Bukit Batok - Total,total,55-59,12500
Brickworks,total,55-59,790
Bukit Batok Central,total,55-59,2020
Bukit Batok East,total,55-59,1160
Bukit Batok South,total,55-59,1310
Bukit Batok West,total,55-59,1180
Gombak,total,55-59,710
Guilin,total,55-59,1100
Hillview,total,55-59,1860
Hong Kah North,total,55-59,2370
Bukit Merah - Total,total,55-59,10670
Alexandra Hill,total,55-59,1070
Alexandra North,total,55-59,130
Bukit Ho Swee,total,55-59,1120
Bukit Merah,total,55-59,90
City Terminals,total,55-59,-
Depot Road,total,55-59,370
Everton Park,total,55-59,520
Henderson Hill,total,55-59,1050
Kampong Tiong Bahru,total,55-59,720
Maritime Square,total,55-59,240
Redhill,total,55-59,730
Singapore General Hospital,total,55-59,-
Telok Blangah Drive,total,55-59,1230
Telok Blangah Rise,total,55-59,860
Telok Blangah Way,total,55-59,740
Tiong Bahru,total,55-59,730
Tiong Bahru Station,total,55-59,1070
Bukit Panjang - Total,total,55-59,11250
Bangkit,total,55-59,2190
Dairy Farm,total,55-59,550
Fajar,total,55-59,2140
Jelebu,total,55-59,2890
Nature Reserve,total,55-59,340
Saujana,total,55-59,1880
Senja,total,55-59,1260
Bukit Timah - Total,total,55-59,5310
Anak Bukit,total,55-59,1580
Coronation Road,total,55-59,400
Farrer Court,total,55-59,380
Hillcrest,total,55-59,640
Holland Road,total,55-59,700
Leedon Park,total,55-59,440
Swiss Club,total,55-59,350
Ulu Pandan,total,55-59,830
Central Water Catchment - Total,total,55-59,-
Central Water Catchment,total,55-59,-
Changi- Total,total,55-59,100
Changi Airport,total,55-59,-
Changi Point,total,55-59,60
Changi West,total,55-59,40
Changi Bay - Total,total,55-59,-
Changi Bay,total,55-59,-
Choa Chu Kang - Total,total,55-59,16140
Choa Chu Kang Central,total,55-59,1990
Choa Chu Kang North,total,55-59,3230
Keat Hong,total,55-59,2280
Peng Siang,total,55-59,2880
Teck Whye,total,55-59,2440
Yew Tee,total,55-59,3330
Clementi - Total,total,55-59,6400
Clementi Central,total,55-59,990
Clementi North,total,55-59,1980
Clementi West,total,55-59,1150
Clementi Woods,total,55-59,1180
Faber,total,55-59,290
Pandan,total,55-59,-
Sunset Way,total,55-59,420
Toh Tuck,total,55-59,-
West Coast,total,55-59,400
Downtown Core - Total,total,55-59,220
Anson,total,55-59,-
Bayfront Subzone,total,55-59,-
Bugis,total,55-59,60
Cecil,total,55-59,10
Central Subzone,total,55-59,60
City Hall,total,55-59,-
Clifford Pier,total,55-59,-
Marina Centre,total,55-59,-
Maxwell,total,55-59,-
Nicoll,total,55-59,30
Phillip,total,55-59,-
Raffles Place,total,55-59,-
Tanjong Pagar,total,55-59,50
Geylang - Total,total,55-59,8600
Aljunied,total,55-59,3070
Geylang East,total,55-59,2110
Kallang Way,total,55-59,-
Kampong Ubi,total,55-59,1010
Macpherson,total,55-59,2410
Hougang - Total,total,55-59,19030
Defu Industrial Park,total,55-59,-
Hougang Central,total,55-59,400
Hougang East,total,55-59,2070
Hougang West,total,55-59,4430
Kangkar,total,55-59,2290
Kovan,total,55-59,1940
Lorong Ah Soo,total,55-59,2580
Lorong Halus,total,55-59,-
Tai Seng,total,55-59,1180
Trafalgar,total,55-59,4150
Jurong East - Total,total,55-59,6220
International Business Park,total,55-59,-
Jurong Gateway,total,55-59,20
Jurong Port,total,55-59,-
Jurong River,total,55-59,-
Lakeside (Business),total,55-59,-
Lakeside (Leisure),total,55-59,70
Penjuru Crescent,total,55-59,-
Teban Gardens,total,55-59,1360
Toh Guan,total,55-59,1280
Yuhua East,total,55-59,1890
Yuhua West,total,55-59,1600
Jurong West - Total,total,55-59,19360
Boon Lay Place,total,55-59,2120
Chin Bee,total,55-59,-
Hong Kah,total,55-59,4010
Jurong West Central,total,55-59,4170
Kian Teck,total,55-59,-
Safti,total,55-59,-
Taman Jurong,total,55-59,2840
Wenya,total,55-59,420
Yunnan,total,55-59,5790
Kallang - Total,total,55-59,7490
Bendemeer,total,55-59,2380
Boon Keng,total,55-59,910
Crawford,total,55-59,810
Geylang Bahru,total,55-59,980
Kallang Bahru,total,55-59,-
Kampong Bugis,total,55-59,60
Kampong Java,total,55-59,790
Lavender,total,55-59,750
Tanjong Rhu,total,55-59,820
Lim Chu Kang - Total,total,55-59,10
Lim Chu Kang,total,55-59,10
Mandai - Total,total,55-59,180
Mandai East,total,55-59,-
Mandai Estate,total,55-59,180
Mandai West,total,55-59,-
Marina East - Total,total,55-59,-
Marina East,total,55-59,-
Marina South - Total,total,55-59,-
Marina South,total,55-59,-
Marine Parade - Total,total,55-59,3270
East Coast,total,55-59,-
Katong,total,55-59,670
Marina East (Mp),total,55-59,-
Marine Parade,total,55-59,1870
Mountbatten,total,55-59,740
Museum - Total,total,55-59,40
Bras Basah,total,55-59,-
Dhoby Ghaut,total,55-59,20
Fort Canning,total,55-59,20
Newton - Total,total,55-59,600
Cairnhill,total,55-59,270
Goodwood Park,total,55-59,90
Istana Negara,total,55-59,-
Monk's Hill,total,55-59,80
Newton Circus,total,55-59,20
Orange Grove,total,55-59,150
North-Eastern Islands - Total,total,55-59,-
North-Eastern Islands,total,55-59,-
Novena - Total,total,55-59,3400
Balestier,total,55-59,2320
Dunearn,total,55-59,310
Malcolm,total,55-59,220
Moulmein,total,55-59,500
Mount Pleasant,total,55-59,70
Orchard - Total,total,55-59,50
Boulevard,total,55-59,20
Somerset,total,55-59,-
Tanglin,total,55-59,30
Outram - Total,total,55-59,1400
China Square,total,55-59,130
Chinatown,total,55-59,690
Pearl's Hill,total,55-59,570
People's Park,total,55-59,20
Pasir Ris - Total,total,55-59,13830
Flora Drive,total,55-59,1200
Loyang East,total,55-59,190
Loyang West,total,55-59,10
Pasir Ris Central,total,55-59,2890
Pasir Ris Drive,total,55-59,5660
Pasir Ris Park,total,55-59,470
Pasir Ris Wafer Fab Park,total,55-59,-
Pasir Ris West,total,55-59,3430
Paya Lebar - Total,total,55-59,-
Airport Road,total,55-59,-
Paya Lebar East,total,55-59,-
Paya Lebar North,total,55-59,-
Paya Lebar West,total,55-59,-
Plab,total,55-59,-
Pioneer - Total,total,55-59,-
Benoi Sector,total,55-59,-
Gul Basin,total,55-59,-
Gul Circle,total,55-59,-
Joo Koon,total,55-59,-
Pioneer Sector,total,55-59,-
Punggol - Total,total,55-59,7890
Coney Island,total,55-59,-
Matilda,total,55-59,2140
Northshore,total,55-59,30
Punggol Canal,total,55-59,-
Punggol Field,total,55-59,2930
Punggol Town Centre,total,55-59,790
Waterway East,total,55-59,2000
Queenstown - Total,total,55-59,6850
Commonwealth,total,55-59,610
Dover,total,55-59,820
Ghim Moh,total,55-59,860
Holland Drive,total,55-59,950
Kent Ridge,total,55-59,-
Margaret Drive,total,55-59,850
Mei Chin,total,55-59,1300
National University Of S'pore,total,55-59,10
One North,total,55-59,40
Pasir Panjang 1,total,55-59,340
Pasir Panjang 2,total,55-59,250
Port,total,55-59,10
Queensway,total,55-59,20
Singapore Polytechnic,total,55-59,-
Tanglin Halt,total,55-59,770
River Valley - Total,total,55-59,650
Institution Hill,total,55-59,140
Leonie Hill,total,55-59,220
One Tree Hill,total,55-59,170
Oxley,total,55-59,110
Paterson,total,55-59,20
Rochor - Total,total,55-59,960
Bencoolen,total,55-59,110
Farrer Park,total,55-59,170
Kampong Glam,total,55-59,10
Little India,total,55-59,250
Mackenzie,total,55-59,-
Mount Emily,total,55-59,80
Rochor Canal,total,55-59,-
Selegie,total,55-59,10
Sungei Road,total,55-59,170
Victoria,total,55-59,150
Seletar - Total,total,55-59,30
Pulau Punggol Barat,total,55-59,-
Pulau Punggol Timor,total,55-59,-
Seletar,total,55-59,20
Seletar Aerospace Park,total,55-59,-
Sembawang - Total,total,55-59,6720
Admiralty,total,55-59,940
Sembawang Central,total,55-59,2500
Sembawang East,total,55-59,840
Sembawang North,total,55-59,1800
Sembawang Springs,total,55-59,470
Sembawang Straits,total,55-59,180
Senoko North,total,55-59,-
Senoko South,total,55-59,-
The Wharves,total,55-59,-
Sengkang - Total,total,55-59,14960
Anchorvale,total,55-59,2370
Compassvale,total,55-59,900
Fernvale,total,55-59,2800
Lorong Halus North,total,55-59,-
Rivervale,total,55-59,4630
Sengkang Town Centre,total,55-59,4260
Sengkang West,total,55-59,-
Serangoon - Total,total,55-59,9410
Lorong Chuan,total,55-59,730
Seletar Hills,total,55-59,1200
Serangoon Central,total,55-59,1970
Serangoon Garden,total,55-59,2830
Serangoon North,total,55-59,1470
Serangoon North Ind Estate,total,55-59,-
Upper Paya Lebar,total,55-59,1210
Simpang - Total,total,55-59,-
Pulau Seletar,total,55-59,-
Simpang North,total,55-59,-
Simpang South,total,55-59,-
Tanjong Irau,total,55-59,-
Singapore River - Total,total,55-59,200
Boat Quay,total,55-59,10
Clarke Quay,total,55-59,10
Robertson Quay,total,55-59,180
Southern Islands - Total,total,55-59,190
Sentosa,total,55-59,190
Southern Group,total,55-59,-
Straits View - Total,total,55-59,-
Straits View,total,55-59,-
Sungei Kadut - Total,total,55-59,60
Gali Batu,total,55-59,-
Kranji,total,55-59,-
Pang Sua,total,55-59,-
Reservoir View,total,55-59,-
Turf Club,total,55-59,50
Tampines - Total,total,55-59,21570
Simei,total,55-59,3360
Tampines East,total,55-59,11350
Tampines North,total,55-59,240
Tampines West,total,55-59,6390
Xilin,total,55-59,230
Tanglin - Total,total,55-59,1440
Chatsworth,total,55-59,420
Nassim,total,55-59,620
Ridout,total,55-59,110
Tyersall,total,55-59,290
Tengah - Total,total,55-59,-
Brickland,total,55-59,-
Forest Hill,total,55-59,-
Garden,total,55-59,-
Park,total,55-59,-
Plantation,total,55-59,-
Tengah Industrial Estate,total,55-59,-
Toa Payoh - Total,total,55-59,9150
Bidadari,total,55-59,-
Boon Teck,total,55-59,1170
Braddell,total,55-59,740
Joo Seng,total,55-59,560
Kim Keat,total,55-59,640
Lorong 8 Toa Payoh,total,55-59,610
Pei Chun,total,55-59,870
Potong Pasir,total,55-59,840
Sennett,total,55-59,420
Toa Payoh Central,total,55-59,2030
Toa Payoh West,total,55-59,1100
Woodleigh,total,55-59,160
Tuas - Total,total,55-59,-
Tengeh,total,55-59,-
Tuas Bay,total,55-59,-
Tuas North,total,55-59,-
Tuas Promenade,total,55-59,-
Tuas View,total,55-59,-
Tuas View Extension,total,55-59,-
Western Islands - Total,total,55-59,-
Jurong Island And Bukom,total,55-59,-
Semakau,total,55-59,-
Sudong,total,55-59,-
Western Water Catchment - Total,total,55-59,50
Bahar,total,55-59,-
Cleantech,total,55-59,-
Murai,total,55-59,50
Woodlands - Total,total,55-59,20200
Greenwood Park,total,55-59,-
Midview,total,55-59,2960
North Coast,total,55-59,1210
Senoko West,total,55-59,-
Woodgrove,total,55-59,3000
Woodlands East,total,55-59,7510
Woodlands Regional Centre,total,55-59,-
Woodlands South,total,55-59,2600
Woodlands West,total,55-59,2920
Yishun - Total,total,55-59,17760
Khatib,total,55-59,1010
Lower Seletar,total,55-59,730
Nee Soon,total,55-59,90
Northland,total,55-59,2640
Springleaf,total,55-59,370
Yishun Central,total,55-59,210
Yishun East,total,55-59,4190
Yishun South,total,55-59,3690
Yishun West,total,55-59,4840
Total,total,60-64,284630
Ang Mo Kio - Total,total,60-64,12730
Ang Mo Kio Town Centre,total,60-64,300
Cheng San,total,60-64,2120
Chong Boon,total,60-64,2140
Kebun Bahru,total,60-64,1750
Sembawang Hills,total,60-64,480
Shangri-La,total,60-64,1270
Tagore,total,60-64,730
Townsville,total,60-64,1660
Yio Chu Kang,total,60-64,-
Yio Chu Kang East,total,60-64,380
Yio Chu Kang North,total,60-64,-
Yio Chu Kang West,total,60-64,1910
Bedok - Total,total,60-64,21860
Bayshore,total,60-64,400
Bedok North,total,60-64,6560
Bedok Reservoir,total,60-64,1800
Bedok South,total,60-64,3740
Frankel,total,60-64,2110
Kaki Bukit,total,60-64,3510
Kembangan,total,60-64,3240
Siglap,total,60-64,500
Bishan - Total,total,60-64,7130
Bishan East,total,60-64,2420
Marymount,total,60-64,2360
Upper Thomson,total,60-64,2350
Boon Lay - Total,total,60-64,-
Liu Fang,total,60-64,-
Samulun,total,60-64,-
Shipyard,total,60-64,-
Tukang,total,60-64,-
Bukit Batok - Total,total,60-64,11750
Brickworks,total,60-64,640
Bukit Batok Central,total,60-64,2100
Bukit Batok East,total,60-64,1220
Bukit Batok South,total,60-64,1160
Bukit Batok West,total,60-64,1220
Gombak,total,60-64,630
Guilin,total,60-64,920
Hillview,total,60-64,1400
Hong Kah North,total,60-64,2460
Bukit Merah - Total,total,60-64,11110
Alexandra Hill,total,60-64,1140
Alexandra North,total,60-64,100
Bukit Ho Swee,total,60-64,1270
Bukit Merah,total,60-64,70
City Terminals,total,60-64,-
Depot Road,total,60-64,340
Everton Park,total,60-64,580
Henderson Hill,total,60-64,1140
Kampong Tiong Bahru,total,60-64,780
Maritime Square,total,60-64,190
Redhill,total,60-64,620
Singapore General Hospital,total,60-64,-
Telok Blangah Drive,total,60-64,1200
Telok Blangah Rise,total,60-64,1030
Telok Blangah Way,total,60-64,820
Tiong Bahru,total,60-64,790
Tiong Bahru Station,total,60-64,1050
Bukit Panjang - Total,total,60-64,10280
Bangkit,total,60-64,2020
Dairy Farm,total,60-64,430
Fajar,total,60-64,1820
Jelebu,total,60-64,2660
Nature Reserve,total,60-64,270
Saujana,total,60-64,1840
Senja,total,60-64,1240
Bukit Timah - Total,total,60-64,4950
Anak Bukit,total,60-64,1730
Coronation Road,total,60-64,360
Farrer Court,total,60-64,290
Hillcrest,total,60-64,560
Holland Road,total,60-64,560
Leedon Park,total,60-64,390
Swiss Club,total,60-64,320
Ulu Pandan,total,60-64,740
Central Water Catchment - Total,total,60-64,-
Central Water Catchment,total,60-64,-
Changi- Total,total,60-64,100
Changi Airport,total,60-64,-
Changi Point,total,60-64,60
Changi West,total,60-64,40
Changi Bay - Total,total,60-64,-
Changi Bay,total,60-64,-
Choa Chu Kang - Total,total,60-64,12760
Choa Chu Kang Central,total,60-64,1490
Choa Chu Kang North,total,60-64,2270
Keat Hong,total,60-64,1730
Peng Siang,total,60-64,2360
Teck Whye,total,60-64,2070
Yew Tee,total,60-64,2840
Clementi - Total,total,60-64,6080
Clementi Central,total,60-64,990
Clementi North,total,60-64,1840
Clementi West,total,60-64,1210
Clementi Woods,total,60-64,1060
Faber,total,60-64,220
Pandan,total,60-64,-
Sunset Way,total,60-64,430
Toh Tuck,total,60-64,-
West Coast,total,60-64,340
Downtown Core - Total,total,60-64,190
Anson,total,60-64,-
Bayfront Subzone,total,60-64,-
Bugis,total,60-64,60
Cecil,total,60-64,10
Central Subzone,total,60-64,40
City Hall,total,60-64,-
Clifford Pier,total,60-64,-
Marina Centre,total,60-64,-
Maxwell,total,60-64,-
Nicoll,total,60-64,30
Phillip,total,60-64,-
Raffles Place,total,60-64,-
Tanjong Pagar,total,60-64,30
Geylang - Total,total,60-64,8800
Aljunied,total,60-64,3120
Geylang East,total,60-64,2230
Kallang Way,total,60-64,-
Kampong Ubi,total,60-64,1100
Macpherson,total,60-64,2340
Hougang - Total,total,60-64,18620
Defu Industrial Park,total,60-64,-
Hougang Central,total,60-64,430
Hougang East,total,60-64,1870
Hougang West,total,60-64,4410
Kangkar,total,60-64,2200
Kovan,total,60-64,1920
Lorong Ah Soo,total,60-64,2700
Lorong Halus,total,60-64,-
Tai Seng,total,60-64,1170
Trafalgar,total,60-64,3930
Jurong East - Total,total,60-64,6680
International Business Park,total,60-64,-
Jurong Gateway,total,60-64,20
Jurong Port,total,60-64,-
Jurong River,total,60-64,-
Lakeside (Business),total,60-64,-
Lakeside (Leisure),total,60-64,100
Penjuru Crescent,total,60-64,-
Teban Gardens,total,60-64,1350
Toh Guan,total,60-64,1400
Yuhua East,total,60-64,2170
Yuhua West,total,60-64,1640
Jurong West - Total,total,60-64,17820
Boon Lay Place,total,60-64,1790
Chin Bee,total,60-64,-
Hong Kah,total,60-64,4310
Jurong West Central,total,60-64,4040
Kian Teck,total,60-64,-
Safti,total,60-64,-
Taman Jurong,total,60-64,2490
Wenya,total,60-64,390
Yunnan,total,60-64,4800
Kallang - Total,total,60-64,7750
Bendemeer,total,60-64,2690
Boon Keng,total,60-64,970
Crawford,total,60-64,860
Geylang Bahru,total,60-64,940
Kallang Bahru,total,60-64,-
Kampong Bugis,total,60-64,90
Kampong Java,total,60-64,760
Lavender,total,60-64,730
Tanjong Rhu,total,60-64,690
Lim Chu Kang - Total,total,60-64,10
Lim Chu Kang,total,60-64,10
Mandai - Total,total,60-64,150
Mandai East,total,60-64,-
Mandai Estate,total,60-64,150
Mandai West,total,60-64,-
Marina East - Total,total,60-64,-
Marina East,total,60-64,-
Marina South - Total,total,60-64,-
Marina South,total,60-64,-
Marine Parade - Total,total,60-64,3020
East Coast,total,60-64,-
Katong,total,60-64,600
Marina East (Mp),total,60-64,-
Marine Parade,total,60-64,1770
Mountbatten,total,60-64,650
Museum - Total,total,60-64,20
Bras Basah,total,60-64,-
Dhoby Ghaut,total,60-64,10
Fort Canning,total,60-64,10
Newton - Total,total,60-64,470
Cairnhill,total,60-64,230
Goodwood Park,total,60-64,60
Istana Negara,total,60-64,-
Monk's Hill,total,60-64,50
Newton Circus,total,60-64,10
Orange Grove,total,60-64,130
North-Eastern Islands - Total,total,60-64,-
North-Eastern Islands,total,60-64,-
Novena - Total,total,60-64,3070
Balestier,total,60-64,2240
Dunearn,total,60-64,250
Malcolm,total,60-64,170
Moulmein,total,60-64,370
Mount Pleasant,total,60-64,50
Orchard - Total,total,60-64,70
Boulevard,total,60-64,40
Somerset,total,60-64,10
Tanglin,total,60-64,20
Outram - Total,total,60-64,1460
China Square,total,60-64,130
Chinatown,total,60-64,660
Pearl's Hill,total,60-64,650
People's Park,total,60-64,20
Pasir Ris - Total,total,60-64,10200
Flora Drive,total,60-64,980
Loyang East,total,60-64,200
Loyang West,total,60-64,10
Pasir Ris Central,total,60-64,2100
Pasir Ris Drive,total,60-64,4380
Pasir Ris Park,total,60-64,250
Pasir Ris Wafer Fab Park,total,60-64,-
Pasir Ris West,total,60-64,2280
Paya Lebar - Total,total,60-64,-
Airport Road,total,60-64,-
Paya Lebar East,total,60-64,-
Paya Lebar North,total,60-64,-
Paya Lebar West,total,60-64,-
Plab,total,60-64,-
Pioneer - Total,total,60-64,-
Benoi Sector,total,60-64,-
Gul Basin,total,60-64,-
Gul Circle,total,60-64,-
Joo Koon,total,60-64,-
Pioneer Sector,total,60-64,-
Punggol - Total,total,60-64,6440
Coney Island,total,60-64,-
Matilda,total,60-64,1730
Northshore,total,60-64,40
Punggol Canal,total,60-64,-
Punggol Field,total,60-64,2510
Punggol Town Centre,total,60-64,620
Waterway East,total,60-64,1540
Queenstown - Total,total,60-64,6260
Commonwealth,total,60-64,570
Dover,total,60-64,700
Ghim Moh,total,60-64,820
Holland Drive,total,60-64,850
Kent Ridge,total,60-64,-
Margaret Drive,total,60-64,790
Mei Chin,total,60-64,1220
National University Of S'pore,total,60-64,-
One North,total,60-64,20
Pasir Panjang 1,total,60-64,280
Pasir Panjang 2,total,60-64,230
Port,total,60-64,10
Queensway,total,60-64,20
Singapore Polytechnic,total,60-64,-
Tanglin Halt,total,60-64,740
River Valley - Total,total,60-64,570
Institution Hill,total,60-64,120
Leonie Hill,total,60-64,190
One Tree Hill,total,60-64,150
Oxley,total,60-64,90
Paterson,total,60-64,10
Rochor - Total,total,60-64,1020
Bencoolen,total,60-64,110
Farrer Park,total,60-64,200
Kampong Glam,total,60-64,10
Little India,total,60-64,290
Mackenzie,total,60-64,-
Mount Emily,total,60-64,70
Rochor Canal,total,60-64,-
Selegie,total,60-64,10
Sungei Road,total,60-64,160
Victoria,total,60-64,160
Seletar - Total,total,60-64,20
Pulau Punggol Barat,total,60-64,-
Pulau Punggol Timor,total,60-64,-
Seletar,total,60-64,10
Seletar Aerospace Park,total,60-64,-
Sembawang - Total,total,60-64,5530
Admiralty,total,60-64,820
Sembawang Central,total,60-64,2130
Sembawang East,total,60-64,540
Sembawang North,total,60-64,1600
Sembawang Springs,total,60-64,320
Sembawang Straits,total,60-64,120
Senoko North,total,60-64,-
Senoko South,total,60-64,-
The Wharves,total,60-64,-
Sengkang - Total,total,60-64,13640
Anchorvale,total,60-64,2290
Compassvale,total,60-64,830
Fernvale,total,60-64,2400
Lorong Halus North,total,60-64,-
Rivervale,total,60-64,4220
Sengkang Town Centre,total,60-64,3890
Sengkang West,total,60-64,-
Serangoon - Total,total,60-64,10090
Lorong Chuan,total,60-64,640
Seletar Hills,total,60-64,1140
Serangoon Central,total,60-64,2330
Serangoon Garden,total,60-64,3240
Serangoon North,total,60-64,1340
Serangoon North Ind Estate,total,60-64,-
Upper Paya Lebar,total,60-64,1390
Simpang - Total,total,60-64,-
Pulau Seletar,total,60-64,-
Simpang North,total,60-64,-
Simpang South,total,60-64,-
Tanjong Irau,total,60-64,-
Singapore River - Total,total,60-64,140
Boat Quay,total,60-64,10
Clarke Quay,total,60-64,-
Robertson Quay,total,60-64,120
Southern Islands - Total,total,60-64,120
Sentosa,total,60-64,120
Southern Group,total,60-64,-
Straits View - Total,total,60-64,-
Straits View,total,60-64,-
Sungei Kadut - Total,total,60-64,60
Gali Batu,total,60-64,-
Kranji,total,60-64,-
Pang Sua,total,60-64,-
Reservoir View,total,60-64,-
Turf Club,total,60-64,50
Tampines - Total,total,60-64,21360
Simei,total,60-64,3190
Tampines East,total,60-64,11330
Tampines North,total,60-64,260
Tampines West,total,60-64,6410
Xilin,total,60-64,180
Tanglin - Total,total,60-64,1250
Chatsworth,total,60-64,350
Nassim,total,60-64,540
Ridout,total,60-64,100
Tyersall,total,60-64,260
Tengah - Total,total,60-64,-
Brickland,total,60-64,-
Forest Hill,total,60-64,-
Garden,total,60-64,-
Park,total,60-64,-
Plantation,total,60-64,-
Tengah Industrial Estate,total,60-64,-
Toa Payoh - Total,total,60-64,9320
Bidadari,total,60-64,-
Boon Teck,total,60-64,1190
Braddell,total,60-64,740
Joo Seng,total,60-64,530
Kim Keat,total,60-64,780
Lorong 8 Toa Payoh,total,60-64,620
Pei Chun,total,60-64,870
Potong Pasir,total,60-64,980
Sennett,total,60-64,430
Toa Payoh Central,total,60-64,1920
Toa Payoh West,total,60-64,1090
Woodleigh,total,60-64,170
Tuas - Total,total,60-64,-
Tengeh,total,60-64,-
Tuas Bay,total,60-64,-
Tuas North,total,60-64,-
Tuas Promenade,total,60-64,-
Tuas View,total,60-64,-
Tuas View Extension,total,60-64,-
Western Islands - Total,total,60-64,-
Jurong Island And Bukom,total,60-64,-
Semakau,total,60-64,-
Sudong,total,60-64,-
Western Water Catchment - Total,total,60-64,50
Bahar,total,60-64,-
Cleantech,total,60-64,-
Murai,total,60-64,50
Woodlands - Total,total,60-64,15890
Greenwood Park,total,60-64,-
Midview,total,60-64,2100
North Coast,total,60-64,1030
Senoko West,total,60-64,-
Woodgrove,total,60-64,2350
Woodlands East,total,60-64,5710
Woodlands Regional Centre,total,60-64,-
Woodlands South,total,60-64,2020
Woodlands West,total,60-64,2680
Yishun - Total,total,60-64,15820
Khatib,total,60-64,1040
Lower Seletar,total,60-64,530
Nee Soon,total,60-64,60
Northland,total,60-64,2480
Springleaf,total,60-64,350
Yishun Central,total,60-64,170
Yishun East,total,60-64,3440
Yishun South,total,60-64,3250
Yishun West,total,60-64,4500
Total,total,65-69,229400
Ang Mo Kio - Total,total,65-69,11960
Ang Mo Kio Town Centre,total,65-69,250
Cheng San,total,65-69,2170
Chong Boon,total,65-69,2100
Kebun Bahru,total,65-69,1690
Sembawang Hills,total,65-69,410
Shangri-La,total,65-69,1180
Tagore,total,65-69,550
Townsville,total,65-69,1530
Yio Chu Kang,total,65-69,-
Yio Chu Kang East,total,65-69,260
Yio Chu Kang North,total,65-69,-
Yio Chu Kang West,total,65-69,1820
Bedok - Total,total,65-69,19030
Bayshore,total,65-69,350
Bedok North,total,65-69,5980
Bedok Reservoir,total,65-69,1550
Bedok South,total,65-69,3360
Frankel,total,65-69,1880
Kaki Bukit,total,65-69,2740
Kembangan,total,65-69,2750
Siglap,total,65-69,430
Bishan - Total,total,65-69,5850
Bishan East,total,65-69,2090
Marymount,total,65-69,1790
Upper Thomson,total,65-69,1960
Boon Lay - Total,total,65-69,-
Liu Fang,total,65-69,-
Samulun,total,65-69,-
Shipyard,total,65-69,-
Tukang,total,65-69,-
Bukit Batok - Total,total,65-69,9330
Brickworks,total,65-69,430
Bukit Batok Central,total,65-69,1750
Bukit Batok East,total,65-69,1060
Bukit Batok South,total,65-69,830
Bukit Batok West,total,65-69,1070
Gombak,total,65-69,550
Guilin,total,65-69,750
Hillview,total,65-69,1080
Hong Kah North,total,65-69,1810
Bukit Merah - Total,total,65-69,10220
Alexandra Hill,total,65-69,1070
Alexandra North,total,65-69,70
Bukit Ho Swee,total,65-69,1110
Bukit Merah,total,65-69,80
City Terminals,total,65-69,-
Depot Road,total,65-69,330
Everton Park,total,65-69,620
Henderson Hill,total,65-69,970
Kampong Tiong Bahru,total,65-69,790
Maritime Square,total,65-69,140
Redhill,total,65-69,510
Singapore General Hospital,total,65-69,-
Telok Blangah Drive,total,65-69,1150
Telok Blangah Rise,total,65-69,1120
Telok Blangah Way,total,65-69,710
Tiong Bahru,total,65-69,810
Tiong Bahru Station,total,65-69,750
Bukit Panjang - Total,total,65-69,7370
Bangkit,total,65-69,1440
Dairy Farm,total,65-69,310
Fajar,total,65-69,1380
Jelebu,total,65-69,1930
Nature Reserve,total,65-69,190
Saujana,total,65-69,1230
Senja,total,65-69,890
Bukit Timah - Total,total,65-69,4220
Anak Bukit,total,65-69,1400
Coronation Road,total,65-69,330
Farrer Court,total,65-69,240
Hillcrest,total,65-69,390
Holland Road,total,65-69,500
Leedon Park,total,65-69,350
Swiss Club,total,65-69,300
Ulu Pandan,total,65-69,710
Central Water Catchment - Total,total,65-69,-
Central Water Catchment,total,65-69,-
Changi- Total,total,65-69,70
Changi Airport,total,65-69,-
Changi Point,total,65-69,50
Changi West,total,65-69,20
Changi Bay - Total,total,65-69,-
Changi Bay,total,65-69,-
Choa Chu Kang - Total,total,65-69,8590
Choa Chu Kang Central,total,65-69,1000
Choa Chu Kang North,total,65-69,1410
Keat Hong,total,65-69,1120
Peng Siang,total,65-69,1730
Teck Whye,total,65-69,1570
Yew Tee,total,65-69,1760
Clementi - Total,total,65-69,6260
Clementi Central,total,65-69,1000
Clementi North,total,65-69,2040
Clementi West,total,65-69,1170
Clementi Woods,total,65-69,1060
Faber,total,65-69,220
Pandan,total,65-69,-
Sunset Way,total,65-69,470
Toh Tuck,total,65-69,-
West Coast,total,65-69,310
Downtown Core - Total,total,65-69,130
Anson,total,65-69,-
Bayfront Subzone,total,65-69,-
Bugis,total,65-69,70
Cecil,total,65-69,10
Central Subzone,total,65-69,30
City Hall,total,65-69,-
Clifford Pier,total,65-69,-
Marina Centre,total,65-69,-
Maxwell,total,65-69,-
Nicoll,total,65-69,10
Phillip,total,65-69,-
Raffles Place,total,65-69,-
Tanjong Pagar,total,65-69,20
Geylang - Total,total,65-69,7300
Aljunied,total,65-69,2620
Geylang East,total,65-69,1960
Kallang Way,total,65-69,-
Kampong Ubi,total,65-69,840
Macpherson,total,65-69,1870
Hougang - Total,total,65-69,14540
Defu Industrial Park,total,65-69,-
Hougang Central,total,65-69,310
Hougang East,total,65-69,1370
Hougang West,total,65-69,3390
Kangkar,total,65-69,1810
Kovan,total,65-69,1510
Lorong Ah Soo,total,65-69,2300
Lorong Halus,total,65-69,-
Tai Seng,total,65-69,970
Trafalgar,total,65-69,2880
Jurong East - Total,total,65-69,5950
International Business Park,total,65-69,-
Jurong Gateway,total,65-69,10
Jurong Port,total,65-69,-
Jurong River,total,65-69,-
Lakeside (Business),total,65-69,-
Lakeside (Leisure),total,65-69,120
Penjuru Crescent,total,65-69,-
Teban Gardens,total,65-69,1410
Toh Guan,total,65-69,1010
Yuhua East,total,65-69,1960
Yuhua West,total,65-69,1430
Jurong West - Total,total,65-69,14550
Boon Lay Place,total,65-69,1500
Chin Bee,total,65-69,-
Hong Kah,total,65-69,3900
Jurong West Central,total,65-69,3160
Kian Teck,total,65-69,-
Safti,total,65-69,-
Taman Jurong,total,65-69,1970
Wenya,total,65-69,330
Yunnan,total,65-69,3690
Kallang - Total,total,65-69,6930
Bendemeer,total,65-69,2500
Boon Keng,total,65-69,840
Crawford,total,65-69,790
Geylang Bahru,total,65-69,810
Kallang Bahru,total,65-69,-
Kampong Bugis,total,65-69,70
Kampong Java,total,65-69,700
Lavender,total,65-69,640
Tanjong Rhu,total,65-69,580
Lim Chu Kang - Total,total,65-69,10
Lim Chu Kang,total,65-69,10
Mandai - Total,total,65-69,90
Mandai East,total,65-69,-
Mandai Estate,total,65-69,90
Mandai West,total,65-69,-
Marina East - Total,total,65-69,-
Marina East,total,65-69,-
Marina South - Total,total,65-69,-
Marina South,total,65-69,-
Marine Parade - Total,total,65-69,2560
East Coast,total,65-69,-
Katong,total,65-69,500
Marina East (Mp),total,65-69,-
Marine Parade,total,65-69,1520
Mountbatten,total,65-69,540
Museum - Total,total,65-69,20
Bras Basah,total,65-69,-
Dhoby Ghaut,total,65-69,10
Fort Canning,total,65-69,10
Newton - Total,total,65-69,400
Cairnhill,total,65-69,190
Goodwood Park,total,65-69,50
Istana Negara,total,65-69,-
Monk's Hill,total,65-69,40
Newton Circus,total,65-69,10
Orange Grove,total,65-69,120
North-Eastern Islands - Total,total,65-69,-
North-Eastern Islands,total,65-69,-
Novena - Total,total,65-69,2710
Balestier,total,65-69,1900
Dunearn,total,65-69,220
Malcolm,total,65-69,160
Moulmein,total,65-69,370
Mount Pleasant,total,65-69,50
Orchard - Total,total,65-69,60
Boulevard,total,65-69,40
Somerset,total,65-69,-
Tanglin,total,65-69,20
Outram - Total,total,65-69,1360
China Square,total,65-69,160
Chinatown,total,65-69,580
Pearl's Hill,total,65-69,600
People's Park,total,65-69,30
Pasir Ris - Total,total,65-69,6750
Flora Drive,total,65-69,670
Loyang East,total,65-69,150
Loyang West,total,65-69,20
Pasir Ris Central,total,65-69,1340
Pasir Ris Drive,total,65-69,2930
Pasir Ris Park,total,65-69,180
Pasir Ris Wafer Fab Park,total,65-69,-
Pasir Ris West,total,65-69,1460
Paya Lebar - Total,total,65-69,-
Airport Road,total,65-69,-
Paya Lebar East,total,65-69,-
Paya Lebar North,total,65-69,-
Paya Lebar West,total,65-69,-
Plab,total,65-69,-
Pioneer - Total,total,65-69,-
Benoi Sector,total,65-69,-
Gul Basin,total,65-69,-
Gul Circle,total,65-69,-
Joo Koon,total,65-69,-
Pioneer Sector,total,65-69,-
Punggol - Total,total,65-69,5370
Coney Island,total,65-69,-
Matilda,total,65-69,1550
Northshore,total,65-69,20
Punggol Canal,total,65-69,-
Punggol Field,total,65-69,1920
Punggol Town Centre,total,65-69,500
Waterway East,total,65-69,1390
Queenstown - Total,total,65-69,5720
Commonwealth,total,65-69,460
Dover,total,65-69,610
Ghim Moh,total,65-69,800
Holland Drive,total,65-69,860
Kent Ridge,total,65-69,-
Margaret Drive,total,65-69,740
Mei Chin,total,65-69,1030
National University Of S'pore,total,65-69,-
One North,total,65-69,20
Pasir Panjang 1,total,65-69,240
Pasir Panjang 2,total,65-69,280
Port,total,65-69,10
Queensway,total,65-69,20
Singapore Polytechnic,total,65-69,-
Tanglin Halt,total,65-69,660
River Valley - Total,total,65-69,450
Institution Hill,total,65-69,130
Leonie Hill,total,65-69,130
One Tree Hill,total,65-69,110
Oxley,total,65-69,70
Paterson,total,65-69,10
Rochor - Total,total,65-69,910
Bencoolen,total,65-69,100
Farrer Park,total,65-69,190
Kampong Glam,total,65-69,10
Little India,total,65-69,260
Mackenzie,total,65-69,-
Mount Emily,total,65-69,50
Rochor Canal,total,65-69,-
Selegie,total,65-69,10
Sungei Road,total,65-69,150
Victoria,total,65-69,140
Seletar - Total,total,65-69,10
Pulau Punggol Barat,total,65-69,-
Pulau Punggol Timor,total,65-69,-
Seletar,total,65-69,10
Seletar Aerospace Park,total,65-69,-
Sembawang - Total,total,65-69,3790
Admiralty,total,65-69,560
Sembawang Central,total,65-69,1350
Sembawang East,total,65-69,410
Sembawang North,total,65-69,1130
Sembawang Springs,total,65-69,270
Sembawang Straits,total,65-69,80
Senoko North,total,65-69,-
Senoko South,total,65-69,-
The Wharves,total,65-69,-
Sengkang - Total,total,65-69,10070
Anchorvale,total,65-69,1730
Compassvale,total,65-69,740
Fernvale,total,65-69,1910
Lorong Halus North,total,65-69,-
Rivervale,total,65-69,3030
Sengkang Town Centre,total,65-69,2660
Sengkang West,total,65-69,-
Serangoon - Total,total,65-69,8410
Lorong Chuan,total,65-69,450
Seletar Hills,total,65-69,970
Serangoon Central,total,65-69,2000
Serangoon Garden,total,65-69,2890
Serangoon North,total,65-69,1000
Serangoon North Ind Estate,total,65-69,-
Upper Paya Lebar,total,65-69,1100
Simpang - Total,total,65-69,-
Pulau Seletar,total,65-69,-
Simpang North,total,65-69,-
Simpang South,total,65-69,-
Tanjong Irau,total,65-69,-
Singapore River - Total,total,65-69,100
Boat Quay,total,65-69,10
Clarke Quay,total,65-69,-
Robertson Quay,total,65-69,90
Southern Islands - Total,total,65-69,70
Sentosa,total,65-69,70
Southern Group,total,65-69,-
Straits View - Total,total,65-69,-
Straits View,total,65-69,-
Sungei Kadut - Total,total,65-69,40
Gali Batu,total,65-69,-
Kranji,total,65-69,-
Pang Sua,total,65-69,-
Reservoir View,total,65-69,-
Turf Club,total,65-69,40
Tampines - Total,total,65-69,16360
Simei,total,65-69,2450
Tampines East,total,65-69,8630
Tampines North,total,65-69,250
Tampines West,total,65-69,4930
Xilin,total,65-69,110
Tanglin - Total,total,65-69,1100
Chatsworth,total,65-69,310
Nassim,total,65-69,470
Ridout,total,65-69,90
Tyersall,total,65-69,220
Tengah - Total,total,65-69,-
Brickland,total,65-69,-
Forest Hill,total,65-69,-
Garden,total,65-69,-
Park,total,65-69,-
Plantation,total,65-69,-
Tengah Industrial Estate,total,65-69,-
Toa Payoh - Total,total,65-69,7810
Bidadari,total,65-69,-
Boon Teck,total,65-69,980
Braddell,total,65-69,650
Joo Seng,total,65-69,480
Kim Keat,total,65-69,600
Lorong 8 Toa Payoh,total,65-69,530
Pei Chun,total,65-69,660
Potong Pasir,total,65-69,960
Sennett,total,65-69,370
Toa Payoh Central,total,65-69,1510
Toa Payoh West,total,65-69,950
Woodleigh,total,65-69,140
Tuas - Total,total,65-69,-
Tengeh,total,65-69,-
Tuas Bay,total,65-69,-
Tuas North,total,65-69,-
Tuas Promenade,total,65-69,-
Tuas View,total,65-69,-
Tuas View Extension,total,65-69,-
Western Islands - Total,total,65-69,-
Jurong Island And Bukom,total,65-69,-
Semakau,total,65-69,-
Sudong,total,65-69,-
Western Water Catchment - Total,total,65-69,10
Bahar,total,65-69,-
Cleantech,total,65-69,-
Murai,total,65-69,10
Woodlands - Total,total,65-69,10830
Greenwood Park,total,65-69,-
Midview,total,65-69,1400
North Coast,total,65-69,800
Senoko West,total,65-69,-
Woodgrove,total,65-69,1500
Woodlands East,total,65-69,3680
Woodlands Regional Centre,total,65-69,-
Woodlands South,total,65-69,1510
Woodlands West,total,65-69,1940
Yishun - Total,total,65-69,12110
Khatib,total,65-69,770
Lower Seletar,total,65-69,350
Nee Soon,total,65-69,50
Northland,total,65-69,1790
Springleaf,total,65-69,290
Yishun Central,total,65-69,150
Yishun East,total,65-69,2590
Yishun South,total,65-69,2570
Yishun West,total,65-69,3580
Total,total,70-74,170010
Ang Mo Kio - Total,total,70-74,9930
Ang Mo Kio Town Centre,total,70-74,230
Cheng San,total,70-74,1730
Chong Boon,total,70-74,1800
Kebun Bahru,total,70-74,1430
Sembawang Hills,total,70-74,370
Shangri-La,total,70-74,960
Tagore,total,70-74,380
Townsville,total,70-74,1420
Yio Chu Kang,total,70-74,-
Yio Chu Kang East,total,70-74,200
Yio Chu Kang North,total,70-74,-
Yio Chu Kang West,total,70-74,1400
Bedok - Total,total,70-74,15230
Bayshore,total,70-74,280
Bedok North,total,70-74,4920
Bedok Reservoir,total,70-74,1050
Bedok South,total,70-74,2820
Frankel,total,70-74,1610
Kaki Bukit,total,70-74,1930
Kembangan,total,70-74,2140
Siglap,total,70-74,480
Bishan - Total,total,70-74,4390
Bishan East,total,70-74,1560
Marymount,total,70-74,1250
Upper Thomson,total,70-74,1580
Boon Lay - Total,total,70-74,-
Liu Fang,total,70-74,-
Samulun,total,70-74,-
Shipyard,total,70-74,-
Tukang,total,70-74,-
Bukit Batok - Total,total,70-74,5800
Brickworks,total,70-74,270
Bukit Batok Central,total,70-74,1150
Bukit Batok East,total,70-74,640
Bukit Batok South,total,70-74,440
Bukit Batok West,total,70-74,640
Gombak,total,70-74,400
Guilin,total,70-74,470
Hillview,total,70-74,680
Hong Kah North,total,70-74,1100
Bukit Merah - Total,total,70-74,9130
Alexandra Hill,total,70-74,950
Alexandra North,total,70-74,40
Bukit Ho Swee,total,70-74,930
Bukit Merah,total,70-74,90
City Terminals,total,70-74,-
Depot Road,total,70-74,320
Everton Park,total,70-74,500
Henderson Hill,total,70-74,890
Kampong Tiong Bahru,total,70-74,700
Maritime Square,total,70-74,120
Redhill,total,70-74,440
Singapore General Hospital,total,70-74,-
Telok Blangah Drive,total,70-74,1110
Telok Blangah Rise,total,70-74,970
Telok Blangah Way,total,70-74,620
Tiong Bahru,total,70-74,690
Tiong Bahru Station,total,70-74,780
Bukit Panjang - Total,total,70-74,4790
Bangkit,total,70-74,970
Dairy Farm,total,70-74,210
Fajar,total,70-74,870
Jelebu,total,70-74,1230
Nature Reserve,total,70-74,150
Saujana,total,70-74,720
Senja,total,70-74,640
Bukit Timah - Total,total,70-74,3650
Anak Bukit,total,70-74,1080
Coronation Road,total,70-74,280
Farrer Court,total,70-74,260
Hillcrest,total,70-74,400
Holland Road,total,70-74,410
Leedon Park,total,70-74,360
Swiss Club,total,70-74,210
Ulu Pandan,total,70-74,660
Central Water Catchment - Total,total,70-74,-
Central Water Catchment,total,70-74,-
Changi- Total,total,70-74,60
Changi Airport,total,70-74,-
Changi Point,total,70-74,30
Changi West,total,70-74,20
Changi Bay - Total,total,70-74,-
Changi Bay,total,70-74,-
Choa Chu Kang - Total,total,70-74,5380
Choa Chu Kang Central,total,70-74,650
Choa Chu Kang North,total,70-74,850
Keat Hong,total,70-74,700
Peng Siang,total,70-74,1130
Teck Whye,total,70-74,1040
Yew Tee,total,70-74,1010
Clementi - Total,total,70-74,5660
Clementi Central,total,70-74,910
Clementi North,total,70-74,1970
Clementi West,total,70-74,960
Clementi Woods,total,70-74,1000
Faber,total,70-74,160
Pandan,total,70-74,-
Sunset Way,total,70-74,380
Toh Tuck,total,70-74,-
West Coast,total,70-74,290
Downtown Core - Total,total,70-74,130
Anson,total,70-74,-
Bayfront Subzone,total,70-74,-
Bugis,total,70-74,70
Cecil,total,70-74,-
Central Subzone,total,70-74,20
City Hall,total,70-74,-
Clifford Pier,total,70-74,-
Marina Centre,total,70-74,-
Maxwell,total,70-74,-
Nicoll,total,70-74,20
Phillip,total,70-74,-
Raffles Place,total,70-74,-
Tanjong Pagar,total,70-74,20
Geylang - Total,total,70-74,5690
Aljunied,total,70-74,2080
Geylang East,total,70-74,1750
Kallang Way,total,70-74,-
Kampong Ubi,total,70-74,520
Macpherson,total,70-74,1340
Hougang - Total,total,70-74,10130
Defu Industrial Park,total,70-74,-
Hougang Central,total,70-74,210
Hougang East,total,70-74,920
Hougang West,total,70-74,2210
Kangkar,total,70-74,1280
Kovan,total,70-74,1120
Lorong Ah Soo,total,70-74,1810
Lorong Halus,total,70-74,-
Tai Seng,total,70-74,670
Trafalgar,total,70-74,1910
Jurong East - Total,total,70-74,4410
International Business Park,total,70-74,-
Jurong Gateway,total,70-74,10
Jurong Port,total,70-74,-
Jurong River,total,70-74,-
Lakeside (Business),total,70-74,-
Lakeside (Leisure),total,70-74,110
Penjuru Crescent,total,70-74,-
Teban Gardens,total,70-74,1170
Toh Guan,total,70-74,570
Yuhua East,total,70-74,1560
Yuhua West,total,70-74,1010
Jurong West - Total,total,70-74,9650
Boon Lay Place,total,70-74,1090
Chin Bee,total,70-74,-
Hong Kah,total,70-74,2790
Jurong West Central,total,70-74,1880
Kian Teck,total,70-74,-
Safti,total,70-74,-
Taman Jurong,total,70-74,1330
Wenya,total,70-74,220
Yunnan,total,70-74,2340
Kallang - Total,total,70-74,5760
Bendemeer,total,70-74,1990
Boon Keng,total,70-74,710
Crawford,total,70-74,730
Geylang Bahru,total,70-74,670
Kallang Bahru,total,70-74,-
Kampong Bugis,total,70-74,60
Kampong Java,total,70-74,650
Lavender,total,70-74,540
Tanjong Rhu,total,70-74,420
Lim Chu Kang - Total,total,70-74,10
Lim Chu Kang,total,70-74,10
Mandai - Total,total,70-74,80
Mandai East,total,70-74,-
Mandai Estate,total,70-74,80
Mandai West,total,70-74,-
Marina East - Total,total,70-74,-
Marina East,total,70-74,-
Marina South - Total,total,70-74,-
Marina South,total,70-74,-
Marine Parade - Total,total,70-74,2480
East Coast,total,70-74,-
Katong,total,70-74,410
Marina East (Mp),total,70-74,-
Marine Parade,total,70-74,1550
Mountbatten,total,70-74,520
Museum - Total,total,70-74,20
Bras Basah,total,70-74,-
Dhoby Ghaut,total,70-74,10
Fort Canning,total,70-74,10
Newton - Total,total,70-74,370
Cairnhill,total,70-74,170
Goodwood Park,total,70-74,40
Istana Negara,total,70-74,-
Monk's Hill,total,70-74,40
Newton Circus,total,70-74,10
Orange Grove,total,70-74,100
North-Eastern Islands - Total,total,70-74,-
North-Eastern Islands,total,70-74,-
Novena - Total,total,70-74,2280
Balestier,total,70-74,1640
Dunearn,total,70-74,190
Malcolm,total,70-74,140
Moulmein,total,70-74,270
Mount Pleasant,total,70-74,40
Orchard - Total,total,70-74,50
Boulevard,total,70-74,20
Somerset,total,70-74,10
Tanglin,total,70-74,20
Outram - Total,total,70-74,1250
China Square,total,70-74,130
Chinatown,total,70-74,550
Pearl's Hill,total,70-74,550
People's Park,total,70-74,20
Pasir Ris - Total,total,70-74,4330
Flora Drive,total,70-74,480
Loyang East,total,70-74,100
Loyang West,total,70-74,20
Pasir Ris Central,total,70-74,830
Pasir Ris Drive,total,70-74,1880
Pasir Ris Park,total,70-74,120
Pasir Ris Wafer Fab Park,total,70-74,-
Pasir Ris West,total,70-74,900
Paya Lebar - Total,total,70-74,-
Airport Road,total,70-74,-
Paya Lebar East,total,70-74,-
Paya Lebar North,total,70-74,-
Paya Lebar West,total,70-74,-
Plab,total,70-74,-
Pioneer - Total,total,70-74,-
Benoi Sector,total,70-74,-
Gul Basin,total,70-74,-
Gul Circle,total,70-74,-
Joo Koon,total,70-74,-
Pioneer Sector,total,70-74,-
Punggol - Total,total,70-74,3990
Coney Island,total,70-74,-
Matilda,total,70-74,1120
Northshore,total,70-74,20
Punggol Canal,total,70-74,-
Punggol Field,total,70-74,1430
Punggol Town Centre,total,70-74,380
Waterway East,total,70-74,1040
Queenstown - Total,total,70-74,5420
Commonwealth,total,70-74,440
Dover,total,70-74,620
Ghim Moh,total,70-74,910
Holland Drive,total,70-74,910
Kent Ridge,total,70-74,-
Margaret Drive,total,70-74,690
Mei Chin,total,70-74,780
National University Of S'pore,total,70-74,-
One North,total,70-74,10
Pasir Panjang 1,total,70-74,180
Pasir Panjang 2,total,70-74,160
Port,total,70-74,10
Queensway,total,70-74,20
Singapore Polytechnic,total,70-74,-
Tanglin Halt,total,70-74,680
River Valley - Total,total,70-74,400
Institution Hill,total,70-74,110
Leonie Hill,total,70-74,110
One Tree Hill,total,70-74,100
Oxley,total,70-74,80
Paterson,total,70-74,10
Rochor - Total,total,70-74,790
Bencoolen,total,70-74,70
Farrer Park,total,70-74,140
Kampong Glam,total,70-74,-
Little India,total,70-74,220
Mackenzie,total,70-74,-
Mount Emily,total,70-74,30
Rochor Canal,total,70-74,-
Selegie,total,70-74,10
Sungei Road,total,70-74,150
Victoria,total,70-74,160
Seletar - Total,total,70-74,10
Pulau Punggol Barat,total,70-74,-
Pulau Punggol Timor,total,70-74,-
Seletar,total,70-74,10
Seletar Aerospace Park,total,70-74,-
Sembawang - Total,total,70-74,2370
Admiralty,total,70-74,380
Sembawang Central,total,70-74,780
Sembawang East,total,70-74,260
Sembawang North,total,70-74,670
Sembawang Springs,total,70-74,210
Sembawang Straits,total,70-74,70
Senoko North,total,70-74,-
Senoko South,total,70-74,-
The Wharves,total,70-74,-
Sengkang - Total,total,70-74,6820
Anchorvale,total,70-74,1200
Compassvale,total,70-74,540
Fernvale,total,70-74,1410
Lorong Halus North,total,70-74,-
Rivervale,total,70-74,1970
Sengkang Town Centre,total,70-74,1700
Sengkang West,total,70-74,-
Serangoon - Total,total,70-74,6210
Lorong Chuan,total,70-74,340
Seletar Hills,total,70-74,750
Serangoon Central,total,70-74,1430
Serangoon Garden,total,70-74,2200
Serangoon North,total,70-74,620
Serangoon North Ind Estate,total,70-74,-
Upper Paya Lebar,total,70-74,880
Simpang - Total,total,70-74,-
Pulau Seletar,total,70-74,-
Simpang North,total,70-74,-
Simpang South,total,70-74,-
Tanjong Irau,total,70-74,-
Singapore River - Total,total,70-74,90
Boat Quay,total,70-74,10
Clarke Quay,total,70-74,-
Robertson Quay,total,70-74,80
Southern Islands - Total,total,70-74,30
Sentosa,total,70-74,30
Southern Group,total,70-74,-
Straits View - Total,total,70-74,-
Straits View,total,70-74,-
Sungei Kadut - Total,total,70-74,40
Gali Batu,total,70-74,-
Kranji,total,70-74,-
Pang Sua,total,70-74,-
Reservoir View,total,70-74,-
Turf Club,total,70-74,40
Tampines - Total,total,70-74,10540
Simei,total,70-74,1660
Tampines East,total,70-74,5510
Tampines North,total,70-74,220
Tampines West,total,70-74,3090
Xilin,total,70-74,60
Tanglin - Total,total,70-74,920
Chatsworth,total,70-74,280
Nassim,total,70-74,400
Ridout,total,70-74,80
Tyersall,total,70-74,160
Tengah - Total,total,70-74,-
Brickland,total,70-74,-
Forest Hill,total,70-74,-
Garden,total,70-74,-
Park,total,70-74,-
Plantation,total,70-74,-
Tengah Industrial Estate,total,70-74,-
Toa Payoh - Total,total,70-74,6760
Bidadari,total,70-74,-
Boon Teck,total,70-74,830
Braddell,total,70-74,530
Joo Seng,total,70-74,400
Kim Keat,total,70-74,510
Lorong 8 Toa Payoh,total,70-74,480
Pei Chun,total,70-74,610
Potong Pasir,total,70-74,780
Sennett,total,70-74,320
Toa Payoh Central,total,70-74,1320
Toa Payoh West,total,70-74,910
Woodleigh,total,70-74,90
Tuas - Total,total,70-74,-
Tengeh,total,70-74,-
Tuas Bay,total,70-74,-
Tuas North,total,70-74,-
Tuas Promenade,total,70-74,-
Tuas View,total,70-74,-
Tuas View Extension,total,70-74,-
Western Islands - Total,total,70-74,-
Jurong Island And Bukom,total,70-74,-
Semakau,total,70-74,-
Sudong,total,70-74,-
Western Water Catchment - Total,total,70-74,-
Bahar,total,70-74,-
Cleantech,total,70-74,-
Murai,total,70-74,-
Woodlands - Total,total,70-74,6980
Greenwood Park,total,70-74,-
Midview,total,70-74,830
North Coast,total,70-74,670
Senoko West,total,70-74,-
Woodgrove,total,70-74,920
Woodlands East,total,70-74,2220
Woodlands Regional Centre,total,70-74,-
Woodlands South,total,70-74,1000
Woodlands West,total,70-74,1340
Yishun - Total,total,70-74,7980
Khatib,total,70-74,510
Lower Seletar,total,70-74,260
Nee Soon,total,70-74,40
Northland,total,70-74,1140
Springleaf,total,70-74,240
Yishun Central,total,70-74,80
Yishun East,total,70-74,1670
Yishun South,total,70-74,1740
Yishun West,total,70-74,2320
Total,total,75-79,90990
Ang Mo Kio - Total,total,75-79,5770
Ang Mo Kio Town Centre,total,75-79,140
Cheng San,total,75-79,960
Chong Boon,total,75-79,1130
Kebun Bahru,total,75-79,840
Sembawang Hills,total,75-79,230
Shangri-La,total,75-79,620
Tagore,total,75-79,210
Townsville,total,75-79,880
Yio Chu Kang,total,75-79,-
Yio Chu Kang East,total,75-79,110
Yio Chu Kang North,total,75-79,-
Yio Chu Kang West,total,75-79,640
Bedok - Total,total,75-79,8020
Bayshore,total,75-79,130
Bedok North,total,75-79,2550
Bedok Reservoir,total,75-79,470
Bedok South,total,75-79,1650
Frankel,total,75-79,840
Kaki Bukit,total,75-79,820
Kembangan,total,75-79,1250
Siglap,total,75-79,310
Bishan - Total,total,75-79,2430
Bishan East,total,75-79,820
Marymount,total,75-79,650
Upper Thomson,total,75-79,970
Boon Lay - Total,total,75-79,-
Liu Fang,total,75-79,-
Samulun,total,75-79,-
Shipyard,total,75-79,-
Tukang,total,75-79,-
Bukit Batok - Total,total,75-79,2880
Brickworks,total,75-79,140
Bukit Batok Central,total,75-79,570
Bukit Batok East,total,75-79,280
Bukit Batok South,total,75-79,170
Bukit Batok West,total,75-79,310
Gombak,total,75-79,240
Guilin,total,75-79,270
Hillview,total,75-79,360
Hong Kah North,total,75-79,540
Bukit Merah - Total,total,75-79,5620
Alexandra Hill,total,75-79,540
Alexandra North,total,75-79,30
Bukit Ho Swee,total,75-79,630
Bukit Merah,total,75-79,50
City Terminals,total,75-79,-
Depot Road,total,75-79,190
Everton Park,total,75-79,310
Henderson Hill,total,75-79,550
Kampong Tiong Bahru,total,75-79,420
Maritime Square,total,75-79,70
Redhill,total,75-79,270
Singapore General Hospital,total,75-79,-
Telok Blangah Drive,total,75-79,660
Telok Blangah Rise,total,75-79,580
Telok Blangah Way,total,75-79,420
Tiong Bahru,total,75-79,440
Tiong Bahru Station,total,75-79,480
Bukit Panjang - Total,total,75-79,2400
Bangkit,total,75-79,580
Dairy Farm,total,75-79,90
Fajar,total,75-79,470
Jelebu,total,75-79,620
Nature Reserve,total,75-79,60
Saujana,total,75-79,290
Senja,total,75-79,290
Bukit Timah - Total,total,75-79,2160
Anak Bukit,total,75-79,650
Coronation Road,total,75-79,220
Farrer Court,total,75-79,140
Hillcrest,total,75-79,260
Holland Road,total,75-79,260
Leedon Park,total,75-79,180
Swiss Club,total,75-79,150
Ulu Pandan,total,75-79,310
Central Water Catchment - Total,total,75-79,-
Central Water Catchment,total,75-79,-
Changi- Total,total,75-79,20
Changi Airport,total,75-79,-
Changi Point,total,75-79,20
Changi West,total,75-79,10
Changi Bay - Total,total,75-79,-
Changi Bay,total,75-79,-
Choa Chu Kang - Total,total,75-79,2680
Choa Chu Kang Central,total,75-79,340
Choa Chu Kang North,total,75-79,430
Keat Hong,total,75-79,330
Peng Siang,total,75-79,450
Teck Whye,total,75-79,620
Yew Tee,total,75-79,510
Clementi - Total,total,75-79,2960
Clementi Central,total,75-79,510
Clementi North,total,75-79,1030
Clementi West,total,75-79,470
Clementi Woods,total,75-79,530
Faber,total,75-79,110
Pandan,total,75-79,-
Sunset Way,total,75-79,200
Toh Tuck,total,75-79,-
West Coast,total,75-79,130
Downtown Core - Total,total,75-79,50
Anson,total,75-79,-
Bayfront Subzone,total,75-79,-
Bugis,total,75-79,30
Cecil,total,75-79,-
Central Subzone,total,75-79,10
City Hall,total,75-79,-
Clifford Pier,total,75-79,-
Marina Centre,total,75-79,-
Maxwell,total,75-79,-
Nicoll,total,75-79,-
Phillip,total,75-79,-
Raffles Place,total,75-79,-
Tanjong Pagar,total,75-79,10
Geylang - Total,total,75-79,3240
Aljunied,total,75-79,1170
Geylang East,total,75-79,900
Kallang Way,total,75-79,-
Kampong Ubi,total,75-79,260
Macpherson,total,75-79,900
Hougang - Total,total,75-79,5290
Defu Industrial Park,total,75-79,-
Hougang Central,total,75-79,110
Hougang East,total,75-79,480
Hougang West,total,75-79,1090
Kangkar,total,75-79,740
Kovan,total,75-79,590
Lorong Ah Soo,total,75-79,980
Lorong Halus,total,75-79,-
Tai Seng,total,75-79,420
Trafalgar,total,75-79,880
Jurong East - Total,total,75-79,2050
International Business Park,total,75-79,-
Jurong Gateway,total,75-79,10
Jurong Port,total,75-79,-
Jurong River,total,75-79,-
Lakeside (Business),total,75-79,-
Lakeside (Leisure),total,75-79,80
Penjuru Crescent,total,75-79,-
Teban Gardens,total,75-79,530
Toh Guan,total,75-79,240
Yuhua East,total,75-79,720
Yuhua West,total,75-79,480
Jurong West - Total,total,75-79,4560
Boon Lay Place,total,75-79,590
Chin Bee,total,75-79,-
Hong Kah,total,75-79,1330
Jurong West Central,total,75-79,770
Kian Teck,total,75-79,-
Safti,total,75-79,-
Taman Jurong,total,75-79,660
Wenya,total,75-79,120
Yunnan,total,75-79,1080
Kallang - Total,total,75-79,3420
Bendemeer,total,75-79,1220
Boon Keng,total,75-79,410
Crawford,total,75-79,440
Geylang Bahru,total,75-79,430
Kallang Bahru,total,75-79,-
Kampong Bugis,total,75-79,20
Kampong Java,total,75-79,350
Lavender,total,75-79,290
Tanjong Rhu,total,75-79,270
Lim Chu Kang - Total,total,75-79,-
Lim Chu Kang,total,75-79,-
Mandai - Total,total,75-79,40
Mandai East,total,75-79,-
Mandai Estate,total,75-79,40
Mandai West,total,75-79,-
Marina East - Total,total,75-79,-
Marina East,total,75-79,-
Marina South - Total,total,75-79,-
Marina South,total,75-79,-
Marine Parade - Total,total,75-79,1550
East Coast,total,75-79,-
Katong,total,75-79,250
Marina East (Mp),total,75-79,-
Marine Parade,total,75-79,1050
Mountbatten,total,75-79,250
Museum - Total,total,75-79,10
Bras Basah,total,75-79,-
Dhoby Ghaut,total,75-79,-
Fort Canning,total,75-79,-
Newton - Total,total,75-79,160
Cairnhill,total,75-79,70
Goodwood Park,total,75-79,20
Istana Negara,total,75-79,-
Monk's Hill,total,75-79,30
Newton Circus,total,75-79,-
Orange Grove,total,75-79,40
North-Eastern Islands - Total,total,75-79,-
North-Eastern Islands,total,75-79,-
Novena - Total,total,75-79,1410
Balestier,total,75-79,1010
Dunearn,total,75-79,140
Malcolm,total,75-79,90
Moulmein,total,75-79,160
Mount Pleasant,total,75-79,20
Orchard - Total,total,75-79,20
Boulevard,total,75-79,10
Somerset,total,75-79,-
Tanglin,total,75-79,10
Outram - Total,total,75-79,710
China Square,total,75-79,60
Chinatown,total,75-79,320
Pearl's Hill,total,75-79,330
People's Park,total,75-79,10
Pasir Ris - Total,total,75-79,2230
Flora Drive,total,75-79,260
Loyang East,total,75-79,50
Loyang West,total,75-79,30
Pasir Ris Central,total,75-79,450
Pasir Ris Drive,total,75-79,900
Pasir Ris Park,total,75-79,60
Pasir Ris Wafer Fab Park,total,75-79,-
Pasir Ris West,total,75-79,500
Paya Lebar - Total,total,75-79,-
Airport Road,total,75-79,-
Paya Lebar East,total,75-79,-
Paya Lebar North,total,75-79,-
Paya Lebar West,total,75-79,-
Plab,total,75-79,-
Pioneer - Total,total,75-79,-
Benoi Sector,total,75-79,-
Gul Basin,total,75-79,-
Gul Circle,total,75-79,-
Joo Koon,total,75-79,-
Pioneer Sector,total,75-79,-
Punggol - Total,total,75-79,1900
Coney Island,total,75-79,-
Matilda,total,75-79,540
Northshore,total,75-79,10
Punggol Canal,total,75-79,-
Punggol Field,total,75-79,680
Punggol Town Centre,total,75-79,170
Waterway East,total,75-79,500
Queenstown - Total,total,75-79,3480
Commonwealth,total,75-79,320
Dover,total,75-79,370
Ghim Moh,total,75-79,590
Holland Drive,total,75-79,670
Kent Ridge,total,75-79,-
Margaret Drive,total,75-79,380
Mei Chin,total,75-79,510
National University Of S'pore,total,75-79,-
One North,total,75-79,-
Pasir Panjang 1,total,75-79,80
Pasir Panjang 2,total,75-79,70
Port,total,75-79,-
Queensway,total,75-79,10
Singapore Polytechnic,total,75-79,-
Tanglin Halt,total,75-79,470
River Valley - Total,total,75-79,220
Institution Hill,total,75-79,40
Leonie Hill,total,75-79,50
One Tree Hill,total,75-79,70
Oxley,total,75-79,50
Paterson,total,75-79,-
Rochor - Total,total,75-79,490
Bencoolen,total,75-79,40
Farrer Park,total,75-79,80
Kampong Glam,total,75-79,-
Little India,total,75-79,140
Mackenzie,total,75-79,-
Mount Emily,total,75-79,10
Rochor Canal,total,75-79,-
Selegie,total,75-79,10
Sungei Road,total,75-79,100
Victoria,total,75-79,100
Seletar - Total,total,75-79,-
Pulau Punggol Barat,total,75-79,-
Pulau Punggol Timor,total,75-79,-
Seletar,total,75-79,-
Seletar Aerospace Park,total,75-79,-
Sembawang - Total,total,75-79,1330
Admiralty,total,75-79,230
Sembawang Central,total,75-79,440
Sembawang East,total,75-79,140
Sembawang North,total,75-79,340
Sembawang Springs,total,75-79,140
Sembawang Straits,total,75-79,40
Senoko North,total,75-79,-
Senoko South,total,75-79,-
The Wharves,total,75-79,-
Sengkang - Total,total,75-79,3390
Anchorvale,total,75-79,610
Compassvale,total,75-79,280
Fernvale,total,75-79,750
Lorong Halus North,total,75-79,-
Rivervale,total,75-79,880
Sengkang Town Centre,total,75-79,870
Sengkang West,total,75-79,-
Serangoon - Total,total,75-79,3220
Lorong Chuan,total,75-79,170
Seletar Hills,total,75-79,430
Serangoon Central,total,75-79,700
Serangoon Garden,total,75-79,1200
Serangoon North,total,75-79,300
Serangoon North Ind Estate,total,75-79,-
Upper Paya Lebar,total,75-79,440
Simpang - Total,total,75-79,-
Pulau Seletar,total,75-79,-
Simpang North,total,75-79,-
Simpang South,total,75-79,-
Tanjong Irau,total,75-79,-
Singapore River - Total,total,75-79,50
Boat Quay,total,75-79,10
Clarke Quay,total,75-79,-
Robertson Quay,total,75-79,50
Southern Islands - Total,total,75-79,20
Sentosa,total,75-79,20
Southern Group,total,75-79,-
Straits View - Total,total,75-79,-
Straits View,total,75-79,-
Sungei Kadut - Total,total,75-79,20
Gali Batu,total,75-79,-
Kranji,total,75-79,-
Pang Sua,total,75-79,-
Reservoir View,total,75-79,-
Turf Club,total,75-79,20
Tampines - Total,total,75-79,4810
Simei,total,75-79,720
Tampines East,total,75-79,2570
Tampines North,total,75-79,80
Tampines West,total,75-79,1420
Xilin,total,75-79,20
Tanglin - Total,total,75-79,510
Chatsworth,total,75-79,170
Nassim,total,75-79,200
Ridout,total,75-79,40
Tyersall,total,75-79,110
Tengah - Total,total,75-79,-
Brickland,total,75-79,-
Forest Hill,total,75-79,-
Garden,total,75-79,-
Park,total,75-79,-
Plantation,total,75-79,-
Tengah Industrial Estate,total,75-79,-
Toa Payoh - Total,total,75-79,4370
Bidadari,total,75-79,-
Boon Teck,total,75-79,600
Braddell,total,75-79,360
Joo Seng,total,75-79,220
Kim Keat,total,75-79,300
Lorong 8 Toa Payoh,total,75-79,350
Pei Chun,total,75-79,440
Potong Pasir,total,75-79,390
Sennett,total,75-79,180
Toa Payoh Central,total,75-79,900
Toa Payoh West,total,75-79,610
Woodleigh,total,75-79,30
Tuas - Total,total,75-79,-
Tengeh,total,75-79,-
Tuas Bay,total,75-79,-
Tuas North,total,75-79,-
Tuas Promenade,total,75-79,-
Tuas View,total,75-79,-
Tuas View Extension,total,75-79,-
Western Islands - Total,total,75-79,-
Jurong Island And Bukom,total,75-79,-
Semakau,total,75-79,-
Sudong,total,75-79,-
Western Water Catchment - Total,total,75-79,-
Bahar,total,75-79,-
Cleantech,total,75-79,-
Murai,total,75-79,-
Woodlands - Total,total,75-79,3530
Greenwood Park,total,75-79,-
Midview,total,75-79,470
North Coast,total,75-79,340
Senoko West,total,75-79,-
Woodgrove,total,75-79,480
Woodlands East,total,75-79,1030
Woodlands Regional Centre,total,75-79,-
Woodlands South,total,75-79,480
Woodlands West,total,75-79,730
Yishun - Total,total,75-79,3960
Khatib,total,75-79,250
Lower Seletar,total,75-79,120
Nee Soon,total,75-79,30
Northland,total,75-79,540
Springleaf,total,75-79,120
Yishun Central,total,75-79,50
Yishun East,total,75-79,730
Yishun South,total,75-79,830
Yishun West,total,75-79,1280
Total,total,80-84,66510
Ang Mo Kio - Total,total,80-84,4150
Ang Mo Kio Town Centre,total,80-84,100
Cheng San,total,80-84,640
Chong Boon,total,80-84,780
Kebun Bahru,total,80-84,620
Sembawang Hills,total,80-84,150
Shangri-La,total,80-84,430
Tagore,total,80-84,190
Townsville,total,80-84,680
Yio Chu Kang,total,80-84,-
Yio Chu Kang East,total,80-84,80
Yio Chu Kang North,total,80-84,-
Yio Chu Kang West,total,80-84,480
Bedok - Total,total,80-84,5810
Bayshore,total,80-84,90
Bedok North,total,80-84,1740
Bedok Reservoir,total,80-84,310
Bedok South,total,80-84,1230
Frankel,total,80-84,750
Kaki Bukit,total,80-84,580
Kembangan,total,80-84,860
Siglap,total,80-84,250
Bishan - Total,total,80-84,1760
Bishan East,total,80-84,590
Marymount,total,80-84,450
Upper Thomson,total,80-84,720
Boon Lay - Total,total,80-84,-
Liu Fang,total,80-84,-
Samulun,total,80-84,-
Shipyard,total,80-84,-
Tukang,total,80-84,-
Bukit Batok - Total,total,80-84,1940
Brickworks,total,80-84,90
Bukit Batok Central,total,80-84,400
Bukit Batok East,total,80-84,200
Bukit Batok South,total,80-84,140
Bukit Batok West,total,80-84,200
Gombak,total,80-84,170
Guilin,total,80-84,200
Hillview,total,80-84,220
Hong Kah North,total,80-84,340
Bukit Merah - Total,total,80-84,4410
Alexandra Hill,total,80-84,410
Alexandra North,total,80-84,20
Bukit Ho Swee,total,80-84,490
Bukit Merah,total,80-84,30
City Terminals,total,80-84,-
Depot Road,total,80-84,120
Everton Park,total,80-84,250
Henderson Hill,total,80-84,500
Kampong Tiong Bahru,total,80-84,360
Maritime Square,total,80-84,70
Redhill,total,80-84,230
Singapore General Hospital,total,80-84,-
Telok Blangah Drive,total,80-84,480
Telok Blangah Rise,total,80-84,360
Telok Blangah Way,total,80-84,310
Tiong Bahru,total,80-84,340
Tiong Bahru Station,total,80-84,440
Bukit Panjang - Total,total,80-84,1670
Bangkit,total,80-84,390
Dairy Farm,total,80-84,70
Fajar,total,80-84,310
Jelebu,total,80-84,460
Nature Reserve,total,80-84,60
Saujana,total,80-84,200
Senja,total,80-84,190
Bukit Timah - Total,total,80-84,1590
Anak Bukit,total,80-84,470
Coronation Road,total,80-84,150
Farrer Court,total,80-84,110
Hillcrest,total,80-84,210
Holland Road,total,80-84,200
Leedon Park,total,80-84,110
Swiss Club,total,80-84,120
Ulu Pandan,total,80-84,230
Central Water Catchment - Total,total,80-84,-
Central Water Catchment,total,80-84,-
Changi- Total,total,80-84,20
Changi Airport,total,80-84,-
Changi Point,total,80-84,10
Changi West,total,80-84,-
Changi Bay - Total,total,80-84,-
Changi Bay,total,80-84,-
Choa Chu Kang - Total,total,80-84,1840
Choa Chu Kang Central,total,80-84,220
Choa Chu Kang North,total,80-84,330
Keat Hong,total,80-84,240
Peng Siang,total,80-84,310
Teck Whye,total,80-84,400
Yew Tee,total,80-84,350
Clementi - Total,total,80-84,2130
Clementi Central,total,80-84,340
Clementi North,total,80-84,820
Clementi West,total,80-84,310
Clementi Woods,total,80-84,380
Faber,total,80-84,60
Pandan,total,80-84,-
Sunset Way,total,80-84,150
Toh Tuck,total,80-84,-
West Coast,total,80-84,90
Downtown Core - Total,total,80-84,50
Anson,total,80-84,-
Bayfront Subzone,total,80-84,-
Bugis,total,80-84,30
Cecil,total,80-84,-
Central Subzone,total,80-84,-
City Hall,total,80-84,-
Clifford Pier,total,80-84,-
Marina Centre,total,80-84,-
Maxwell,total,80-84,-
Nicoll,total,80-84,-
Phillip,total,80-84,-
Raffles Place,total,80-84,-
Tanjong Pagar,total,80-84,10
Geylang - Total,total,80-84,2580
Aljunied,total,80-84,980
Geylang East,total,80-84,680
Kallang Way,total,80-84,-
Kampong Ubi,total,80-84,130
Macpherson,total,80-84,780
Hougang - Total,total,80-84,3790
Defu Industrial Park,total,80-84,-
Hougang Central,total,80-84,90
Hougang East,total,80-84,280
Hougang West,total,80-84,730
Kangkar,total,80-84,540
Kovan,total,80-84,450
Lorong Ah Soo,total,80-84,750
Lorong Halus,total,80-84,-
Tai Seng,total,80-84,350
Trafalgar,total,80-84,600
Jurong East - Total,total,80-84,1410
International Business Park,total,80-84,-
Jurong Gateway,total,80-84,-
Jurong Port,total,80-84,-
Jurong River,total,80-84,-
Lakeside (Business),total,80-84,-
Lakeside (Leisure),total,80-84,60
Penjuru Crescent,total,80-84,-
Teban Gardens,total,80-84,330
Toh Guan,total,80-84,170
Yuhua East,total,80-84,510
Yuhua West,total,80-84,340
Jurong West - Total,total,80-84,2820
Boon Lay Place,total,80-84,390
Chin Bee,total,80-84,-
Hong Kah,total,80-84,800
Jurong West Central,total,80-84,490
Kian Teck,total,80-84,-
Safti,total,80-84,-
Taman Jurong,total,80-84,410
Wenya,total,80-84,80
Yunnan,total,80-84,650
Kallang - Total,total,80-84,2760
Bendemeer,total,80-84,940
Boon Keng,total,80-84,370
Crawford,total,80-84,350
Geylang Bahru,total,80-84,360
Kallang Bahru,total,80-84,-
Kampong Bugis,total,80-84,10
Kampong Java,total,80-84,300
Lavender,total,80-84,250
Tanjong Rhu,total,80-84,180
Lim Chu Kang - Total,total,80-84,-
Lim Chu Kang,total,80-84,-
Mandai - Total,total,80-84,30
Mandai East,total,80-84,-
Mandai Estate,total,80-84,30
Mandai West,total,80-84,-
Marina East - Total,total,80-84,-
Marina East,total,80-84,-
Marina South - Total,total,80-84,-
Marina South,total,80-84,-
Marine Parade - Total,total,80-84,1340
East Coast,total,80-84,-
Katong,total,80-84,210
Marina East (Mp),total,80-84,-
Marine Parade,total,80-84,960
Mountbatten,total,80-84,170
Museum - Total,total,80-84,-
Bras Basah,total,80-84,-
Dhoby Ghaut,total,80-84,-
Fort Canning,total,80-84,-
Newton - Total,total,80-84,120
Cairnhill,total,80-84,60
Goodwood Park,total,80-84,20
Istana Negara,total,80-84,-
Monk's Hill,total,80-84,20
Newton Circus,total,80-84,-
Orange Grove,total,80-84,30
North-Eastern Islands - Total,total,80-84,-
North-Eastern Islands,total,80-84,-
Novena - Total,total,80-84,1140
Balestier,total,80-84,850
Dunearn,total,80-84,100
Malcolm,total,80-84,60
Moulmein,total,80-84,120
Mount Pleasant,total,80-84,10
Orchard - Total,total,80-84,20
Boulevard,total,80-84,10
Somerset,total,80-84,-
Tanglin,total,80-84,10
Outram - Total,total,80-84,660
China Square,total,80-84,60
Chinatown,total,80-84,290
Pearl's Hill,total,80-84,300
People's Park,total,80-84,10
Pasir Ris - Total,total,80-84,1620
Flora Drive,total,80-84,210
Loyang East,total,80-84,30
Loyang West,total,80-84,50
Pasir Ris Central,total,80-84,310
Pasir Ris Drive,total,80-84,640
Pasir Ris Park,total,80-84,30
Pasir Ris Wafer Fab Park,total,80-84,-
Pasir Ris West,total,80-84,350
Paya Lebar - Total,total,80-84,-
Airport Road,total,80-84,-
Paya Lebar East,total,80-84,-
Paya Lebar North,total,80-84,-
Paya Lebar West,total,80-84,-
Plab,total,80-84,-
Pioneer - Total,total,80-84,-
Benoi Sector,total,80-84,-
Gul Basin,total,80-84,-
Gul Circle,total,80-84,-
Joo Koon,total,80-84,-
Pioneer Sector,total,80-84,-
Punggol - Total,total,80-84,1190
Coney Island,total,80-84,-
Matilda,total,80-84,320
Northshore,total,80-84,10
Punggol Canal,total,80-84,-
Punggol Field,total,80-84,470
Punggol Town Centre,total,80-84,130
Waterway East,total,80-84,270
Queenstown - Total,total,80-84,3000
Commonwealth,total,80-84,300
Dover,total,80-84,310
Ghim Moh,total,80-84,470
Holland Drive,total,80-84,570
Kent Ridge,total,80-84,-
Margaret Drive,total,80-84,330
Mei Chin,total,80-84,480
National University Of S'pore,total,80-84,-
One North,total,80-84,-
Pasir Panjang 1,total,80-84,60
Pasir Panjang 2,total,80-84,50
Port,total,80-84,-
Queensway,total,80-84,-
Singapore Polytechnic,total,80-84,-
Tanglin Halt,total,80-84,420
River Valley - Total,total,80-84,140
Institution Hill,total,80-84,30
Leonie Hill,total,80-84,30
One Tree Hill,total,80-84,40
Oxley,total,80-84,30
Paterson,total,80-84,-
Rochor - Total,total,80-84,350
Bencoolen,total,80-84,30
Farrer Park,total,80-84,50
Kampong Glam,total,80-84,-
Little India,total,80-84,100
Mackenzie,total,80-84,-
Mount Emily,total,80-84,10
Rochor Canal,total,80-84,-
Selegie,total,80-84,10
Sungei Road,total,80-84,70
Victoria,total,80-84,80
Seletar - Total,total,80-84,10
Pulau Punggol Barat,total,80-84,-
Pulau Punggol Timor,total,80-84,-
Seletar,total,80-84,10
Seletar Aerospace Park,total,80-84,-
Sembawang - Total,total,80-84,900
Admiralty,total,80-84,150
Sembawang Central,total,80-84,310
Sembawang East,total,80-84,80
Sembawang North,total,80-84,220
Sembawang Springs,total,80-84,120
Sembawang Straits,total,80-84,20
Senoko North,total,80-84,-
Senoko South,total,80-84,-
The Wharves,total,80-84,-
Sengkang - Total,total,80-84,2160
Anchorvale,total,80-84,330
Compassvale,total,80-84,180
Fernvale,total,80-84,500
Lorong Halus North,total,80-84,-
Rivervale,total,80-84,570
Sengkang Town Centre,total,80-84,590
Sengkang West,total,80-84,-
Serangoon - Total,total,80-84,2470
Lorong Chuan,total,80-84,180
Seletar Hills,total,80-84,320
Serangoon Central,total,80-84,550
Serangoon Garden,total,80-84,910
Serangoon North,total,80-84,200
Serangoon North Ind Estate,total,80-84,-
Upper Paya Lebar,total,80-84,310
Simpang - Total,total,80-84,-
Pulau Seletar,total,80-84,-
Simpang North,total,80-84,-
Simpang South,total,80-84,-
Tanjong Irau,total,80-84,-
Singapore River - Total,total,80-84,30
Boat Quay,total,80-84,10
Clarke Quay,total,80-84,-
Robertson Quay,total,80-84,30
Southern Islands - Total,total,80-84,10
Sentosa,total,80-84,10
Southern Group,total,80-84,-
Straits View - Total,total,80-84,-
Straits View,total,80-84,-
Sungei Kadut - Total,total,80-84,30
Gali Batu,total,80-84,-
Kranji,total,80-84,-
Pang Sua,total,80-84,-
Reservoir View,total,80-84,-
Turf Club,total,80-84,30
Tampines - Total,total,80-84,3490
Simei,total,80-84,560
Tampines East,total,80-84,1870
Tampines North,total,80-84,80
Tampines West,total,80-84,970
Xilin,total,80-84,20
Tanglin - Total,total,80-84,340
Chatsworth,total,80-84,90
Nassim,total,80-84,140
Ridout,total,80-84,30
Tyersall,total,80-84,80
Tengah - Total,total,80-84,-
Brickland,total,80-84,-
Forest Hill,total,80-84,-
Garden,total,80-84,-
Park,total,80-84,-
Plantation,total,80-84,-
Tengah Industrial Estate,total,80-84,-
Toa Payoh - Total,total,80-84,3650
Bidadari,total,80-84,-
Boon Teck,total,80-84,530
Braddell,total,80-84,310
Joo Seng,total,80-84,180
Kim Keat,total,80-84,230
Lorong 8 Toa Payoh,total,80-84,280
Pei Chun,total,80-84,350
Potong Pasir,total,80-84,260
Sennett,total,80-84,140
Toa Payoh Central,total,80-84,760
Toa Payoh West,total,80-84,580
Woodleigh,total,80-84,20
Tuas - Total,total,80-84,-
Tengeh,total,80-84,-
Tuas Bay,total,80-84,-
Tuas North,total,80-84,-
Tuas Promenade,total,80-84,-
Tuas View,total,80-84,-
Tuas View Extension,total,80-84,-
Western Islands - Total,total,80-84,-
Jurong Island And Bukom,total,80-84,-
Semakau,total,80-84,-
Sudong,total,80-84,-
Western Water Catchment - Total,total,80-84,-
Bahar,total,80-84,-
Cleantech,total,80-84,-
Murai,total,80-84,-
Woodlands - Total,total,80-84,2410
Greenwood Park,total,80-84,-
Midview,total,80-84,320
North Coast,total,80-84,230
Senoko West,total,80-84,-
Woodgrove,total,80-84,340
Woodlands East,total,80-84,720
Woodlands Regional Centre,total,80-84,-
Woodlands South,total,80-84,290
Woodlands West,total,80-84,520
Yishun - Total,total,80-84,2670
Khatib,total,80-84,130
Lower Seletar,total,80-84,90
Nee Soon,total,80-84,10
Northland,total,80-84,370
Springleaf,total,80-84,80
Yishun Central,total,80-84,30
Yishun East,total,80-84,510
Yishun South,total,80-84,580
Yishun West,total,80-84,880
Total,total,85-89,36590
Ang Mo Kio - Total,total,85-89,2280
Ang Mo Kio Town Centre,total,85-89,40
Cheng San,total,85-89,350
Chong Boon,total,85-89,430
Kebun Bahru,total,85-89,340
Sembawang Hills,total,85-89,100
Shangri-La,total,85-89,250
Tagore,total,85-89,120
Townsville,total,85-89,360
Yio Chu Kang,total,85-89,-
Yio Chu Kang East,total,85-89,40
Yio Chu Kang North,total,85-89,-
Yio Chu Kang West,total,85-89,250
Bedok - Total,total,85-89,3310
Bayshore,total,85-89,40
Bedok North,total,85-89,970
Bedok Reservoir,total,85-89,160
Bedok South,total,85-89,720
Frankel,total,85-89,470
Kaki Bukit,total,85-89,260
Kembangan,total,85-89,530
Siglap,total,85-89,140
Bishan - Total,total,85-89,1050
Bishan East,total,85-89,320
Marymount,total,85-89,220
Upper Thomson,total,85-89,510
Boon Lay - Total,total,85-89,-
Liu Fang,total,85-89,-
Samulun,total,85-89,-
Shipyard,total,85-89,-
Tukang,total,85-89,-
Bukit Batok - Total,total,85-89,1130
Brickworks,total,85-89,70
Bukit Batok Central,total,85-89,200
Bukit Batok East,total,85-89,110
Bukit Batok South,total,85-89,70
Bukit Batok West,total,85-89,130
Gombak,total,85-89,120
Guilin,total,85-89,120
Hillview,total,85-89,130
Hong Kah North,total,85-89,180
Bukit Merah - Total,total,85-89,2400
Alexandra Hill,total,85-89,280
Alexandra North,total,85-89,10
Bukit Ho Swee,total,85-89,270
Bukit Merah,total,85-89,10
City Terminals,total,85-89,-
Depot Road,total,85-89,60
Everton Park,total,85-89,130
Henderson Hill,total,85-89,280
Kampong Tiong Bahru,total,85-89,170
Maritime Square,total,85-89,50
Redhill,total,85-89,120
Singapore General Hospital,total,85-89,-
Telok Blangah Drive,total,85-89,260
Telok Blangah Rise,total,85-89,180
Telok Blangah Way,total,85-89,180
Tiong Bahru,total,85-89,170
Tiong Bahru Station,total,85-89,230
Bukit Panjang - Total,total,85-89,890
Bangkit,total,85-89,230
Dairy Farm,total,85-89,30
Fajar,total,85-89,150
Jelebu,total,85-89,220
Nature Reserve,total,85-89,20
Saujana,total,85-89,120
Senja,total,85-89,120
Bukit Timah - Total,total,85-89,920
Anak Bukit,total,85-89,270
Coronation Road,total,85-89,80
Farrer Court,total,85-89,70
Hillcrest,total,85-89,130
Holland Road,total,85-89,100
Leedon Park,total,85-89,60
Swiss Club,total,85-89,80
Ulu Pandan,total,85-89,130
Central Water Catchment - Total,total,85-89,-
Central Water Catchment,total,85-89,-
Changi- Total,total,85-89,10
Changi Airport,total,85-89,-
Changi Point,total,85-89,-
Changi West,total,85-89,10
Changi Bay - Total,total,85-89,-
Changi Bay,total,85-89,-
Choa Chu Kang - Total,total,85-89,1040
Choa Chu Kang Central,total,85-89,110
Choa Chu Kang North,total,85-89,220
Keat Hong,total,85-89,150
Peng Siang,total,85-89,200
Teck Whye,total,85-89,200
Yew Tee,total,85-89,160
Clementi - Total,total,85-89,1040
Clementi Central,total,85-89,190
Clementi North,total,85-89,390
Clementi West,total,85-89,140
Clementi Woods,total,85-89,170
Faber,total,85-89,40
Pandan,total,85-89,-
Sunset Way,total,85-89,70
Toh Tuck,total,85-89,-
West Coast,total,85-89,40
Downtown Core - Total,total,85-89,20
Anson,total,85-89,-
Bayfront Subzone,total,85-89,-
Bugis,total,85-89,10
Cecil,total,85-89,-
Central Subzone,total,85-89,-
City Hall,total,85-89,-
Clifford Pier,total,85-89,-
Marina Centre,total,85-89,-
Maxwell,total,85-89,-
Nicoll,total,85-89,-
Phillip,total,85-89,-
Raffles Place,total,85-89,-
Tanjong Pagar,total,85-89,-
Geylang - Total,total,85-89,1500
Aljunied,total,85-89,580
Geylang East,total,85-89,410
Kallang Way,total,85-89,-
Kampong Ubi,total,85-89,60
Macpherson,total,85-89,450
Hougang - Total,total,85-89,2080
Defu Industrial Park,total,85-89,-
Hougang Central,total,85-89,40
Hougang East,total,85-89,150
Hougang West,total,85-89,430
Kangkar,total,85-89,250
Kovan,total,85-89,240
Lorong Ah Soo,total,85-89,410
Lorong Halus,total,85-89,-
Tai Seng,total,85-89,200
Trafalgar,total,85-89,350
Jurong East - Total,total,85-89,750
International Business Park,total,85-89,-
Jurong Gateway,total,85-89,-
Jurong Port,total,85-89,-
Jurong River,total,85-89,-
Lakeside (Business),total,85-89,-
Lakeside (Leisure),total,85-89,30
Penjuru Crescent,total,85-89,-
Teban Gardens,total,85-89,150
Toh Guan,total,85-89,110
Yuhua East,total,85-89,280
Yuhua West,total,85-89,170
Jurong West - Total,total,85-89,1420
Boon Lay Place,total,85-89,170
Chin Bee,total,85-89,-
Hong Kah,total,85-89,400
Jurong West Central,total,85-89,240
Kian Teck,total,85-89,-
Safti,total,85-89,-
Taman Jurong,total,85-89,250
Wenya,total,85-89,60
Yunnan,total,85-89,310
Kallang - Total,total,85-89,1430
Bendemeer,total,85-89,500
Boon Keng,total,85-89,210
Crawford,total,85-89,180
Geylang Bahru,total,85-89,200
Kallang Bahru,total,85-89,-
Kampong Bugis,total,85-89,10
Kampong Java,total,85-89,140
Lavender,total,85-89,110
Tanjong Rhu,total,85-89,80
Lim Chu Kang - Total,total,85-89,-
Lim Chu Kang,total,85-89,-
Mandai - Total,total,85-89,20
Mandai East,total,85-89,-
Mandai Estate,total,85-89,20
Mandai West,total,85-89,-
Marina East - Total,total,85-89,-
Marina East,total,85-89,-
Marina South - Total,total,85-89,-
Marina South,total,85-89,-
Marine Parade - Total,total,85-89,750
East Coast,total,85-89,-
Katong,total,85-89,130
Marina East (Mp),total,85-89,-
Marine Parade,total,85-89,500
Mountbatten,total,85-89,120
Museum - Total,total,85-89,-
Bras Basah,total,85-89,-
Dhoby Ghaut,total,85-89,-
Fort Canning,total,85-89,-
Newton - Total,total,85-89,90
Cairnhill,total,85-89,40
Goodwood Park,total,85-89,10
Istana Negara,total,85-89,-
Monk's Hill,total,85-89,10
Newton Circus,total,85-89,-
Orange Grove,total,85-89,20
North-Eastern Islands - Total,total,85-89,-
North-Eastern Islands,total,85-89,-
Novena - Total,total,85-89,710
Balestier,total,85-89,500
Dunearn,total,85-89,70
Malcolm,total,85-89,50
Moulmein,total,85-89,80
Mount Pleasant,total,85-89,10
Orchard - Total,total,85-89,-
Boulevard,total,85-89,-
Somerset,total,85-89,-
Tanglin,total,85-89,-
Outram - Total,total,85-89,340
China Square,total,85-89,30
Chinatown,total,85-89,160
Pearl's Hill,total,85-89,140
People's Park,total,85-89,10
Pasir Ris - Total,total,85-89,920
Flora Drive,total,85-89,110
Loyang East,total,85-89,20
Loyang West,total,85-89,40
Pasir Ris Central,total,85-89,180
Pasir Ris Drive,total,85-89,360
Pasir Ris Park,total,85-89,20
Pasir Ris Wafer Fab Park,total,85-89,-
Pasir Ris West,total,85-89,200
Paya Lebar - Total,total,85-89,-
Airport Road,total,85-89,-
Paya Lebar East,total,85-89,-
Paya Lebar North,total,85-89,-
Paya Lebar West,total,85-89,-
Plab,total,85-89,-
Pioneer - Total,total,85-89,-
Benoi Sector,total,85-89,-
Gul Basin,total,85-89,-
Gul Circle,total,85-89,-
Joo Koon,total,85-89,-
Pioneer Sector,total,85-89,-
Punggol - Total,total,85-89,620
Coney Island,total,85-89,-
Matilda,total,85-89,150
Northshore,total,85-89,10
Punggol Canal,total,85-89,-
Punggol Field,total,85-89,240
Punggol Town Centre,total,85-89,70
Waterway East,total,85-89,160
Queenstown - Total,total,85-89,1760
Commonwealth,total,85-89,200
Dover,total,85-89,130
Ghim Moh,total,85-89,290
Holland Drive,total,85-89,300
Kent Ridge,total,85-89,-
Margaret Drive,total,85-89,210
Mei Chin,total,85-89,300
National University Of S'pore,total,85-89,-
One North,total,85-89,-
Pasir Panjang 1,total,85-89,40
Pasir Panjang 2,total,85-89,10
Port,total,85-89,-
Queensway,total,85-89,-
Singapore Polytechnic,total,85-89,-
Tanglin Halt,total,85-89,270
River Valley - Total,total,85-89,60
Institution Hill,total,85-89,10
Leonie Hill,total,85-89,20
One Tree Hill,total,85-89,20
Oxley,total,85-89,10
Paterson,total,85-89,-
Rochor - Total,total,85-89,230
Bencoolen,total,85-89,30
Farrer Park,total,85-89,50
Kampong Glam,total,85-89,10
Little India,total,85-89,60
Mackenzie,total,85-89,-
Mount Emily,total,85-89,10
Rochor Canal,total,85-89,-
Selegie,total,85-89,10
Sungei Road,total,85-89,40
Victoria,total,85-89,30
Seletar - Total,total,85-89,-
Pulau Punggol Barat,total,85-89,-
Pulau Punggol Timor,total,85-89,-
Seletar,total,85-89,-
Seletar Aerospace Park,total,85-89,-
Sembawang - Total,total,85-89,520
Admiralty,total,85-89,100
Sembawang Central,total,85-89,170
Sembawang East,total,85-89,50
Sembawang North,total,85-89,120
Sembawang Springs,total,85-89,70
Sembawang Straits,total,85-89,10
Senoko North,total,85-89,-
Senoko South,total,85-89,-
The Wharves,total,85-89,-
Sengkang - Total,total,85-89,1130
Anchorvale,total,85-89,160
Compassvale,total,85-89,60
Fernvale,total,85-89,290
Lorong Halus North,total,85-89,-
Rivervale,total,85-89,310
Sengkang Town Centre,total,85-89,310
Sengkang West,total,85-89,-
Serangoon - Total,total,85-89,1380
Lorong Chuan,total,85-89,100
Seletar Hills,total,85-89,170
Serangoon Central,total,85-89,260
Serangoon Garden,total,85-89,560
Serangoon North,total,85-89,110
Serangoon North Ind Estate,total,85-89,-
Upper Paya Lebar,total,85-89,170
Simpang - Total,total,85-89,-
Pulau Seletar,total,85-89,-
Simpang North,total,85-89,-
Simpang South,total,85-89,-
Tanjong Irau,total,85-89,-
Singapore River - Total,total,85-89,10
Boat Quay,total,85-89,-
Clarke Quay,total,85-89,-
Robertson Quay,total,85-89,10
Southern Islands - Total,total,85-89,-
Sentosa,total,85-89,-
Southern Group,total,85-89,-
Straits View - Total,total,85-89,-
Straits View,total,85-89,-
Sungei Kadut - Total,total,85-89,10
Gali Batu,total,85-89,-
Kranji,total,85-89,-
Pang Sua,total,85-89,-
Reservoir View,total,85-89,-
Turf Club,total,85-89,10
Tampines - Total,total,85-89,1950
Simei,total,85-89,290
Tampines East,total,85-89,1040
Tampines North,total,85-89,70
Tampines West,total,85-89,540
Xilin,total,85-89,10
Tanglin - Total,total,85-89,200
Chatsworth,total,85-89,50
Nassim,total,85-89,80
Ridout,total,85-89,20
Tyersall,total,85-89,50
Tengah - Total,total,85-89,-
Brickland,total,85-89,-
Forest Hill,total,85-89,-
Garden,total,85-89,-
Park,total,85-89,-
Plantation,total,85-89,-
Tengah Industrial Estate,total,85-89,-
Toa Payoh - Total,total,85-89,1970
Bidadari,total,85-89,-
Boon Teck,total,85-89,290
Braddell,total,85-89,160
Joo Seng,total,85-89,100
Kim Keat,total,85-89,120
Lorong 8 Toa Payoh,total,85-89,160
Pei Chun,total,85-89,180
Potong Pasir,total,85-89,160
Sennett,total,85-89,90
Toa Payoh Central,total,85-89,430
Toa Payoh West,total,85-89,270
Woodleigh,total,85-89,20
Tuas - Total,total,85-89,-
Tengeh,total,85-89,-
Tuas Bay,total,85-89,-
Tuas North,total,85-89,-
Tuas Promenade,total,85-89,-
Tuas View,total,85-89,-
Tuas View Extension,total,85-89,-
Western Islands - Total,total,85-89,-
Jurong Island And Bukom,total,85-89,-
Semakau,total,85-89,-
Sudong,total,85-89,-
Western Water Catchment - Total,total,85-89,-
Bahar,total,85-89,-
Cleantech,total,85-89,-
Murai,total,85-89,-
Woodlands - Total,total,85-89,1260
Greenwood Park,total,85-89,-
Midview,total,85-89,160
North Coast,total,85-89,120
Senoko West,total,85-89,-
Woodgrove,total,85-89,190
Woodlands East,total,85-89,380
Woodlands Regional Centre,total,85-89,-
Woodlands South,total,85-89,170
Woodlands West,total,85-89,250
Yishun - Total,total,85-89,1420
Khatib,total,85-89,90
Lower Seletar,total,85-89,40
Nee Soon,total,85-89,10
Northland,total,85-89,180
Springleaf,total,85-89,30
Yishun Central,total,85-89,20
Yishun East,total,85-89,250
Yishun South,total,85-89,320
Yishun West,total,85-89,480
Total,total,90andover,20880
Ang Mo Kio - Total,total,90andover,1130
Ang Mo Kio Town Centre,total,90andover,20
Cheng San,total,90andover,180
Chong Boon,total,90andover,200
Kebun Bahru,total,90andover,160
Sembawang Hills,total,90andover,60
Shangri-La,total,90andover,130
Tagore,total,90andover,60
Townsville,total,90andover,190
Yio Chu Kang,total,90andover,-
Yio Chu Kang East,total,90andover,30
Yio Chu Kang North,total,90andover,-
Yio Chu Kang West,total,90andover,110
Bedok - Total,total,90andover,1970
Bayshore,total,90andover,50
Bedok North,total,90andover,540
Bedok Reservoir,total,90andover,80
Bedok South,total,90andover,410
Frankel,total,90andover,290
Kaki Bukit,total,90andover,190
Kembangan,total,90andover,350
Siglap,total,90andover,70
Bishan - Total,total,90andover,560
Bishan East,total,90andover,150
Marymount,total,90andover,150
Upper Thomson,total,90andover,260
Boon Lay - Total,total,90andover,-
Liu Fang,total,90andover,-
Samulun,total,90andover,-
Shipyard,total,90andover,-
Tukang,total,90andover,-
Bukit Batok - Total,total,90andover,590
Brickworks,total,90andover,20
Bukit Batok Central,total,90andover,120
Bukit Batok East,total,90andover,60
Bukit Batok South,total,90andover,30
Bukit Batok West,total,90andover,80
Gombak,total,90andover,50
Guilin,total,90andover,70
Hillview,total,90andover,70
Hong Kah North,total,90andover,90
Bukit Merah - Total,total,90andover,1530
Alexandra Hill,total,90andover,170
Alexandra North,total,90andover,-
Bukit Ho Swee,total,90andover,190
Bukit Merah,total,90andover,10
City Terminals,total,90andover,-
Depot Road,total,90andover,40
Everton Park,total,90andover,80
Henderson Hill,total,90andover,150
Kampong Tiong Bahru,total,90andover,100
Maritime Square,total,90andover,40
Redhill,total,90andover,140
Singapore General Hospital,total,90andover,-
Telok Blangah Drive,total,90andover,120
Telok Blangah Rise,total,90andover,100
Telok Blangah Way,total,90andover,110
Tiong Bahru,total,90andover,150
Tiong Bahru Station,total,90andover,140
Bukit Panjang - Total,total,90andover,490
Bangkit,total,90andover,120
Dairy Farm,total,90andover,20
Fajar,total,90andover,70
Jelebu,total,90andover,110
Nature Reserve,total,90andover,20
Saujana,total,90andover,80
Senja,total,90andover,70
Bukit Timah - Total,total,90andover,550
Anak Bukit,total,90andover,150
Coronation Road,total,90andover,50
Farrer Court,total,90andover,40
Hillcrest,total,90andover,70
Holland Road,total,90andover,70
Leedon Park,total,90andover,50
Swiss Club,total,90andover,60
Ulu Pandan,total,90andover,60
Central Water Catchment - Total,total,90andover,-
Central Water Catchment,total,90andover,-
Changi- Total,total,90andover,10
Changi Airport,total,90andover,-
Changi Point,total,90andover,10
Changi West,total,90andover,-
Changi Bay - Total,total,90andover,-
Changi Bay,total,90andover,-
Choa Chu Kang - Total,total,90andover,540
Choa Chu Kang Central,total,90andover,70
Choa Chu Kang North,total,90andover,80
Keat Hong,total,90andover,60
Peng Siang,total,90andover,110
Teck Whye,total,90andover,110
Yew Tee,total,90andover,100
Clementi - Total,total,90andover,570
Clementi Central,total,90andover,110
Clementi North,total,90andover,230
Clementi West,total,90andover,70
Clementi Woods,total,90andover,90
Faber,total,90andover,20
Pandan,total,90andover,-
Sunset Way,total,90andover,30
Toh Tuck,total,90andover,-
West Coast,total,90andover,20
Downtown Core - Total,total,90andover,60
Anson,total,90andover,-
Bayfront Subzone,total,90andover,-
Bugis,total,90andover,20
Cecil,total,90andover,-
Central Subzone,total,90andover,-
City Hall,total,90andover,-
Clifford Pier,total,90andover,-
Marina Centre,total,90andover,-
Maxwell,total,90andover,-
Nicoll,total,90andover,-
Phillip,total,90andover,-
Raffles Place,total,90andover,-
Tanjong Pagar,total,90andover,30
Geylang - Total,total,90andover,890
Aljunied,total,90andover,390
Geylang East,total,90andover,210
Kallang Way,total,90andover,-
Kampong Ubi,total,90andover,40
Macpherson,total,90andover,250
Hougang - Total,total,90andover,1080
Defu Industrial Park,total,90andover,-
Hougang Central,total,90andover,30
Hougang East,total,90andover,80
Hougang West,total,90andover,220
Kangkar,total,90andover,120
Kovan,total,90andover,180
Lorong Ah Soo,total,90andover,180
Lorong Halus,total,90andover,-
Tai Seng,total,90andover,120
Trafalgar,total,90andover,150
Jurong East - Total,total,90andover,390
International Business Park,total,90andover,-
Jurong Gateway,total,90andover,-
Jurong Port,total,90andover,-
Jurong River,total,90andover,-
Lakeside (Business),total,90andover,-
Lakeside (Leisure),total,90andover,10
Penjuru Crescent,total,90andover,-
Teban Gardens,total,90andover,80
Toh Guan,total,90andover,50
Yuhua East,total,90andover,150
Yuhua West,total,90andover,100
Jurong West - Total,total,90andover,730
Boon Lay Place,total,90andover,90
Chin Bee,total,90andover,-
Hong Kah,total,90andover,180
Jurong West Central,total,90andover,120
Kian Teck,total,90andover,-
Safti,total,90andover,-
Taman Jurong,total,90andover,110
Wenya,total,90andover,50
Yunnan,total,90andover,190
Kallang - Total,total,90andover,1000
Bendemeer,total,90andover,370
Boon Keng,total,90andover,120
Crawford,total,90andover,130
Geylang Bahru,total,90andover,120
Kallang Bahru,total,90andover,-
Kampong Bugis,total,90andover,10
Kampong Java,total,90andover,100
Lavender,total,90andover,90
Tanjong Rhu,total,90andover,70
Lim Chu Kang - Total,total,90andover,-
Lim Chu Kang,total,90andover,-
Mandai - Total,total,90andover,10
Mandai East,total,90andover,-
Mandai Estate,total,90andover,10
Mandai West,total,90andover,-
Marina East - Total,total,90andover,-
Marina East,total,90andover,-
Marina South - Total,total,90andover,-
Marina South,total,90andover,-
Marine Parade - Total,total,90andover,490
East Coast,total,90andover,-
Katong,total,90andover,90
Marina East (Mp),total,90andover,-
Marine Parade,total,90andover,320
Mountbatten,total,90andover,90
Museum - Total,total,90andover,10
Bras Basah,total,90andover,-
Dhoby Ghaut,total,90andover,-
Fort Canning,total,90andover,-
Newton - Total,total,90andover,60
Cairnhill,total,90andover,30
Goodwood Park,total,90andover,10
Istana Negara,total,90andover,-
Monk's Hill,total,90andover,10
Newton Circus,total,90andover,-
Orange Grove,total,90andover,10
North-Eastern Islands - Total,total,90andover,-
North-Eastern Islands,total,90andover,-
Novena - Total,total,90andover,430
Balestier,total,90andover,300
Dunearn,total,90andover,40
Malcolm,total,90andover,40
Moulmein,total,90andover,40
Mount Pleasant,total,90andover,10
Orchard - Total,total,90andover,-
Boulevard,total,90andover,-
Somerset,total,90andover,-
Tanglin,total,90andover,-
Outram - Total,total,90andover,360
China Square,total,90andover,20
Chinatown,total,90andover,190
Pearl's Hill,total,90andover,160
People's Park,total,90andover,-
Pasir Ris - Total,total,90andover,520
Flora Drive,total,90andover,80
Loyang East,total,90andover,10
Loyang West,total,90andover,30
Pasir Ris Central,total,90andover,90
Pasir Ris Drive,total,90andover,190
Pasir Ris Park,total,90andover,10
Pasir Ris Wafer Fab Park,total,90andover,-
Pasir Ris West,total,90andover,110
Paya Lebar - Total,total,90andover,-
Airport Road,total,90andover,-
Paya Lebar East,total,90andover,-
Paya Lebar North,total,90andover,-
Paya Lebar West,total,90andover,-
Plab,total,90andover,-
Pioneer - Total,total,90andover,-
Benoi Sector,total,90andover,-
Gul Basin,total,90andover,-
Gul Circle,total,90andover,-
Joo Koon,total,90andover,-
Pioneer Sector,total,90andover,-
Punggol - Total,total,90andover,330
Coney Island,total,90andover,-
Matilda,total,90andover,80
Northshore,total,90andover,-
Punggol Canal,total,90andover,-
Punggol Field,total,90andover,140
Punggol Town Centre,total,90andover,30
Waterway East,total,90andover,70
Queenstown - Total,total,90andover,930
Commonwealth,total,90andover,100
Dover,total,90andover,60
Ghim Moh,total,90andover,130
Holland Drive,total,90andover,180
Kent Ridge,total,90andover,-
Margaret Drive,total,90andover,130
Mei Chin,total,90andover,170
National University Of S'pore,total,90andover,-
One North,total,90andover,-
Pasir Panjang 1,total,90andover,10
Pasir Panjang 2,total,90andover,20
Port,total,90andover,-
Queensway,total,90andover,-
Singapore Polytechnic,total,90andover,-
Tanglin Halt,total,90andover,140
River Valley - Total,total,90andover,60
Institution Hill,total,90andover,10
Leonie Hill,total,90andover,10
One Tree Hill,total,90andover,20
Oxley,total,90andover,20
Paterson,total,90andover,-
Rochor - Total,total,90andover,210
Bencoolen,total,90andover,30
Farrer Park,total,90andover,40
Kampong Glam,total,90andover,20
Little India,total,90andover,60
Mackenzie,total,90andover,-
Mount Emily,total,90andover,10
Rochor Canal,total,90andover,-
Selegie,total,90andover,10
Sungei Road,total,90andover,20
Victoria,total,90andover,30
Seletar - Total,total,90andover,-
Pulau Punggol Barat,total,90andover,-
Pulau Punggol Timor,total,90andover,-
Seletar,total,90andover,-
Seletar Aerospace Park,total,90andover,-
Sembawang - Total,total,90andover,260
Admiralty,total,90andover,40
Sembawang Central,total,90andover,90
Sembawang East,total,90andover,20
Sembawang North,total,90andover,60
Sembawang Springs,total,90andover,60
Sembawang Straits,total,90andover,10
Senoko North,total,90andover,-
Senoko South,total,90andover,-
The Wharves,total,90andover,-
Sengkang - Total,total,90andover,660
Anchorvale,total,90andover,90
Compassvale,total,90andover,30
Fernvale,total,90andover,170
Lorong Halus North,total,90andover,-
Rivervale,total,90andover,170
Sengkang Town Centre,total,90andover,200
Sengkang West,total,90andover,-
Serangoon - Total,total,90andover,810
Lorong Chuan,total,90andover,80
Seletar Hills,total,90andover,90
Serangoon Central,total,90andover,150
Serangoon Garden,total,90andover,360
Serangoon North,total,90andover,40
Serangoon North Ind Estate,total,90andover,-
Upper Paya Lebar,total,90andover,90
Simpang - Total,total,90andover,-
Pulau Seletar,total,90andover,-
Simpang North,total,90andover,-
Simpang South,total,90andover,-
Tanjong Irau,total,90andover,-
Singapore River - Total,total,90andover,20
Boat Quay,total,90andover,-
Clarke Quay,total,90andover,10
Robertson Quay,total,90andover,10
Southern Islands - Total,total,90andover,-
Sentosa,total,90andover,-
Southern Group,total,90andover,-
Straits View - Total,total,90andover,-
Straits View,total,90andover,-
Sungei Kadut - Total,total,90andover,10
Gali Batu,total,90andover,-
Kranji,total,90andover,-
Pang Sua,total,90andover,-
Reservoir View,total,90andover,-
Turf Club,total,90andover,10
Tampines - Total,total,90andover,1110
Simei,total,90andover,220
Tampines East,total,90andover,580
Tampines North,total,90andover,40
Tampines West,total,90andover,270
Xilin,total,90andover,-
Tanglin - Total,total,90andover,140
Chatsworth,total,90andover,30
Nassim,total,90andover,70
Ridout,total,90andover,20
Tyersall,total,90andover,30
Tengah - Total,total,90andover,-
Brickland,total,90andover,-
Forest Hill,total,90andover,-
Garden,total,90andover,-
Park,total,90andover,-
Plantation,total,90andover,-
Tengah Industrial Estate,total,90andover,-
Toa Payoh - Total,total,90andover,1070
Bidadari,total,90andover,-
Boon Teck,total,90andover,180
Braddell,total,90andover,110
Joo Seng,total,90andover,70
Kim Keat,total,90andover,60
Lorong 8 Toa Payoh,total,90andover,80
Pei Chun,total,90andover,90
Potong Pasir,total,90andover,50
Sennett,total,90andover,90
Toa Payoh Central,total,90andover,220
Toa Payoh West,total,90andover,140
Woodleigh,total,90andover,10
Tuas - Total,total,90andover,-
Tengeh,total,90andover,-
Tuas Bay,total,90andover,-
Tuas North,total,90andover,-
Tuas Promenade,total,90andover,-
Tuas View,total,90andover,-
Tuas View Extension,total,90andover,-
Western Islands - Total,total,90andover,-
Jurong Island And Bukom,total,90andover,-
Semakau,total,90andover,-
Sudong,total,90andover,-
Western Water Catchment - Total,total,90andover,-
Bahar,total,90andover,-
Cleantech,total,90andover,-
Murai,total,90andover,-
Woodlands - Total,total,90andover,580
Greenwood Park,total,90andover,-
Midview,total,90andover,110
North Coast,total,90andover,50
Senoko West,total,90andover,-
Woodgrove,total,90andover,110
Woodlands East,total,90andover,170
Woodlands Regional Centre,total,90andover,-
Woodlands South,total,90andover,60
Woodlands West,total,90andover,100
Yishun - Total,total,90andover,730
Khatib,total,90andover,40
Lower Seletar,total,90andover,30
Nee Soon,total,90andover,10
Northland,total,90andover,100
Springleaf,total,90andover,20
Yishun Central,total,90andover,10
Yishun East,total,90andover,120
Yishun South,total,90andover,170
Yishun West,total,90andover,240
Total,male,0-4,93390
Ang Mo Kio - Total,male,0-4,2710
Ang Mo Kio Town Centre,male,0-4,90
Cheng San,male,0-4,570
Chong Boon,male,0-4,450
Kebun Bahru,male,0-4,310
Sembawang Hills,male,0-4,110
Shangri-La,male,0-4,300
Tagore,male,0-4,100
Townsville,male,0-4,320
Yio Chu Kang,male,0-4,-
Yio Chu Kang East,male,0-4,90
Yio Chu Kang North,male,0-4,-
Yio Chu Kang West,male,0-4,390
Bedok - Total,male,0-4,4980
Bayshore,male,0-4,180
Bedok North,male,0-4,1400
Bedok Reservoir,male,0-4,580
Bedok South,male,0-4,710
Frankel,male,0-4,690
Kaki Bukit,male,0-4,600
Kembangan,male,0-4,740
Siglap,male,0-4,90
Bishan - Total,male,0-4,1470
Bishan East,male,0-4,460
Marymount,male,0-4,540
Upper Thomson,male,0-4,480
Boon Lay - Total,male,0-4,-
Liu Fang,male,0-4,-
Samulun,male,0-4,-
Shipyard,male,0-4,-
Tukang,male,0-4,-
Bukit Batok - Total,male,0-4,4030
Brickworks,male,0-4,1410
Bukit Batok Central,male,0-4,670
Bukit Batok East,male,0-4,170
Bukit Batok South,male,0-4,360
Bukit Batok West,male,0-4,330
Gombak,male,0-4,160
Guilin,male,0-4,220
Hillview,male,0-4,280
Hong Kah North,male,0-4,440
Bukit Merah - Total,male,0-4,3050
Alexandra Hill,male,0-4,180
Alexandra North,male,0-4,80
Bukit Ho Swee,male,0-4,240
Bukit Merah,male,0-4,10
City Terminals,male,0-4,-
Depot Road,male,0-4,160
Everton Park,male,0-4,120
Henderson Hill,male,0-4,220
Kampong Tiong Bahru,male,0-4,110
Maritime Square,male,0-4,100
Redhill,male,0-4,270
Singapore General Hospital,male,0-4,-
Telok Blangah Drive,male,0-4,630
Telok Blangah Rise,male,0-4,190
Telok Blangah Way,male,0-4,120
Tiong Bahru,male,0-4,350
Tiong Bahru Station,male,0-4,280
Bukit Panjang - Total,male,0-4,3190
Bangkit,male,0-4,350
Dairy Farm,male,0-4,150
Fajar,male,0-4,820
Jelebu,male,0-4,460
Nature Reserve,male,0-4,60
Saujana,male,0-4,770
Senja,male,0-4,580
Bukit Timah - Total,male,0-4,1510
Anak Bukit,male,0-4,370
Coronation Road,male,0-4,140
Farrer Court,male,0-4,140
Hillcrest,male,0-4,190
Holland Road,male,0-4,210
Leedon Park,male,0-4,150
Swiss Club,male,0-4,110
Ulu Pandan,male,0-4,190
Central Water Catchment - Total,male,0-4,-
Central Water Catchment,male,0-4,-
Changi- Total,male,0-4,60
Changi Airport,male,0-4,-
Changi Point,male,0-4,10
Changi West,male,0-4,50
Changi Bay - Total,male,0-4,-
Changi Bay,male,0-4,-
Choa Chu Kang - Total,male,0-4,4590
Choa Chu Kang Central,male,0-4,440
Choa Chu Kang North,male,0-4,440
Keat Hong,male,0-4,1800
Peng Siang,male,0-4,840
Teck Whye,male,0-4,390
Yew Tee,male,0-4,680
Clementi - Total,male,0-4,1890
Clementi Central,male,0-4,250
Clementi North,male,0-4,710
Clementi West,male,0-4,230
Clementi Woods,male,0-4,350
Faber,male,0-4,130
Pandan,male,0-4,-
Sunset Way,male,0-4,90
Toh Tuck,male,0-4,-
West Coast,male,0-4,150
Downtown Core - Total,male,0-4,50
Anson,male,0-4,-
Bayfront Subzone,male,0-4,-
Bugis,male,0-4,10
Cecil,male,0-4,10
Central Subzone,male,0-4,20
City Hall,male,0-4,-
Clifford Pier,male,0-4,-
Marina Centre,male,0-4,-
Maxwell,male,0-4,-
Nicoll,male,0-4,-
Phillip,male,0-4,-
Raffles Place,male,0-4,-
Tanjong Pagar,male,0-4,20
Geylang - Total,male,0-4,2050
Aljunied,male,0-4,660
Geylang East,male,0-4,570
Kallang Way,male,0-4,-
Kampong Ubi,male,0-4,210
Macpherson,male,0-4,610
Hougang - Total,male,0-4,4680
Defu Industrial Park,male,0-4,-
Hougang Central,male,0-4,70
Hougang East,male,0-4,710
Hougang West,male,0-4,660
Kangkar,male,0-4,920
Kovan,male,0-4,440
Lorong Ah Soo,male,0-4,480
Lorong Halus,male,0-4,-
Tai Seng,male,0-4,210
Trafalgar,male,0-4,1190
Jurong East - Total,male,0-4,1310
International Business Park,male,0-4,-
Jurong Gateway,male,0-4,10
Jurong Port,male,0-4,-
Jurong River,male,0-4,-
Lakeside (Business),male,0-4,-
Lakeside (Leisure),male,0-4,10
Penjuru Crescent,male,0-4,-
Teban Gardens,male,0-4,390
Toh Guan,male,0-4,230
Yuhua East,male,0-4,350
Yuhua West,male,0-4,320
Jurong West - Total,male,0-4,5430
Boon Lay Place,male,0-4,800
Chin Bee,male,0-4,-
Hong Kah,male,0-4,960
Jurong West Central,male,0-4,1280
Kian Teck,male,0-4,-
Safti,male,0-4,-
Taman Jurong,male,0-4,1060
Wenya,male,0-4,220
Yunnan,male,0-4,1120
Kallang - Total,male,0-4,1980
Bendemeer,male,0-4,950
Boon Keng,male,0-4,180
Crawford,male,0-4,100
Geylang Bahru,male,0-4,140
Kallang Bahru,male,0-4,-
Kampong Bugis,male,0-4,20
Kampong Java,male,0-4,180
Lavender,male,0-4,190
Tanjong Rhu,male,0-4,210
Lim Chu Kang - Total,male,0-4,-
Lim Chu Kang,male,0-4,-
Mandai - Total,male,0-4,30
Mandai East,male,0-4,-
Mandai Estate,male,0-4,30
Mandai West,male,0-4,-
Marina East - Total,male,0-4,-
Marina East,male,0-4,-
Marina South - Total,male,0-4,-
Marina South,male,0-4,-
Marine Parade - Total,male,0-4,910
East Coast,male,0-4,-
Katong,male,0-4,190
Marina East (Mp),male,0-4,-
Marine Parade,male,0-4,510
Mountbatten,male,0-4,210
Museum - Total,male,0-4,10
Bras Basah,male,0-4,-
Dhoby Ghaut,male,0-4,-
Fort Canning,male,0-4,-
Newton - Total,male,0-4,190
Cairnhill,male,0-4,80
Goodwood Park,male,0-4,40
Istana Negara,male,0-4,-
Monk's Hill,male,0-4,30
Newton Circus,male,0-4,10
Orange Grove,male,0-4,30
North-Eastern Islands - Total,male,0-4,-
North-Eastern Islands,male,0-4,-
Novena - Total,male,0-4,1140
Balestier,male,0-4,700
Dunearn,male,0-4,60
Malcolm,male,0-4,80
Moulmein,male,0-4,290
Mount Pleasant,male,0-4,20
Orchard - Total,male,0-4,20
Boulevard,male,0-4,10
Somerset,male,0-4,-
Tanglin,male,0-4,10
Outram - Total,male,0-4,350
China Square,male,0-4,10
Chinatown,male,0-4,250
Pearl's Hill,male,0-4,90
People's Park,male,0-4,-
Pasir Ris - Total,male,0-4,2890
Flora Drive,male,0-4,260
Loyang East,male,0-4,30
Loyang West,male,0-4,-
Pasir Ris Central,male,0-4,840
Pasir Ris Drive,male,0-4,880
Pasir Ris Park,male,0-4,240
Pasir Ris Wafer Fab Park,male,0-4,-
Pasir Ris West,male,0-4,650
Paya Lebar - Total,male,0-4,-
Airport Road,male,0-4,-
Paya Lebar East,male,0-4,-
Paya Lebar North,male,0-4,-
Paya Lebar West,male,0-4,-
Plab,male,0-4,-
Pioneer - Total,male,0-4,-
Benoi Sector,male,0-4,-
Gul Basin,male,0-4,-
Gul Circle,male,0-4,-
Joo Koon,male,0-4,-
Pioneer Sector,male,0-4,-
Punggol - Total,male,0-4,8190
Coney Island,male,0-4,-
Matilda,male,0-4,2740
Northshore,male,0-4,10
Punggol Canal,male,0-4,-
Punggol Field,male,0-4,1240
Punggol Town Centre,male,0-4,1450
Waterway East,male,0-4,2760
Queenstown - Total,male,0-4,2070
Commonwealth,male,0-4,60
Dover,male,0-4,200
Ghim Moh,male,0-4,470
Holland Drive,male,0-4,180
Kent Ridge,male,0-4,-
Margaret Drive,male,0-4,560
Mei Chin,male,0-4,250
National University Of S'pore,male,0-4,-
One North,male,0-4,20
Pasir Panjang 1,male,0-4,80
Pasir Panjang 2,male,0-4,50
Port,male,0-4,-
Queensway,male,0-4,-
Singapore Polytechnic,male,0-4,-
Tanglin Halt,male,0-4,190
River Valley - Total,male,0-4,220
Institution Hill,male,0-4,100
Leonie Hill,male,0-4,60
One Tree Hill,male,0-4,30
Oxley,male,0-4,30
Paterson,male,0-4,10
Rochor - Total,male,0-4,210
Bencoolen,male,0-4,20
Farrer Park,male,0-4,40
Kampong Glam,male,0-4,-
Little India,male,0-4,40
Mackenzie,male,0-4,-
Mount Emily,male,0-4,50
Rochor Canal,male,0-4,-
Selegie,male,0-4,-
Sungei Road,male,0-4,30
Victoria,male,0-4,30
Seletar - Total,male,0-4,-
Pulau Punggol Barat,male,0-4,-
Pulau Punggol Timor,male,0-4,-
Seletar,male,0-4,-
Seletar Aerospace Park,male,0-4,-
Sembawang - Total,male,0-4,3190
Admiralty,male,0-4,350
Sembawang Central,male,0-4,930
Sembawang East,male,0-4,1050
Sembawang North,male,0-4,550
Sembawang Springs,male,0-4,270
Sembawang Straits,male,0-4,40
Senoko North,male,0-4,-
Senoko South,male,0-4,-
The Wharves,male,0-4,-
Sengkang - Total,male,0-4,8370
Anchorvale,male,0-4,1920
Compassvale,male,0-4,860
Fernvale,male,0-4,2470
Lorong Halus North,male,0-4,-
Rivervale,male,0-4,1270
Sengkang Town Centre,male,0-4,1840
Sengkang West,male,0-4,-
Serangoon - Total,male,0-4,1840
Lorong Chuan,male,0-4,150
Seletar Hills,male,0-4,250
Serangoon Central,male,0-4,360
Serangoon Garden,male,0-4,530
Serangoon North,male,0-4,250
Serangoon North Ind Estate,male,0-4,-
Upper Paya Lebar,male,0-4,300
Simpang - Total,male,0-4,-
Pulau Seletar,male,0-4,-
Simpang North,male,0-4,-
Simpang South,male,0-4,-
Tanjong Irau,male,0-4,-
Singapore River - Total,male,0-4,90
Boat Quay,male,0-4,-
Clarke Quay,male,0-4,-
Robertson Quay,male,0-4,90
Southern Islands - Total,male,0-4,60
Sentosa,male,0-4,60
Southern Group,male,0-4,-
Straits View - Total,male,0-4,-
Straits View,male,0-4,-
Sungei Kadut - Total,male,0-4,10
Gali Batu,male,0-4,-
Kranji,male,0-4,-
Pang Sua,male,0-4,-
Reservoir View,male,0-4,-
Turf Club,male,0-4,10
Tampines - Total,male,0-4,5940
Simei,male,0-4,710
Tampines East,male,0-4,2720
Tampines North,male,0-4,590
Tampines West,male,0-4,1910
Xilin,male,0-4,20
Tanglin - Total,male,0-4,530
Chatsworth,male,0-4,170
Nassim,male,0-4,250
Ridout,male,0-4,40
Tyersall,male,0-4,80
Tengah - Total,male,0-4,-
Brickland,male,0-4,-
Forest Hill,male,0-4,-
Garden,male,0-4,-
Park,male,0-4,-
Plantation,male,0-4,-
Tengah Industrial Estate,male,0-4,-
Toa Payoh - Total,male,0-4,2190
Bidadari,male,0-4,-
Boon Teck,male,0-4,290
Braddell,male,0-4,150
Joo Seng,male,0-4,180
Kim Keat,male,0-4,110
Lorong 8 Toa Payoh,male,0-4,80
Pei Chun,male,0-4,140
Potong Pasir,male,0-4,190
Sennett,male,0-4,220
Toa Payoh Central,male,0-4,520
Toa Payoh West,male,0-4,260
Woodleigh,male,0-4,50
Tuas - Total,male,0-4,-
Tengeh,male,0-4,-
Tuas Bay,male,0-4,-
Tuas North,male,0-4,-
Tuas Promenade,male,0-4,-
Tuas View,male,0-4,-
Tuas View Extension,male,0-4,-
Western Islands - Total,male,0-4,-
Jurong Island And Bukom,male,0-4,-
Semakau,male,0-4,-
Sudong,male,0-4,-
Western Water Catchment - Total,male,0-4,10
Bahar,male,0-4,-
Cleantech,male,0-4,-
Murai,male,0-4,10
Woodlands - Total,male,0-4,5870
Greenwood Park,male,0-4,-
Midview,male,0-4,850
North Coast,male,0-4,150
Senoko West,male,0-4,-
Woodgrove,male,0-4,480
Woodlands East,male,0-4,2500
Woodlands Regional Centre,male,0-4,-
Woodlands South,male,0-4,1080
Woodlands West,male,0-4,800
Yishun - Total,male,0-4,6090
Khatib,male,0-4,180
Lower Seletar,male,0-4,1180
Nee Soon,male,0-4,10
Northland,male,0-4,440
Springleaf,male,0-4,70
Yishun Central,male,0-4,50
Yishun East,male,0-4,2240
Yishun South,male,0-4,1000
Yishun West,male,0-4,920
Total,male,5-9,101730
Ang Mo Kio - Total,male,5-9,3020
Ang Mo Kio Town Centre,male,5-9,130
Cheng San,male,5-9,540
Chong Boon,male,5-9,450
Kebun Bahru,male,5-9,340
Sembawang Hills,male,5-9,130
Shangri-La,male,5-9,290
Tagore,male,5-9,140
Townsville,male,5-9,470
Yio Chu Kang,male,5-9,-
Yio Chu Kang East,male,5-9,90
Yio Chu Kang North,male,5-9,-
Yio Chu Kang West,male,5-9,460
Bedok - Total,male,5-9,5810
Bayshore,male,5-9,250
Bedok North,male,5-9,1580
Bedok Reservoir,male,5-9,620
Bedok South,male,5-9,910
Frankel,male,5-9,1020
Kaki Bukit,male,5-9,610
Kembangan,male,5-9,700
Siglap,male,5-9,130
Bishan - Total,male,5-9,2030
Bishan East,male,5-9,610
Marymount,male,5-9,780
Upper Thomson,male,5-9,640
Boon Lay - Total,male,5-9,-
Liu Fang,male,5-9,-
Samulun,male,5-9,-
Shipyard,male,5-9,-
Tukang,male,5-9,-
Bukit Batok - Total,male,5-9,3480
Brickworks,male,5-9,610
Bukit Batok Central,male,5-9,640
Bukit Batok East,male,5-9,190
Bukit Batok South,male,5-9,370
Bukit Batok West,male,5-9,330
Gombak,male,5-9,240
Guilin,male,5-9,270
Hillview,male,5-9,360
Hong Kah North,male,5-9,480
Bukit Merah - Total,male,5-9,3300
Alexandra Hill,male,5-9,220
Alexandra North,male,5-9,100
Bukit Ho Swee,male,5-9,290
Bukit Merah,male,5-9,20
City Terminals,male,5-9,-
Depot Road,male,5-9,190
Everton Park,male,5-9,150
Henderson Hill,male,5-9,240
Kampong Tiong Bahru,male,5-9,120
Maritime Square,male,5-9,110
Redhill,male,5-9,310
Singapore General Hospital,male,5-9,-
Telok Blangah Drive,male,5-9,430
Telok Blangah Rise,male,5-9,220
Telok Blangah Way,male,5-9,170
Tiong Bahru,male,5-9,350
Tiong Bahru Station,male,5-9,370
Bukit Panjang - Total,male,5-9,3660
Bangkit,male,5-9,370
Dairy Farm,male,5-9,200
Fajar,male,5-9,850
Jelebu,male,5-9,580
Nature Reserve,male,5-9,100
Saujana,male,5-9,860
Senja,male,5-9,700
Bukit Timah - Total,male,5-9,2100
Anak Bukit,male,5-9,550
Coronation Road,male,5-9,200
Farrer Court,male,5-9,230
Hillcrest,male,5-9,240
Holland Road,male,5-9,280
Leedon Park,male,5-9,140
Swiss Club,male,5-9,130
Ulu Pandan,male,5-9,330
Central Water Catchment - Total,male,5-9,-
Central Water Catchment,male,5-9,-
Changi- Total,male,5-9,60
Changi Airport,male,5-9,-
Changi Point,male,5-9,10
Changi West,male,5-9,60
Changi Bay - Total,male,5-9,-
Changi Bay,male,5-9,-
Choa Chu Kang - Total,male,5-9,4740
Choa Chu Kang Central,male,5-9,570
Choa Chu Kang North,male,5-9,570
Keat Hong,male,5-9,1360
Peng Siang,male,5-9,880
Teck Whye,male,5-9,390
Yew Tee,male,5-9,980
Clementi - Total,male,5-9,2160
Clementi Central,male,5-9,280
Clementi North,male,5-9,620
Clementi West,male,5-9,330
Clementi Woods,male,5-9,360
Faber,male,5-9,230
Pandan,male,5-9,-
Sunset Way,male,5-9,110
Toh Tuck,male,5-9,-
West Coast,male,5-9,240
Downtown Core - Total,male,5-9,60
Anson,male,5-9,-
Bayfront Subzone,male,5-9,-
Bugis,male,5-9,20
Cecil,male,5-9,-
Central Subzone,male,5-9,20
City Hall,male,5-9,-
Clifford Pier,male,5-9,-
Marina Centre,male,5-9,-
Maxwell,male,5-9,-
Nicoll,male,5-9,-
Phillip,male,5-9,-
Raffles Place,male,5-9,-
Tanjong Pagar,male,5-9,10
Geylang - Total,male,5-9,2170
Aljunied,male,5-9,760
Geylang East,male,5-9,660
Kallang Way,male,5-9,-
Kampong Ubi,male,5-9,250
Macpherson,male,5-9,500
Hougang - Total,male,5-9,4700
Defu Industrial Park,male,5-9,-
Hougang Central,male,5-9,50
Hougang East,male,5-9,630
Hougang West,male,5-9,740
Kangkar,male,5-9,860
Kovan,male,5-9,560
Lorong Ah Soo,male,5-9,510
Lorong Halus,male,5-9,-
Tai Seng,male,5-9,270
Trafalgar,male,5-9,1090
Jurong East - Total,male,5-9,1470
International Business Park,male,5-9,-
Jurong Gateway,male,5-9,10
Jurong Port,male,5-9,-
Jurong River,male,5-9,-
Lakeside (Business),male,5-9,-
Lakeside (Leisure),male,5-9,10
Penjuru Crescent,male,5-9,-
Teban Gardens,male,5-9,430
Toh Guan,male,5-9,260
Yuhua East,male,5-9,420
Yuhua West,male,5-9,340
Jurong West - Total,male,5-9,6630
Boon Lay Place,male,5-9,870
Chin Bee,male,5-9,-
Hong Kah,male,5-9,1120
Jurong West Central,male,5-9,1810
Kian Teck,male,5-9,-
Safti,male,5-9,-
Taman Jurong,male,5-9,1100
Wenya,male,5-9,300
Yunnan,male,5-9,1440
Kallang - Total,male,5-9,2180
Bendemeer,male,5-9,940
Boon Keng,male,5-9,220
Crawford,male,5-9,100
Geylang Bahru,male,5-9,160
Kallang Bahru,male,5-9,-
Kampong Bugis,male,5-9,10
Kampong Java,male,5-9,270
Lavender,male,5-9,210
Tanjong Rhu,male,5-9,270
Lim Chu Kang - Total,male,5-9,-
Lim Chu Kang,male,5-9,-
Mandai - Total,male,5-9,40
Mandai East,male,5-9,-
Mandai Estate,male,5-9,40
Mandai West,male,5-9,-
Marina East - Total,male,5-9,-
Marina East,male,5-9,-
Marina South - Total,male,5-9,-
Marina South,male,5-9,-
Marine Parade - Total,male,5-9,1210
East Coast,male,5-9,-
Katong,male,5-9,260
Marina East (Mp),male,5-9,-
Marine Parade,male,5-9,710
Mountbatten,male,5-9,240
Museum - Total,male,5-9,10
Bras Basah,male,5-9,-
Dhoby Ghaut,male,5-9,10
Fort Canning,male,5-9,10
Newton - Total,male,5-9,330
Cairnhill,male,5-9,150
Goodwood Park,male,5-9,70
Istana Negara,male,5-9,-
Monk's Hill,male,5-9,50
Newton Circus,male,5-9,20
Orange Grove,male,5-9,40
North-Eastern Islands - Total,male,5-9,-
North-Eastern Islands,male,5-9,-
Novena - Total,male,5-9,1690
Balestier,male,5-9,780
Dunearn,male,5-9,70
Malcolm,male,5-9,110
Moulmein,male,5-9,720
Mount Pleasant,male,5-9,10
Orchard - Total,male,5-9,20
Boulevard,male,5-9,10
Somerset,male,5-9,-
Tanglin,male,5-9,10
Outram - Total,male,5-9,390
China Square,male,5-9,20
Chinatown,male,5-9,270
Pearl's Hill,male,5-9,90
People's Park,male,5-9,-
Pasir Ris - Total,male,5-9,3360
Flora Drive,male,5-9,360
Loyang East,male,5-9,40
Loyang West,male,5-9,-
Pasir Ris Central,male,5-9,860
Pasir Ris Drive,male,5-9,1020
Pasir Ris Park,male,5-9,290
Pasir Ris Wafer Fab Park,male,5-9,-
Pasir Ris West,male,5-9,790
Paya Lebar - Total,male,5-9,-
Airport Road,male,5-9,-
Paya Lebar East,male,5-9,-
Paya Lebar North,male,5-9,-
Paya Lebar West,male,5-9,-
Plab,male,5-9,-
Pioneer - Total,male,5-9,-
Benoi Sector,male,5-9,-
Gul Basin,male,5-9,-
Gul Circle,male,5-9,-
Joo Koon,male,5-9,-
Pioneer Sector,male,5-9,-
Punggol - Total,male,5-9,7990
Coney Island,male,5-9,-
Matilda,male,5-9,2540
Northshore,male,5-9,10
Punggol Canal,male,5-9,-
Punggol Field,male,5-9,1730
Punggol Town Centre,male,5-9,1170
Waterway East,male,5-9,2550
Queenstown - Total,male,5-9,2230
Commonwealth,male,5-9,100
Dover,male,5-9,280
Ghim Moh,male,5-9,340
Holland Drive,male,5-9,200
Kent Ridge,male,5-9,-
Margaret Drive,male,5-9,650
Mei Chin,male,5-9,270
National University Of S'pore,male,5-9,-
One North,male,5-9,30
Pasir Panjang 1,male,5-9,100
Pasir Panjang 2,male,5-9,60
Port,male,5-9,-
Queensway,male,5-9,-
Singapore Polytechnic,male,5-9,-
Tanglin Halt,male,5-9,200
River Valley - Total,male,5-9,270
Institution Hill,male,5-9,130
Leonie Hill,male,5-9,70
One Tree Hill,male,5-9,30
Oxley,male,5-9,30
Paterson,male,5-9,10
Rochor - Total,male,5-9,200
Bencoolen,male,5-9,10
Farrer Park,male,5-9,40
Kampong Glam,male,5-9,-
Little India,male,5-9,40
Mackenzie,male,5-9,10
Mount Emily,male,5-9,40
Rochor Canal,male,5-9,-
Selegie,male,5-9,-
Sungei Road,male,5-9,40
Victoria,male,5-9,20
Seletar - Total,male,5-9,10
Pulau Punggol Barat,male,5-9,-
Pulau Punggol Timor,male,5-9,-
Seletar,male,5-9,10
Seletar Aerospace Park,male,5-9,-
Sembawang - Total,male,5-9,2990
Admiralty,male,5-9,440
Sembawang Central,male,5-9,980
Sembawang East,male,5-9,450
Sembawang North,male,5-9,810
Sembawang Springs,male,5-9,260
Sembawang Straits,male,5-9,50
Senoko North,male,5-9,-
Senoko South,male,5-9,-
The Wharves,male,5-9,-
Sengkang - Total,male,5-9,9130
Anchorvale,male,5-9,2010
Compassvale,male,5-9,980
Fernvale,male,5-9,2750
Lorong Halus North,male,5-9,-
Rivervale,male,5-9,1550
Sengkang Town Centre,male,5-9,1840
Sengkang West,male,5-9,-
Serangoon - Total,male,5-9,2320
Lorong Chuan,male,5-9,220
Seletar Hills,male,5-9,370
Serangoon Central,male,5-9,390
Serangoon Garden,male,5-9,580
Serangoon North,male,5-9,320
Serangoon North Ind Estate,male,5-9,-
Upper Paya Lebar,male,5-9,430
Simpang - Total,male,5-9,-
Pulau Seletar,male,5-9,-
Simpang North,male,5-9,-
Simpang South,male,5-9,-
Tanjong Irau,male,5-9,-
Singapore River - Total,male,5-9,120
Boat Quay,male,5-9,-
Clarke Quay,male,5-9,-
Robertson Quay,male,5-9,110
Southern Islands - Total,male,5-9,60
Sentosa,male,5-9,60
Southern Group,male,5-9,-
Straits View - Total,male,5-9,-
Straits View,male,5-9,-
Sungei Kadut - Total,male,5-9,20
Gali Batu,male,5-9,-
Kranji,male,5-9,-
Pang Sua,male,5-9,-
Reservoir View,male,5-9,-
Turf Club,male,5-9,20
Tampines - Total,male,5-9,5970
Simei,male,5-9,860
Tampines East,male,5-9,2820
Tampines North,male,5-9,280
Tampines West,male,5-9,1980
Xilin,male,5-9,30
Tanglin - Total,male,5-9,740
Chatsworth,male,5-9,210
Nassim,male,5-9,380
Ridout,male,5-9,40
Tyersall,male,5-9,110
Tengah - Total,male,5-9,-
Brickland,male,5-9,-
Forest Hill,male,5-9,-
Garden,male,5-9,-
Park,male,5-9,-
Plantation,male,5-9,-
Tengah Industrial Estate,male,5-9,-
Toa Payoh - Total,male,5-9,2670
Bidadari,male,5-9,-
Boon Teck,male,5-9,300
Braddell,male,5-9,220
Joo Seng,male,5-9,230
Kim Keat,male,5-9,130
Lorong 8 Toa Payoh,male,5-9,110
Pei Chun,male,5-9,180
Potong Pasir,male,5-9,260
Sennett,male,5-9,210
Toa Payoh Central,male,5-9,710
Toa Payoh West,male,5-9,240
Woodleigh,male,5-9,80
Tuas - Total,male,5-9,-
Tengeh,male,5-9,-
Tuas Bay,male,5-9,-
Tuas North,male,5-9,-
Tuas Promenade,male,5-9,-
Tuas View,male,5-9,-
Tuas View Extension,male,5-9,-
Western Islands - Total,male,5-9,-
Jurong Island And Bukom,male,5-9,-
Semakau,male,5-9,-
Sudong,male,5-9,-
Western Water Catchment - Total,male,5-9,30
Bahar,male,5-9,-
Cleantech,male,5-9,-
Murai,male,5-9,30
Woodlands - Total,male,5-9,6480
Greenwood Park,male,5-9,-
Midview,male,5-9,830
North Coast,male,5-9,180
Senoko West,male,5-9,-
Woodgrove,male,5-9,700
Woodlands East,male,5-9,2720
Woodlands Regional Centre,male,5-9,-
Woodlands South,male,5-9,1360
Woodlands West,male,5-9,690
Yishun - Total,male,5-9,5870
Khatib,male,5-9,170
Lower Seletar,male,5-9,860
Nee Soon,male,5-9,30
Northland,male,5-9,520
Springleaf,male,5-9,80
Yishun Central,male,5-9,60
Yishun East,male,5-9,2250
Yishun South,male,5-9,870
Yishun West,male,5-9,1040
Total,male,10-14,104970
Ang Mo Kio - Total,male,10-14,3590
Ang Mo Kio Town Centre,male,10-14,120
Cheng San,male,10-14,570
Chong Boon,male,10-14,550
Kebun Bahru,male,10-14,460
Sembawang Hills,male,10-14,180
Shangri-La,male,10-14,330
Tagore,male,10-14,210
Townsville,male,10-14,490
Yio Chu Kang,male,10-14,-
Yio Chu Kang East,male,10-14,110
Yio Chu Kang North,male,10-14,-
Yio Chu Kang West,male,10-14,570
Bedok - Total,male,10-14,6470
Bayshore,male,10-14,240
Bedok North,male,10-14,1750
Bedok Reservoir,male,10-14,730
Bedok South,male,10-14,1060
Frankel,male,10-14,970
Kaki Bukit,male,10-14,840
Kembangan,male,10-14,750
Siglap,male,10-14,130
Bishan - Total,male,10-14,2260
Bishan East,male,10-14,660
Marymount,male,10-14,880
Upper Thomson,male,10-14,720
Boon Lay - Total,male,10-14,-
Liu Fang,male,10-14,-
Samulun,male,10-14,-
Shipyard,male,10-14,-
Tukang,male,10-14,-
Bukit Batok - Total,male,10-14,3870
Brickworks,male,10-14,410
Bukit Batok Central,male,10-14,690
Bukit Batok East,male,10-14,280
Bukit Batok South,male,10-14,380
Bukit Batok West,male,10-14,370
Gombak,male,10-14,320
Guilin,male,10-14,320
Hillview,male,10-14,490
Hong Kah North,male,10-14,600
Bukit Merah - Total,male,10-14,3370
Alexandra Hill,male,10-14,310
Alexandra North,male,10-14,80
Bukit Ho Swee,male,10-14,290
Bukit Merah,male,10-14,30
City Terminals,male,10-14,-
Depot Road,male,10-14,210
Everton Park,male,10-14,150
Henderson Hill,male,10-14,240
Kampong Tiong Bahru,male,10-14,170
Maritime Square,male,10-14,90
Redhill,male,10-14,340
Singapore General Hospital,male,10-14,-
Telok Blangah Drive,male,10-14,370
Telok Blangah Rise,male,10-14,220
Telok Blangah Way,male,10-14,190
Tiong Bahru,male,10-14,270
Tiong Bahru Station,male,10-14,420
Bukit Panjang - Total,male,10-14,3650
Bangkit,male,10-14,490
Dairy Farm,male,10-14,210
Fajar,male,10-14,790
Jelebu,male,10-14,710
Nature Reserve,male,10-14,110
Saujana,male,10-14,730
Senja,male,10-14,610
Bukit Timah - Total,male,10-14,2210
Anak Bukit,male,10-14,570
Coronation Road,male,10-14,210
Farrer Court,male,10-14,220
Hillcrest,male,10-14,240
Holland Road,male,10-14,310
Leedon Park,male,10-14,180
Swiss Club,male,10-14,150
Ulu Pandan,male,10-14,340
Central Water Catchment - Total,male,10-14,-
Central Water Catchment,male,10-14,-
Changi- Total,male,10-14,80
Changi Airport,male,10-14,-
Changi Point,male,10-14,10
Changi West,male,10-14,70
Changi Bay - Total,male,10-14,-
Changi Bay,male,10-14,-
Choa Chu Kang - Total,male,10-14,5290
Choa Chu Kang Central,male,10-14,640
Choa Chu Kang North,male,10-14,840
Keat Hong,male,10-14,1090
Peng Siang,male,10-14,950
Teck Whye,male,10-14,530
Yew Tee,male,10-14,1240
Clementi - Total,male,10-14,2360
Clementi Central,male,10-14,360
Clementi North,male,10-14,580
Clementi West,male,10-14,360
Clementi Woods,male,10-14,410
Faber,male,10-14,230
Pandan,male,10-14,-
Sunset Way,male,10-14,130
Toh Tuck,male,10-14,-
West Coast,male,10-14,290
Downtown Core - Total,male,10-14,30
Anson,male,10-14,-
Bayfront Subzone,male,10-14,-
Bugis,male,10-14,10
Cecil,male,10-14,-
Central Subzone,male,10-14,10
City Hall,male,10-14,-
Clifford Pier,male,10-14,-
Marina Centre,male,10-14,-
Maxwell,male,10-14,-
Nicoll,male,10-14,-
Phillip,male,10-14,-
Raffles Place,male,10-14,-
Tanjong Pagar,male,10-14,-
Geylang - Total,male,10-14,2510
Aljunied,male,10-14,890
Geylang East,male,10-14,750
Kallang Way,male,10-14,-
Kampong Ubi,male,10-14,270
Macpherson,male,10-14,600
Hougang - Total,male,10-14,5140
Defu Industrial Park,male,10-14,-
Hougang Central,male,10-14,110
Hougang East,male,10-14,510
Hougang West,male,10-14,930
Kangkar,male,10-14,770
Kovan,male,10-14,640
Lorong Ah Soo,male,10-14,650
Lorong Halus,male,10-14,-
Tai Seng,male,10-14,330
Trafalgar,male,10-14,1210
Jurong East - Total,male,10-14,1830
International Business Park,male,10-14,-
Jurong Gateway,male,10-14,10
Jurong Port,male,10-14,-
Jurong River,male,10-14,-
Lakeside (Business),male,10-14,-
Lakeside (Leisure),male,10-14,10
Penjuru Crescent,male,10-14,-
Teban Gardens,male,10-14,460
Toh Guan,male,10-14,350
Yuhua East,male,10-14,530
Yuhua West,male,10-14,480
Jurong West - Total,male,10-14,7610
Boon Lay Place,male,10-14,830
Chin Bee,male,10-14,-
Hong Kah,male,10-14,1270
Jurong West Central,male,10-14,2150
Kian Teck,male,10-14,-
Safti,male,10-14,-
Taman Jurong,male,10-14,1140
Wenya,male,10-14,350
Yunnan,male,10-14,1870
Kallang - Total,male,10-14,2080
Bendemeer,male,10-14,760
Boon Keng,male,10-14,200
Crawford,male,10-14,120
Geylang Bahru,male,10-14,220
Kallang Bahru,male,10-14,-
Kampong Bugis,male,10-14,10
Kampong Java,male,10-14,270
Lavender,male,10-14,210
Tanjong Rhu,male,10-14,300
Lim Chu Kang - Total,male,10-14,10
Lim Chu Kang,male,10-14,10
Mandai - Total,male,10-14,60
Mandai East,male,10-14,-
Mandai Estate,male,10-14,60
Mandai West,male,10-14,-
Marina East - Total,male,10-14,-
Marina East,male,10-14,-
Marina South - Total,male,10-14,-
Marina South,male,10-14,-
Marine Parade - Total,male,10-14,1230
East Coast,male,10-14,-
Katong,male,10-14,240
Marina East (Mp),male,10-14,-
Marine Parade,male,10-14,730
Mountbatten,male,10-14,260
Museum - Total,male,10-14,10
Bras Basah,male,10-14,-
Dhoby Ghaut,male,10-14,-
Fort Canning,male,10-14,-
Newton - Total,male,10-14,260
Cairnhill,male,10-14,120
Goodwood Park,male,10-14,50
Istana Negara,male,10-14,-
Monk's Hill,male,10-14,40
Newton Circus,male,10-14,10
Orange Grove,male,10-14,40
North-Eastern Islands - Total,male,10-14,-
North-Eastern Islands,male,10-14,-
Novena - Total,male,10-14,1370
Balestier,male,10-14,770
Dunearn,male,10-14,120
Malcolm,male,10-14,100
Moulmein,male,10-14,360
Mount Pleasant,male,10-14,20
Orchard - Total,male,10-14,20
Boulevard,male,10-14,10
Somerset,male,10-14,-
Tanglin,male,10-14,10
Outram - Total,male,10-14,360
China Square,male,10-14,10
Chinatown,male,10-14,250
Pearl's Hill,male,10-14,100
People's Park,male,10-14,-
Pasir Ris - Total,male,10-14,3960
Flora Drive,male,10-14,460
Loyang East,male,10-14,50
Loyang West,male,10-14,-
Pasir Ris Central,male,10-14,850
Pasir Ris Drive,male,10-14,1330
Pasir Ris Park,male,10-14,270
Pasir Ris Wafer Fab Park,male,10-14,-
Pasir Ris West,male,10-14,1000
Paya Lebar - Total,male,10-14,-
Airport Road,male,10-14,-
Paya Lebar East,male,10-14,-
Paya Lebar North,male,10-14,-
Paya Lebar West,male,10-14,-
Plab,male,10-14,-
Pioneer - Total,male,10-14,-
Benoi Sector,male,10-14,-
Gul Basin,male,10-14,-
Gul Circle,male,10-14,-
Joo Koon,male,10-14,-
Pioneer Sector,male,10-14,-
Punggol - Total,male,10-14,5900
Coney Island,male,10-14,-
Matilda,male,10-14,1600
Northshore,male,10-14,10
Punggol Canal,male,10-14,-
Punggol Field,male,10-14,2040
Punggol Town Centre,male,10-14,570
Waterway East,male,10-14,1670
Queenstown - Total,male,10-14,2140
Commonwealth,male,10-14,140
Dover,male,10-14,340
Ghim Moh,male,10-14,270
Holland Drive,male,10-14,180
Kent Ridge,male,10-14,-
Margaret Drive,male,10-14,420
Mei Chin,male,10-14,360
National University Of S'pore,male,10-14,-
One North,male,10-14,20
Pasir Panjang 1,male,10-14,120
Pasir Panjang 2,male,10-14,60
Port,male,10-14,-
Queensway,male,10-14,10
Singapore Polytechnic,male,10-14,-
Tanglin Halt,male,10-14,220
River Valley - Total,male,10-14,240
Institution Hill,male,10-14,90
Leonie Hill,male,10-14,70
One Tree Hill,male,10-14,50
Oxley,male,10-14,30
Paterson,male,10-14,10
Rochor - Total,male,10-14,230
Bencoolen,male,10-14,20
Farrer Park,male,10-14,70
Kampong Glam,male,10-14,-
Little India,male,10-14,60
Mackenzie,male,10-14,-
Mount Emily,male,10-14,30
Rochor Canal,male,10-14,-
Selegie,male,10-14,-
Sungei Road,male,10-14,30
Victoria,male,10-14,20
Seletar - Total,male,10-14,10
Pulau Punggol Barat,male,10-14,-
Pulau Punggol Timor,male,10-14,-
Seletar,male,10-14,10
Seletar Aerospace Park,male,10-14,-
Sembawang - Total,male,10-14,3250
Admiralty,male,10-14,490
Sembawang Central,male,10-14,1040
Sembawang East,male,10-14,400
Sembawang North,male,10-14,910
Sembawang Springs,male,10-14,340
Sembawang Straits,male,10-14,70
Senoko North,male,10-14,-
Senoko South,male,10-14,-
The Wharves,male,10-14,-
Sengkang - Total,male,10-14,8080
Anchorvale,male,10-14,1680
Compassvale,male,10-14,740
Fernvale,male,10-14,2010
Lorong Halus North,male,10-14,-
Rivervale,male,10-14,1850
Sengkang Town Centre,male,10-14,1800
Sengkang West,male,10-14,-
Serangoon - Total,male,10-14,2660
Lorong Chuan,male,10-14,240
Seletar Hills,male,10-14,390
Serangoon Central,male,10-14,450
Serangoon Garden,male,10-14,770
Serangoon North,male,10-14,400
Serangoon North Ind Estate,male,10-14,-
Upper Paya Lebar,male,10-14,410
Simpang - Total,male,10-14,-
Pulau Seletar,male,10-14,-
Simpang North,male,10-14,-
Simpang South,male,10-14,-
Tanjong Irau,male,10-14,-
Singapore River - Total,male,10-14,90
Boat Quay,male,10-14,-
Clarke Quay,male,10-14,-
Robertson Quay,male,10-14,90
Southern Islands - Total,male,10-14,40
Sentosa,male,10-14,40
Southern Group,male,10-14,-
Straits View - Total,male,10-14,-
Straits View,male,10-14,-
Sungei Kadut - Total,male,10-14,20
Gali Batu,male,10-14,-
Kranji,male,10-14,-
Pang Sua,male,10-14,-
Reservoir View,male,10-14,-
Turf Club,male,10-14,10
Tampines - Total,male,10-14,6220
Simei,male,10-14,1010
Tampines East,male,10-14,3030
Tampines North,male,10-14,140
Tampines West,male,10-14,2000
Xilin,male,10-14,40
Tanglin - Total,male,10-14,640
Chatsworth,male,10-14,200
Nassim,male,10-14,290
Ridout,male,10-14,40
Tyersall,male,10-14,110
Tengah - Total,male,10-14,-
Brickland,male,10-14,-
Forest Hill,male,10-14,-
Garden,male,10-14,-
Park,male,10-14,-
Plantation,male,10-14,-
Tengah Industrial Estate,male,10-14,-
Toa Payoh - Total,male,10-14,2750
Bidadari,male,10-14,-
Boon Teck,male,10-14,290
Braddell,male,10-14,240
Joo Seng,male,10-14,230
Kim Keat,male,10-14,160
Lorong 8 Toa Payoh,male,10-14,130
Pei Chun,male,10-14,220
Potong Pasir,male,10-14,270
Sennett,male,10-14,170
Toa Payoh Central,male,10-14,700
Toa Payoh West,male,10-14,260
Woodleigh,male,10-14,90
Tuas - Total,male,10-14,-
Tengeh,male,10-14,-
Tuas Bay,male,10-14,-
Tuas North,male,10-14,-
Tuas Promenade,male,10-14,-
Tuas View,male,10-14,-
Tuas View Extension,male,10-14,-
Western Islands - Total,male,10-14,-
Jurong Island And Bukom,male,10-14,-
Semakau,male,10-14,-
Sudong,male,10-14,-
Western Water Catchment - Total,male,10-14,10
Bahar,male,10-14,-
Cleantech,male,10-14,-
Murai,male,10-14,10
Woodlands - Total,male,10-14,7420
Greenwood Park,male,10-14,-
Midview,male,10-14,930
North Coast,male,10-14,250
Senoko West,male,10-14,-
Woodgrove,male,10-14,880
Woodlands East,male,10-14,3100
Woodlands Regional Centre,male,10-14,-
Woodlands South,male,10-14,1460
Woodlands West,male,10-14,790
Yishun - Total,male,10-14,5640
Khatib,male,10-14,200
Lower Seletar,male,10-14,590
Nee Soon,male,10-14,30
Northland,male,10-14,690
Springleaf,male,10-14,120
Yishun Central,male,10-14,70
Yishun East,male,10-14,1650
Yishun South,male,10-14,1000
Yishun West,male,10-14,1280
Total,male,15-19,109870
Ang Mo Kio - Total,male,15-19,3870
Ang Mo Kio Town Centre,male,15-19,160
Cheng San,male,15-19,600
Chong Boon,male,15-19,590
Kebun Bahru,male,15-19,480
Sembawang Hills,male,15-19,220
Shangri-La,male,15-19,390
Tagore,male,15-19,210
Townsville,male,15-19,430
Yio Chu Kang,male,15-19,-
Yio Chu Kang East,male,15-19,130
Yio Chu Kang North,male,15-19,-
Yio Chu Kang West,male,15-19,670
Bedok - Total,male,15-19,7160
Bayshore,male,15-19,210
Bedok North,male,15-19,2050
Bedok Reservoir,male,15-19,740
Bedok South,male,15-19,1240
Frankel,male,15-19,880
Kaki Bukit,male,15-19,1010
Kembangan,male,15-19,910
Siglap,male,15-19,130
Bishan - Total,male,15-19,2430
Bishan East,male,15-19,730
Marymount,male,15-19,930
Upper Thomson,male,15-19,780
Boon Lay - Total,male,15-19,-
Liu Fang,male,15-19,-
Samulun,male,15-19,-
Shipyard,male,15-19,-
Tukang,male,15-19,-
Bukit Batok - Total,male,15-19,4350
Brickworks,male,15-19,390
Bukit Batok Central,male,15-19,750
Bukit Batok East,male,15-19,330
Bukit Batok South,male,15-19,420
Bukit Batok West,male,15-19,400
Gombak,male,15-19,310
Guilin,male,15-19,360
Hillview,male,15-19,660
Hong Kah North,male,15-19,740
Bukit Merah - Total,male,15-19,3150
Alexandra Hill,male,15-19,350
Alexandra North,male,15-19,50
Bukit Ho Swee,male,15-19,260
Bukit Merah,male,15-19,40
City Terminals,male,15-19,-
Depot Road,male,15-19,140
Everton Park,male,15-19,160
Henderson Hill,male,15-19,270
Kampong Tiong Bahru,male,15-19,190
Maritime Square,male,15-19,70
Redhill,male,15-19,240
Singapore General Hospital,male,15-19,-
Telok Blangah Drive,male,15-19,340
Telok Blangah Rise,male,15-19,260
Telok Blangah Way,male,15-19,190
Tiong Bahru,male,15-19,230
Tiong Bahru Station,male,15-19,360
Bukit Panjang - Total,male,15-19,4160
Bangkit,male,15-19,590
Dairy Farm,male,15-19,250
Fajar,male,15-19,840
Jelebu,male,15-19,940
Nature Reserve,male,15-19,130
Saujana,male,15-19,780
Senja,male,15-19,640
Bukit Timah - Total,male,15-19,2260
Anak Bukit,male,15-19,660
Coronation Road,male,15-19,180
Farrer Court,male,15-19,190
Hillcrest,male,15-19,230
Holland Road,male,15-19,330
Leedon Park,male,15-19,170
Swiss Club,male,15-19,170
Ulu Pandan,male,15-19,330
Central Water Catchment - Total,male,15-19,-
Central Water Catchment,male,15-19,-
Changi- Total,male,15-19,60
Changi Airport,male,15-19,-
Changi Point,male,15-19,10
Changi West,male,15-19,50
Changi Bay - Total,male,15-19,-
Changi Bay,male,15-19,-
Choa Chu Kang - Total,male,15-19,6110
Choa Chu Kang Central,male,15-19,750
Choa Chu Kang North,male,15-19,1200
Keat Hong,male,15-19,1040
Peng Siang,male,15-19,1020
Teck Whye,male,15-19,690
Yew Tee,male,15-19,1410
Clementi - Total,male,15-19,2240
Clementi Central,male,15-19,350
Clementi North,male,15-19,580
Clementi West,male,15-19,370
Clementi Woods,male,15-19,410
Faber,male,15-19,160
Pandan,male,15-19,-
Sunset Way,male,15-19,160
Toh Tuck,male,15-19,-
West Coast,male,15-19,220
Downtown Core - Total,male,15-19,40
Anson,male,15-19,-
Bayfront Subzone,male,15-19,-
Bugis,male,15-19,10
Cecil,male,15-19,-
Central Subzone,male,15-19,10
City Hall,male,15-19,-
Clifford Pier,male,15-19,-
Marina Centre,male,15-19,-
Maxwell,male,15-19,-
Nicoll,male,15-19,10
Phillip,male,15-19,-
Raffles Place,male,15-19,-
Tanjong Pagar,male,15-19,-
Geylang - Total,male,15-19,2450
Aljunied,male,15-19,860
Geylang East,male,15-19,690
Kallang Way,male,15-19,-
Kampong Ubi,male,15-19,290
Macpherson,male,15-19,610
Hougang - Total,male,15-19,5860
Defu Industrial Park,male,15-19,-
Hougang Central,male,15-19,130
Hougang East,male,15-19,570
Hougang West,male,15-19,1060
Kangkar,male,15-19,800
Kovan,male,15-19,740
Lorong Ah Soo,male,15-19,800
Lorong Halus,male,15-19,-
Tai Seng,male,15-19,370
Trafalgar,male,15-19,1390
Jurong East - Total,male,15-19,2180
International Business Park,male,15-19,-
Jurong Gateway,male,15-19,10
Jurong Port,male,15-19,-
Jurong River,male,15-19,-
Lakeside (Business),male,15-19,-
Lakeside (Leisure),male,15-19,20
Penjuru Crescent,male,15-19,-
Teban Gardens,male,15-19,500
Toh Guan,male,15-19,450
Yuhua East,male,15-19,650
Yuhua West,male,15-19,550
Jurong West - Total,male,15-19,8310
Boon Lay Place,male,15-19,860
Chin Bee,male,15-19,-
Hong Kah,male,15-19,1560
Jurong West Central,male,15-19,2070
Kian Teck,male,15-19,-
Safti,male,15-19,-
Taman Jurong,male,15-19,1250
Wenya,male,15-19,280
Yunnan,male,15-19,2290
Kallang - Total,male,15-19,2180
Bendemeer,male,15-19,700
Boon Keng,male,15-19,230
Crawford,male,15-19,140
Geylang Bahru,male,15-19,280
Kallang Bahru,male,15-19,-
Kampong Bugis,male,15-19,20
Kampong Java,male,15-19,260
Lavender,male,15-19,230
Tanjong Rhu,male,15-19,320
Lim Chu Kang - Total,male,15-19,-
Lim Chu Kang,male,15-19,-
Mandai - Total,male,15-19,70
Mandai East,male,15-19,-
Mandai Estate,male,15-19,70
Mandai West,male,15-19,-
Marina East - Total,male,15-19,-
Marina East,male,15-19,-
Marina South - Total,male,15-19,-
Marina South,male,15-19,-
Marine Parade - Total,male,15-19,1190
East Coast,male,15-19,-
Katong,male,15-19,240
Marina East (Mp),male,15-19,-
Marine Parade,male,15-19,670
Mountbatten,male,15-19,280
Museum - Total,male,15-19,10
Bras Basah,male,15-19,-
Dhoby Ghaut,male,15-19,-
Fort Canning,male,15-19,-
Newton - Total,male,15-19,180
Cairnhill,male,15-19,80
Goodwood Park,male,15-19,30
Istana Negara,male,15-19,-
Monk's Hill,male,15-19,30
Newton Circus,male,15-19,10
Orange Grove,male,15-19,40
North-Eastern Islands - Total,male,15-19,-
North-Eastern Islands,male,15-19,-
Novena - Total,male,15-19,1200
Balestier,male,15-19,760
Dunearn,male,15-19,120
Malcolm,male,15-19,90
Moulmein,male,15-19,220
Mount Pleasant,male,15-19,20
Orchard - Total,male,15-19,20
Boulevard,male,15-19,-
Somerset,male,15-19,-
Tanglin,male,15-19,10
Outram - Total,male,15-19,270
China Square,male,15-19,20
Chinatown,male,15-19,150
Pearl's Hill,male,15-19,90
People's Park,male,15-19,-
Pasir Ris - Total,male,15-19,4820
Flora Drive,male,15-19,480
Loyang East,male,15-19,70
Loyang West,male,15-19,-
Pasir Ris Central,male,15-19,990
Pasir Ris Drive,male,15-19,1760
Pasir Ris Park,male,15-19,250
Pasir Ris Wafer Fab Park,male,15-19,-
Pasir Ris West,male,15-19,1280
Paya Lebar - Total,male,15-19,-
Airport Road,male,15-19,-
Paya Lebar East,male,15-19,-
Paya Lebar North,male,15-19,-
Paya Lebar West,male,15-19,-
Plab,male,15-19,-
Pioneer - Total,male,15-19,-
Benoi Sector,male,15-19,-
Gul Basin,male,15-19,-
Gul Circle,male,15-19,-
Joo Koon,male,15-19,-
Pioneer Sector,male,15-19,-
Punggol - Total,male,15-19,4380
Coney Island,male,15-19,-
Matilda,male,15-19,1130
Northshore,male,15-19,10
Punggol Canal,male,15-19,-
Punggol Field,male,15-19,1710
Punggol Town Centre,male,15-19,410
Waterway East,male,15-19,1130
Queenstown - Total,male,15-19,2080
Commonwealth,male,15-19,140
Dover,male,15-19,310
Ghim Moh,male,15-19,250
Holland Drive,male,15-19,250
Kent Ridge,male,15-19,-
Margaret Drive,male,15-19,300
Mei Chin,male,15-19,400
National University Of S'pore,male,15-19,-
One North,male,15-19,10
Pasir Panjang 1,male,15-19,130
Pasir Panjang 2,male,15-19,80
Port,male,15-19,-
Queensway,male,15-19,10
Singapore Polytechnic,male,15-19,-
Tanglin Halt,male,15-19,210
River Valley - Total,male,15-19,210
Institution Hill,male,15-19,70
Leonie Hill,male,15-19,70
One Tree Hill,male,15-19,40
Oxley,male,15-19,30
Paterson,male,15-19,10
Rochor - Total,male,15-19,240
Bencoolen,male,15-19,10
Farrer Park,male,15-19,70
Kampong Glam,male,15-19,-
Little India,male,15-19,70
Mackenzie,male,15-19,-
Mount Emily,male,15-19,30
Rochor Canal,male,15-19,-
Selegie,male,15-19,-
Sungei Road,male,15-19,40
Victoria,male,15-19,20
Seletar - Total,male,15-19,10
Pulau Punggol Barat,male,15-19,-
Pulau Punggol Timor,male,15-19,-
Seletar,male,15-19,10
Seletar Aerospace Park,male,15-19,-
Sembawang - Total,male,15-19,3270
Admiralty,male,15-19,450
Sembawang Central,male,15-19,1120
Sembawang East,male,15-19,390
Sembawang North,male,15-19,970
Sembawang Springs,male,15-19,290
Sembawang Straits,male,15-19,70
Senoko North,male,15-19,-
Senoko South,male,15-19,-
The Wharves,male,15-19,-
Sengkang - Total,male,15-19,7010
Anchorvale,male,15-19,1340
Compassvale,male,15-19,460
Fernvale,male,15-19,1410
Lorong Halus North,male,15-19,-
Rivervale,male,15-19,1990
Sengkang Town Centre,male,15-19,1820
Sengkang West,male,15-19,-
Serangoon - Total,male,15-19,3190
Lorong Chuan,male,15-19,300
Seletar Hills,male,15-19,430
Serangoon Central,male,15-19,650
Serangoon Garden,male,15-19,940
Serangoon North,male,15-19,460
Serangoon North Ind Estate,male,15-19,-
Upper Paya Lebar,male,15-19,410
Simpang - Total,male,15-19,-
Pulau Seletar,male,15-19,-
Simpang North,male,15-19,-
Simpang South,male,15-19,-
Tanjong Irau,male,15-19,-
Singapore River - Total,male,15-19,50
Boat Quay,male,15-19,-
Clarke Quay,male,15-19,-
Robertson Quay,male,15-19,50
Southern Islands - Total,male,15-19,30
Sentosa,male,15-19,30
Southern Group,male,15-19,-
Straits View - Total,male,15-19,-
Straits View,male,15-19,-
Sungei Kadut - Total,male,15-19,10
Gali Batu,male,15-19,-
Kranji,male,15-19,-
Pang Sua,male,15-19,-
Reservoir View,male,15-19,-
Turf Club,male,15-19,10
Tampines - Total,male,15-19,6760
Simei,male,15-19,1050
Tampines East,male,15-19,3380
Tampines North,male,15-19,110
Tampines West,male,15-19,2170
Xilin,male,15-19,50
Tanglin - Total,male,15-19,510
Chatsworth,male,15-19,140
Nassim,male,15-19,240
Ridout,male,15-19,30
Tyersall,male,15-19,90
Tengah - Total,male,15-19,-
Brickland,male,15-19,-
Forest Hill,male,15-19,-
Garden,male,15-19,-
Park,male,15-19,-
Plantation,male,15-19,-
Tengah Industrial Estate,male,15-19,-
Toa Payoh - Total,male,15-19,2790
Bidadari,male,15-19,-
Boon Teck,male,15-19,340
Braddell,male,15-19,230
Joo Seng,male,15-19,190
Kim Keat,male,15-19,160
Lorong 8 Toa Payoh,male,15-19,150
Pei Chun,male,15-19,270
Potong Pasir,male,15-19,280
Sennett,male,15-19,170
Toa Payoh Central,male,15-19,640
Toa Payoh West,male,15-19,290
Woodleigh,male,15-19,70
Tuas - Total,male,15-19,-
Tengeh,male,15-19,-
Tuas Bay,male,15-19,-
Tuas North,male,15-19,-
Tuas Promenade,male,15-19,-
Tuas View,male,15-19,-
Tuas View Extension,male,15-19,-
Western Islands - Total,male,15-19,-
Jurong Island And Bukom,male,15-19,-
Semakau,male,15-19,-
Sudong,male,15-19,-
Western Water Catchment - Total,male,15-19,10
Bahar,male,15-19,-
Cleantech,male,15-19,-
Murai,male,15-19,10
Woodlands - Total,male,15-19,8900
Greenwood Park,male,15-19,-
Midview,male,15-19,1270
North Coast,male,15-19,350
Senoko West,male,15-19,-
Woodgrove,male,15-19,1190
Woodlands East,male,15-19,3560
Woodlands Regional Centre,male,15-19,-
Woodlands South,male,15-19,1590
Woodlands West,male,15-19,940
Yishun - Total,male,15-19,5880
Khatib,male,15-19,240
Lower Seletar,male,15-19,490
Nee Soon,male,15-19,30
Northland,male,15-19,840
Springleaf,male,15-19,170
Yishun Central,male,15-19,70
Yishun East,male,15-19,1520
Yishun South,male,15-19,1080
Yishun West,male,15-19,1450
Total,male,20-24,124620
Ang Mo Kio - Total,male,20-24,4410
Ang Mo Kio Town Centre,male,20-24,130
Cheng San,male,20-24,710
Chong Boon,male,20-24,700
Kebun Bahru,male,20-24,600
Sembawang Hills,male,20-24,240
Shangri-La,male,20-24,430
Tagore,male,20-24,270
Townsville,male,20-24,440
Yio Chu Kang,male,20-24,-
Yio Chu Kang East,male,20-24,150
Yio Chu Kang North,male,20-24,-
Yio Chu Kang West,male,20-24,730
Bedok - Total,male,20-24,8310
Bayshore,male,20-24,170
Bedok North,male,20-24,2470
Bedok Reservoir,male,20-24,780
Bedok South,male,20-24,1410
Frankel,male,20-24,950
Kaki Bukit,male,20-24,1330
Kembangan,male,20-24,1050
Siglap,male,20-24,160
Bishan - Total,male,20-24,2740
Bishan East,male,20-24,740
Marymount,male,20-24,1080
Upper Thomson,male,20-24,920
Boon Lay - Total,male,20-24,-
Liu Fang,male,20-24,-
Samulun,male,20-24,-
Shipyard,male,20-24,-
Tukang,male,20-24,-
Bukit Batok - Total,male,20-24,4920
Brickworks,male,20-24,280
Bukit Batok Central,male,20-24,780
Bukit Batok East,male,20-24,450
Bukit Batok South,male,20-24,560
Bukit Batok West,male,20-24,470
Gombak,male,20-24,310
Guilin,male,20-24,420
Hillview,male,20-24,770
Hong Kah North,male,20-24,880
Bukit Merah - Total,male,20-24,3280
Alexandra Hill,male,20-24,410
Alexandra North,male,20-24,40
Bukit Ho Swee,male,20-24,300
Bukit Merah,male,20-24,40
City Terminals,male,20-24,-
Depot Road,male,20-24,140
Everton Park,male,20-24,160
Henderson Hill,male,20-24,340
Kampong Tiong Bahru,male,20-24,210
Maritime Square,male,20-24,50
Redhill,male,20-24,210
Singapore General Hospital,male,20-24,-
Telok Blangah Drive,male,20-24,370
Telok Blangah Rise,male,20-24,280
Telok Blangah Way,male,20-24,200
Tiong Bahru,male,20-24,220
Tiong Bahru Station,male,20-24,300
Bukit Panjang - Total,male,20-24,4700
Bangkit,male,20-24,760
Dairy Farm,male,20-24,220
Fajar,male,20-24,930
Jelebu,male,20-24,1210
Nature Reserve,male,20-24,140
Saujana,male,20-24,870
Senja,male,20-24,580
Bukit Timah - Total,male,20-24,2190
Anak Bukit,male,20-24,700
Coronation Road,male,20-24,170
Farrer Court,male,20-24,110
Hillcrest,male,20-24,260
Holland Road,male,20-24,300
Leedon Park,male,20-24,160
Swiss Club,male,20-24,150
Ulu Pandan,male,20-24,330
Central Water Catchment - Total,male,20-24,-
Central Water Catchment,male,20-24,-
Changi- Total,male,20-24,50
Changi Airport,male,20-24,-
Changi Point,male,20-24,20
Changi West,male,20-24,30
Changi Bay - Total,male,20-24,-
Changi Bay,male,20-24,-
Choa Chu Kang - Total,male,20-24,8010
Choa Chu Kang Central,male,20-24,890
Choa Chu Kang North,male,20-24,1810
Keat Hong,male,20-24,1170
Peng Siang,male,20-24,1330
Teck Whye,male,20-24,1020
Yew Tee,male,20-24,1780
Clementi - Total,male,20-24,2310
Clementi Central,male,20-24,360
Clementi North,male,20-24,620
Clementi West,male,20-24,400
Clementi Woods,male,20-24,420
Faber,male,20-24,140
Pandan,male,20-24,-
Sunset Way,male,20-24,160
Toh Tuck,male,20-24,-
West Coast,male,20-24,200
Downtown Core - Total,male,20-24,50
Anson,male,20-24,-
Bayfront Subzone,male,20-24,-
Bugis,male,20-24,20
Cecil,male,20-24,-
Central Subzone,male,20-24,10
City Hall,male,20-24,-
Clifford Pier,male,20-24,-
Marina Centre,male,20-24,-
Maxwell,male,20-24,-
Nicoll,male,20-24,10
Phillip,male,20-24,-
Raffles Place,male,20-24,-
Tanjong Pagar,male,20-24,10
Geylang - Total,male,20-24,2930
Aljunied,male,20-24,970
Geylang East,male,20-24,780
Kallang Way,male,20-24,-
Kampong Ubi,male,20-24,400
Macpherson,male,20-24,790
Hougang - Total,male,20-24,7300
Defu Industrial Park,male,20-24,-
Hougang Central,male,20-24,190
Hougang East,male,20-24,750
Hougang West,male,20-24,1510
Kangkar,male,20-24,890
Kovan,male,20-24,840
Lorong Ah Soo,male,20-24,930
Lorong Halus,male,20-24,-
Tai Seng,male,20-24,510
Trafalgar,male,20-24,1700
Jurong East - Total,male,20-24,2460
International Business Park,male,20-24,-
Jurong Gateway,male,20-24,10
Jurong Port,male,20-24,-
Jurong River,male,20-24,-
Lakeside (Business),male,20-24,-
Lakeside (Leisure),male,20-24,10
Penjuru Crescent,male,20-24,-
Teban Gardens,male,20-24,550
Toh Guan,male,20-24,520
Yuhua East,male,20-24,720
Yuhua West,male,20-24,650
Jurong West - Total,male,20-24,8840
Boon Lay Place,male,20-24,960
Chin Bee,male,20-24,-
Hong Kah,male,20-24,1680
Jurong West Central,male,20-24,1870
Kian Teck,male,20-24,-
Safti,male,20-24,-
Taman Jurong,male,20-24,1330
Wenya,male,20-24,210
Yunnan,male,20-24,2790
Kallang - Total,male,20-24,2290
Bendemeer,male,20-24,740
Boon Keng,male,20-24,280
Crawford,male,20-24,160
Geylang Bahru,male,20-24,330
Kallang Bahru,male,20-24,-
Kampong Bugis,male,20-24,30
Kampong Java,male,20-24,260
Lavender,male,20-24,230
Tanjong Rhu,male,20-24,260
Lim Chu Kang - Total,male,20-24,-
Lim Chu Kang,male,20-24,-
Mandai - Total,male,20-24,80
Mandai East,male,20-24,-
Mandai Estate,male,20-24,80
Mandai West,male,20-24,-
Marina East - Total,male,20-24,-
Marina East,male,20-24,-
Marina South - Total,male,20-24,-
Marina South,male,20-24,-
Marine Parade - Total,male,20-24,1180
East Coast,male,20-24,-
Katong,male,20-24,260
Marina East (Mp),male,20-24,-
Marine Parade,male,20-24,650
Mountbatten,male,20-24,270
Museum - Total,male,20-24,10
Bras Basah,male,20-24,-
Dhoby Ghaut,male,20-24,10
Fort Canning,male,20-24,-
Newton - Total,male,20-24,170
Cairnhill,male,20-24,90
Goodwood Park,male,20-24,20
Istana Negara,male,20-24,-
Monk's Hill,male,20-24,20
Newton Circus,male,20-24,10
Orange Grove,male,20-24,30
North-Eastern Islands - Total,male,20-24,-
North-Eastern Islands,male,20-24,-
Novena - Total,male,20-24,1220
Balestier,male,20-24,820
Dunearn,male,20-24,120
Malcolm,male,20-24,80
Moulmein,male,20-24,190
Mount Pleasant,male,20-24,30
Orchard - Total,male,20-24,10
Boulevard,male,20-24,-
Somerset,male,20-24,-
Tanglin,male,20-24,-
Outram - Total,male,20-24,340
China Square,male,20-24,30
Chinatown,male,20-24,180
Pearl's Hill,male,20-24,130
People's Park,male,20-24,-
Pasir Ris - Total,male,20-24,6420
Flora Drive,male,20-24,480
Loyang East,male,20-24,70
Loyang West,male,20-24,-
Pasir Ris Central,male,20-24,1280
Pasir Ris Drive,male,20-24,2550
Pasir Ris Park,male,20-24,250
Pasir Ris Wafer Fab Park,male,20-24,-
Pasir Ris West,male,20-24,1790
Paya Lebar - Total,male,20-24,-
Airport Road,male,20-24,-
Paya Lebar East,male,20-24,-
Paya Lebar North,male,20-24,-
Paya Lebar West,male,20-24,-
Plab,male,20-24,-
Pioneer - Total,male,20-24,-
Benoi Sector,male,20-24,-
Gul Basin,male,20-24,-
Gul Circle,male,20-24,-
Joo Koon,male,20-24,-
Pioneer Sector,male,20-24,-
Punggol - Total,male,20-24,3520
Coney Island,male,20-24,-
Matilda,male,20-24,940
Northshore,male,20-24,20
Punggol Canal,male,20-24,-
Punggol Field,male,20-24,1370
Punggol Town Centre,male,20-24,330
Waterway East,male,20-24,880
Queenstown - Total,male,20-24,2210
Commonwealth,male,20-24,140
Dover,male,20-24,310
Ghim Moh,male,20-24,300
Holland Drive,male,20-24,250
Kent Ridge,male,20-24,-
Margaret Drive,male,20-24,300
Mei Chin,male,20-24,470
National University Of S'pore,male,20-24,10
One North,male,20-24,10
Pasir Panjang 1,male,20-24,130
Pasir Panjang 2,male,20-24,90
Port,male,20-24,-
Queensway,male,20-24,10
Singapore Polytechnic,male,20-24,-
Tanglin Halt,male,20-24,200
River Valley - Total,male,20-24,180
Institution Hill,male,20-24,50
Leonie Hill,male,20-24,50
One Tree Hill,male,20-24,50
Oxley,male,20-24,20
Paterson,male,20-24,-
Rochor - Total,male,20-24,310
Bencoolen,male,20-24,20
Farrer Park,male,20-24,50
Kampong Glam,male,20-24,-
Little India,male,20-24,110
Mackenzie,male,20-24,-
Mount Emily,male,20-24,20
Rochor Canal,male,20-24,-
Selegie,male,20-24,10
Sungei Road,male,20-24,60
Victoria,male,20-24,40
Seletar - Total,male,20-24,20
Pulau Punggol Barat,male,20-24,-
Pulau Punggol Timor,male,20-24,-
Seletar,male,20-24,20
Seletar Aerospace Park,male,20-24,-
Sembawang - Total,male,20-24,3060
Admiralty,male,20-24,420
Sembawang Central,male,20-24,1140
Sembawang East,male,20-24,370
Sembawang North,male,20-24,810
Sembawang Springs,male,20-24,230
Sembawang Straits,male,20-24,90
Senoko North,male,20-24,-
Senoko South,male,20-24,-
The Wharves,male,20-24,-
Sengkang - Total,male,20-24,6750
Anchorvale,male,20-24,1020
Compassvale,male,20-24,310
Fernvale,male,20-24,1240
Lorong Halus North,male,20-24,-
Rivervale,male,20-24,2120
Sengkang Town Centre,male,20-24,2060
Sengkang West,male,20-24,-
Serangoon - Total,male,20-24,3940
Lorong Chuan,male,20-24,300
Seletar Hills,male,20-24,580
Serangoon Central,male,20-24,740
Serangoon Garden,male,20-24,1160
Serangoon North,male,20-24,690
Serangoon North Ind Estate,male,20-24,-
Upper Paya Lebar,male,20-24,470
Simpang - Total,male,20-24,-
Pulau Seletar,male,20-24,-
Simpang North,male,20-24,-
Simpang South,male,20-24,-
Tanjong Irau,male,20-24,-
Singapore River - Total,male,20-24,50
Boat Quay,male,20-24,-
Clarke Quay,male,20-24,-
Robertson Quay,male,20-24,40
Southern Islands - Total,male,20-24,30
Sentosa,male,20-24,30
Southern Group,male,20-24,-
Straits View - Total,male,20-24,-
Straits View,male,20-24,-
Sungei Kadut - Total,male,20-24,20
Gali Batu,male,20-24,-
Kranji,male,20-24,-
Pang Sua,male,20-24,-
Reservoir View,male,20-24,-
Turf Club,male,20-24,20
Tampines - Total,male,20-24,9030
Simei,male,20-24,1370
Tampines East,male,20-24,4740
Tampines North,male,20-24,90
Tampines West,male,20-24,2750
Xilin,male,20-24,80
Tanglin - Total,male,20-24,440
Chatsworth,male,20-24,120
Nassim,male,20-24,190
Ridout,male,20-24,30
Tyersall,male,20-24,100
Tengah - Total,male,20-24,-
Brickland,male,20-24,-
Forest Hill,male,20-24,-
Garden,male,20-24,-
Park,male,20-24,-
Plantation,male,20-24,-
Tengah Industrial Estate,male,20-24,-
Toa Payoh - Total,male,20-24,3080
Bidadari,male,20-24,-
Boon Teck,male,20-24,400
Braddell,male,20-24,260
Joo Seng,male,20-24,210
Kim Keat,male,20-24,210
Lorong 8 Toa Payoh,male,20-24,200
Pei Chun,male,20-24,300
Potong Pasir,male,20-24,260
Sennett,male,20-24,160
Toa Payoh Central,male,20-24,710
Toa Payoh West,male,20-24,300
Woodleigh,male,20-24,70
Tuas - Total,male,20-24,-
Tengeh,male,20-24,-
Tuas Bay,male,20-24,-
Tuas North,male,20-24,-
Tuas Promenade,male,20-24,-
Tuas View,male,20-24,-
Tuas View Extension,male,20-24,-
Western Islands - Total,male,20-24,-
Jurong Island And Bukom,male,20-24,-
Semakau,male,20-24,-
Sudong,male,20-24,-
Western Water Catchment - Total,male,20-24,20
Bahar,male,20-24,-
Cleantech,male,20-24,-
Murai,male,20-24,20
Woodlands - Total,male,20-24,11110
Greenwood Park,male,20-24,-
Midview,male,20-24,1800
North Coast,male,20-24,500
Senoko West,male,20-24,-
Woodgrove,male,20-24,1700
Woodlands East,male,20-24,4170
Woodlands Regional Centre,male,20-24,-
Woodlands South,male,20-24,1600
Woodlands West,male,20-24,1340
Yishun - Total,male,20-24,6660
Khatib,male,20-24,300
Lower Seletar,male,20-24,400
Nee Soon,male,20-24,30
Northland,male,20-24,990
Springleaf,male,20-24,170
Yishun Central,male,20-24,90
Yishun East,male,20-24,1670
Yishun South,male,20-24,1320
Yishun West,male,20-24,1710
Total,male,25-29,142380
Ang Mo Kio - Total,male,25-29,5100
Ang Mo Kio Town Centre,male,25-29,140
Cheng San,male,25-29,850
Chong Boon,male,25-29,790
Kebun Bahru,male,25-29,670
Sembawang Hills,male,25-29,240
Shangri-La,male,25-29,500
Tagore,male,25-29,350
Townsville,male,25-29,640
Yio Chu Kang,male,25-29,-
Yio Chu Kang East,male,25-29,170
Yio Chu Kang North,male,25-29,-
Yio Chu Kang West,male,25-29,750
Bedok - Total,male,25-29,9460
Bayshore,male,25-29,160
Bedok North,male,25-29,2730
Bedok Reservoir,male,25-29,830
Bedok South,male,25-29,1590
Frankel,male,25-29,1030
Kaki Bukit,male,25-29,1590
Kembangan,male,25-29,1340
Siglap,male,25-29,200
Bishan - Total,male,25-29,3580
Bishan East,male,25-29,1150
Marymount,male,25-29,1410
Upper Thomson,male,25-29,1030
Boon Lay - Total,male,25-29,-
Liu Fang,male,25-29,-
Samulun,male,25-29,-
Shipyard,male,25-29,-
Tukang,male,25-29,-
Bukit Batok - Total,male,25-29,5960
Brickworks,male,25-29,860
Bukit Batok Central,male,25-29,890
Bukit Batok East,male,25-29,500
Bukit Batok South,male,25-29,590
Bukit Batok West,male,25-29,500
Gombak,male,25-29,390
Guilin,male,25-29,440
Hillview,male,25-29,730
Hong Kah North,male,25-29,1060
Bukit Merah - Total,male,25-29,4300
Alexandra Hill,male,25-29,460
Alexandra North,male,25-29,60
Bukit Ho Swee,male,25-29,400
Bukit Merah,male,25-29,30
City Terminals,male,25-29,-
Depot Road,male,25-29,150
Everton Park,male,25-29,230
Henderson Hill,male,25-29,420
Kampong Tiong Bahru,male,25-29,270
Maritime Square,male,25-29,70
Redhill,male,25-29,290
Singapore General Hospital,male,25-29,-
Telok Blangah Drive,male,25-29,510
Telok Blangah Rise,male,25-29,340
Telok Blangah Way,male,25-29,250
Tiong Bahru,male,25-29,320
Tiong Bahru Station,male,25-29,510
Bukit Panjang - Total,male,25-29,5350
Bangkit,male,25-29,980
Dairy Farm,male,25-29,250
Fajar,male,25-29,1060
Jelebu,male,25-29,1440
Nature Reserve,male,25-29,110
Saujana,male,25-29,930
Senja,male,25-29,590
Bukit Timah - Total,male,25-29,2180
Anak Bukit,male,25-29,810
Coronation Road,male,25-29,180
Farrer Court,male,25-29,140
Hillcrest,male,25-29,200
Holland Road,male,25-29,210
Leedon Park,male,25-29,160
Swiss Club,male,25-29,140
Ulu Pandan,male,25-29,340
Central Water Catchment - Total,male,25-29,-
Central Water Catchment,male,25-29,-
Changi- Total,male,25-29,40
Changi Airport,male,25-29,-
Changi Point,male,25-29,20
Changi West,male,25-29,20
Changi Bay - Total,male,25-29,-
Changi Bay,male,25-29,-
Choa Chu Kang - Total,male,25-29,8390
Choa Chu Kang Central,male,25-29,1010
Choa Chu Kang North,male,25-29,1590
Keat Hong,male,25-29,1490
Peng Siang,male,25-29,1520
Teck Whye,male,25-29,1220
Yew Tee,male,25-29,1560
Clementi - Total,male,25-29,2540
Clementi Central,male,25-29,460
Clementi North,male,25-29,750
Clementi West,male,25-29,400
Clementi Woods,male,25-29,410
Faber,male,25-29,150
Pandan,male,25-29,-
Sunset Way,male,25-29,180
Toh Tuck,male,25-29,-
West Coast,male,25-29,200
Downtown Core - Total,male,25-29,90
Anson,male,25-29,-
Bayfront Subzone,male,25-29,-
Bugis,male,25-29,20
Cecil,male,25-29,10
Central Subzone,male,25-29,20
City Hall,male,25-29,-
Clifford Pier,male,25-29,-
Marina Centre,male,25-29,-
Maxwell,male,25-29,-
Nicoll,male,25-29,10
Phillip,male,25-29,-
Raffles Place,male,25-29,-
Tanjong Pagar,male,25-29,20
Geylang - Total,male,25-29,3970
Aljunied,male,25-29,1410
Geylang East,male,25-29,1020
Kallang Way,male,25-29,-
Kampong Ubi,male,25-29,510
Macpherson,male,25-29,1020
Hougang - Total,male,25-29,8860
Defu Industrial Park,male,25-29,-
Hougang Central,male,25-29,250
Hougang East,male,25-29,1080
Hougang West,male,25-29,2080
Kangkar,male,25-29,1010
Kovan,male,25-29,950
Lorong Ah Soo,male,25-29,1100
Lorong Halus,male,25-29,-
Tai Seng,male,25-29,500
Trafalgar,male,25-29,1890
Jurong East - Total,male,25-29,2970
International Business Park,male,25-29,-
Jurong Gateway,male,25-29,30
Jurong Port,male,25-29,-
Jurong River,male,25-29,-
Lakeside (Business),male,25-29,-
Lakeside (Leisure),male,25-29,30
Penjuru Crescent,male,25-29,-
Teban Gardens,male,25-29,610
Toh Guan,male,25-29,650
Yuhua East,male,25-29,930
Yuhua West,male,25-29,730
Jurong West - Total,male,25-29,9860
Boon Lay Place,male,25-29,970
Chin Bee,male,25-29,-
Hong Kah,male,25-29,1880
Jurong West Central,male,25-29,2120
Kian Teck,male,25-29,-
Safti,male,25-29,-
Taman Jurong,male,25-29,1380
Wenya,male,25-29,230
Yunnan,male,25-29,3280
Kallang - Total,male,25-29,2900
Bendemeer,male,25-29,1130
Boon Keng,male,25-29,360
Crawford,male,25-29,220
Geylang Bahru,male,25-29,340
Kallang Bahru,male,25-29,-
Kampong Bugis,male,25-29,50
Kampong Java,male,25-29,310
Lavender,male,25-29,270
Tanjong Rhu,male,25-29,230
Lim Chu Kang - Total,male,25-29,-
Lim Chu Kang,male,25-29,-
Mandai - Total,male,25-29,80
Mandai East,male,25-29,-
Mandai Estate,male,25-29,80
Mandai West,male,25-29,-
Marina East - Total,male,25-29,-
Marina East,male,25-29,-
Marina South - Total,male,25-29,-
Marina South,male,25-29,-
Marine Parade - Total,male,25-29,1210
East Coast,male,25-29,-
Katong,male,25-29,270
Marina East (Mp),male,25-29,-
Marine Parade,male,25-29,650
Mountbatten,male,25-29,290
Museum - Total,male,25-29,10
Bras Basah,male,25-29,-
Dhoby Ghaut,male,25-29,10
Fort Canning,male,25-29,-
Newton - Total,male,25-29,160
Cairnhill,male,25-29,70
Goodwood Park,male,25-29,20
Istana Negara,male,25-29,-
Monk's Hill,male,25-29,30
Newton Circus,male,25-29,-
Orange Grove,male,25-29,40
North-Eastern Islands - Total,male,25-29,-
North-Eastern Islands,male,25-29,-
Novena - Total,male,25-29,1320
Balestier,male,25-29,980
Dunearn,male,25-29,100
Malcolm,male,25-29,70
Moulmein,male,25-29,150
Mount Pleasant,male,25-29,30
Orchard - Total,male,25-29,10
Boulevard,male,25-29,-
Somerset,male,25-29,-
Tanglin,male,25-29,-
Outram - Total,male,25-29,440
China Square,male,25-29,30
Chinatown,male,25-29,260
Pearl's Hill,male,25-29,130
People's Park,male,25-29,10
Pasir Ris - Total,male,25-29,6890
Flora Drive,male,25-29,550
Loyang East,male,25-29,100
Loyang West,male,25-29,-
Pasir Ris Central,male,25-29,1320
Pasir Ris Drive,male,25-29,3040
Pasir Ris Park,male,25-29,180
Pasir Ris Wafer Fab Park,male,25-29,-
Pasir Ris West,male,25-29,1690
Paya Lebar - Total,male,25-29,-
Airport Road,male,25-29,-
Paya Lebar East,male,25-29,-
Paya Lebar North,male,25-29,-
Paya Lebar West,male,25-29,-
Plab,male,25-29,-
Pioneer - Total,male,25-29,-
Benoi Sector,male,25-29,-
Gul Basin,male,25-29,-
Gul Circle,male,25-29,-
Joo Koon,male,25-29,-
Pioneer Sector,male,25-29,-
Punggol - Total,male,25-29,3690
Coney Island,male,25-29,-
Matilda,male,25-29,1130
Northshore,male,25-29,20
Punggol Canal,male,25-29,-
Punggol Field,male,25-29,1210
Punggol Town Centre,male,25-29,380
Waterway East,male,25-29,950
Queenstown - Total,male,25-29,2910
Commonwealth,male,25-29,210
Dover,male,25-29,350
Ghim Moh,male,25-29,350
Holland Drive,male,25-29,410
Kent Ridge,male,25-29,-
Margaret Drive,male,25-29,410
Mei Chin,male,25-29,540
National University Of S'pore,male,25-29,10
One North,male,25-29,10
Pasir Panjang 1,male,25-29,180
Pasir Panjang 2,male,25-29,130
Port,male,25-29,10
Queensway,male,25-29,10
Singapore Polytechnic,male,25-29,-
Tanglin Halt,male,25-29,290
River Valley - Total,male,25-29,220
Institution Hill,male,25-29,60
Leonie Hill,male,25-29,70
One Tree Hill,male,25-29,60
Oxley,male,25-29,40
Paterson,male,25-29,-
Rochor - Total,male,25-29,340
Bencoolen,male,25-29,30
Farrer Park,male,25-29,80
Kampong Glam,male,25-29,-
Little India,male,25-29,100
Mackenzie,male,25-29,-
Mount Emily,male,25-29,30
Rochor Canal,male,25-29,-
Selegie,male,25-29,10
Sungei Road,male,25-29,50
Victoria,male,25-29,50
Seletar - Total,male,25-29,-
Pulau Punggol Barat,male,25-29,-
Pulau Punggol Timor,male,25-29,-
Seletar,male,25-29,-
Seletar Aerospace Park,male,25-29,-
Sembawang - Total,male,25-29,3620
Admiralty,male,25-29,420
Sembawang Central,male,25-29,1230
Sembawang East,male,25-29,860
Sembawang North,male,25-29,790
Sembawang Springs,male,25-29,250
Sembawang Straits,male,25-29,70
Senoko North,male,25-29,-
Senoko South,male,25-29,-
The Wharves,male,25-29,-
Sengkang - Total,male,25-29,6820
Anchorvale,male,25-29,1130
Compassvale,male,25-29,420
Fernvale,male,25-29,1230
Lorong Halus North,male,25-29,-
Rivervale,male,25-29,2070
Sengkang Town Centre,male,25-29,1970
Sengkang West,male,25-29,-
Serangoon - Total,male,25-29,4670
Lorong Chuan,male,25-29,320
Seletar Hills,male,25-29,580
Serangoon Central,male,25-29,980
Serangoon Garden,male,25-29,1320
Serangoon North,male,25-29,760
Serangoon North Ind Estate,male,25-29,-
Upper Paya Lebar,male,25-29,700
Simpang - Total,male,25-29,-
Pulau Seletar,male,25-29,-
Simpang North,male,25-29,-
Simpang South,male,25-29,-
Tanjong Irau,male,25-29,-
Singapore River - Total,male,25-29,50
Boat Quay,male,25-29,-
Clarke Quay,male,25-29,10
Robertson Quay,male,25-29,50
Southern Islands - Total,male,25-29,40
Sentosa,male,25-29,40
Southern Group,male,25-29,-
Straits View - Total,male,25-29,-
Straits View,male,25-29,-
Sungei Kadut - Total,male,25-29,20
Gali Batu,male,25-29,-
Kranji,male,25-29,-
Pang Sua,male,25-29,-
Reservoir View,male,25-29,-
Turf Club,male,25-29,20
Tampines - Total,male,25-29,11080
Simei,male,25-29,1590
Tampines East,male,25-29,5740
Tampines North,male,25-29,380
Tampines West,male,25-29,3270
Xilin,male,25-29,100
Tanglin - Total,male,25-29,440
Chatsworth,male,25-29,130
Nassim,male,25-29,180
Ridout,male,25-29,40
Tyersall,male,25-29,100
Tengah - Total,male,25-29,-
Brickland,male,25-29,-
Forest Hill,male,25-29,-
Garden,male,25-29,-
Park,male,25-29,-
Plantation,male,25-29,-
Tengah Industrial Estate,male,25-29,-
Toa Payoh - Total,male,25-29,3940
Bidadari,male,25-29,-
Boon Teck,male,25-29,500
Braddell,male,25-29,360
Joo Seng,male,25-29,250
Kim Keat,male,25-29,320
Lorong 8 Toa Payoh,male,25-29,240
Pei Chun,male,25-29,300
Potong Pasir,male,25-29,360
Sennett,male,25-29,260
Toa Payoh Central,male,25-29,840
Toa Payoh West,male,25-29,430
Woodleigh,male,25-29,90
Tuas - Total,male,25-29,-
Tengeh,male,25-29,-
Tuas Bay,male,25-29,-
Tuas North,male,25-29,-
Tuas Promenade,male,25-29,-
Tuas View,male,25-29,-
Tuas View Extension,male,25-29,-
Western Islands - Total,male,25-29,-
Jurong Island And Bukom,male,25-29,-
Semakau,male,25-29,-
Sudong,male,25-29,-
Western Water Catchment - Total,male,25-29,20
Bahar,male,25-29,-
Cleantech,male,25-29,-
Murai,male,25-29,20
Woodlands - Total,male,25-29,10630
Greenwood Park,male,25-29,-
Midview,male,25-29,1680
North Coast,male,25-29,530
Senoko West,male,25-29,-
Woodgrove,male,25-29,1730
Woodlands East,male,25-29,3820
Woodlands Regional Centre,male,25-29,-
Woodlands South,male,25-29,1350
Woodlands West,male,25-29,1530
Yishun - Total,male,25-29,8220
Khatib,male,25-29,440
Lower Seletar,male,25-29,450
Nee Soon,male,25-29,20
Northland,male,25-29,1210
Springleaf,male,25-29,200
Yishun Central,male,25-29,100
Yishun East,male,25-29,2080
Yishun South,male,25-29,1720
Yishun West,male,25-29,1980
Total,male,30-34,143020
Ang Mo Kio - Total,male,30-34,5030
Ang Mo Kio Town Centre,male,30-34,130
Cheng San,male,30-34,920
Chong Boon,male,30-34,920
Kebun Bahru,male,30-34,660
Sembawang Hills,male,30-34,170
Shangri-La,male,30-34,500
Tagore,male,30-34,260
Townsville,male,30-34,700
Yio Chu Kang,male,30-34,-
Yio Chu Kang East,male,30-34,120
Yio Chu Kang North,male,30-34,-
Yio Chu Kang West,male,30-34,670
Bedok - Total,male,30-34,9020
Bayshore,male,30-34,150
Bedok North,male,30-34,2650
Bedok Reservoir,male,30-34,860
Bedok South,male,30-34,1480
Frankel,male,30-34,890
Kaki Bukit,male,30-34,1430
Kembangan,male,30-34,1390
Siglap,male,30-34,180
Bishan - Total,male,30-34,2810
Bishan East,male,30-34,1070
Marymount,male,30-34,890
Upper Thomson,male,30-34,850
Boon Lay - Total,male,30-34,-
Liu Fang,male,30-34,-
Samulun,male,30-34,-
Shipyard,male,30-34,-
Tukang,male,30-34,-
Bukit Batok - Total,male,30-34,6750
Brickworks,male,30-34,1850
Bukit Batok Central,male,30-34,1160
Bukit Batok East,male,30-34,460
Bukit Batok South,male,30-34,590
Bukit Batok West,male,30-34,560
Gombak,male,30-34,290
Guilin,male,30-34,430
Hillview,male,30-34,490
Hong Kah North,male,30-34,920
Bukit Merah - Total,male,30-34,4950
Alexandra Hill,male,30-34,430
Alexandra North,male,30-34,90
Bukit Ho Swee,male,30-34,450
Bukit Merah,male,30-34,30
City Terminals,male,30-34,-
Depot Road,male,30-34,200
Everton Park,male,30-34,230
Henderson Hill,male,30-34,440
Kampong Tiong Bahru,male,30-34,250
Maritime Square,male,30-34,80
Redhill,male,30-34,320
Singapore General Hospital,male,30-34,-
Telok Blangah Drive,male,30-34,910
Telok Blangah Rise,male,30-34,330
Telok Blangah Way,male,30-34,240
Tiong Bahru,male,30-34,460
Tiong Bahru Station,male,30-34,490
Bukit Panjang - Total,male,30-34,5010
Bangkit,male,30-34,830
Dairy Farm,male,30-34,200
Fajar,male,30-34,1110
Jelebu,male,30-34,1100
Nature Reserve,male,30-34,90
Saujana,male,30-34,970
Senja,male,30-34,710
Bukit Timah - Total,male,30-34,1820
Anak Bukit,male,30-34,610
Coronation Road,male,30-34,140
Farrer Court,male,30-34,150
Hillcrest,male,30-34,170
Holland Road,male,30-34,200
Leedon Park,male,30-34,150
Swiss Club,male,30-34,130
Ulu Pandan,male,30-34,260
Central Water Catchment - Total,male,30-34,-
Central Water Catchment,male,30-34,-
Changi- Total,male,30-34,70
Changi Airport,male,30-34,-
Changi Point,male,30-34,10
Changi West,male,30-34,60
Changi Bay - Total,male,30-34,-
Changi Bay,male,30-34,-
Choa Chu Kang - Total,male,30-34,7210
Choa Chu Kang Central,male,30-34,670
Choa Chu Kang North,male,30-34,860
Keat Hong,male,30-34,2260
Peng Siang,male,30-34,1330
Teck Whye,male,30-34,860
Yew Tee,male,30-34,1230
Clementi - Total,male,30-34,2760
Clementi Central,male,30-34,390
Clementi North,male,30-34,970
Clementi West,male,30-34,410
Clementi Woods,male,30-34,500
Faber,male,30-34,160
Pandan,male,30-34,-
Sunset Way,male,30-34,170
Toh Tuck,male,30-34,-
West Coast,male,30-34,160
Downtown Core - Total,male,30-34,160
Anson,male,30-34,-
Bayfront Subzone,male,30-34,-
Bugis,male,30-34,30
Cecil,male,30-34,20
Central Subzone,male,30-34,40
City Hall,male,30-34,-
Clifford Pier,male,30-34,-
Marina Centre,male,30-34,-
Maxwell,male,30-34,-
Nicoll,male,30-34,10
Phillip,male,30-34,-
Raffles Place,male,30-34,-
Tanjong Pagar,male,30-34,50
Geylang - Total,male,30-34,4080
Aljunied,male,30-34,1460
Geylang East,male,30-34,1000
Kallang Way,male,30-34,-
Kampong Ubi,male,30-34,530
Macpherson,male,30-34,1100
Hougang - Total,male,30-34,8390
Defu Industrial Park,male,30-34,-
Hougang Central,male,30-34,190
Hougang East,male,30-34,1050
Hougang West,male,30-34,1820
Kangkar,male,30-34,1250
Kovan,male,30-34,790
Lorong Ah Soo,male,30-34,1080
Lorong Halus,male,30-34,-
Tai Seng,male,30-34,390
Trafalgar,male,30-34,1820
Jurong East - Total,male,30-34,2650
International Business Park,male,30-34,-
Jurong Gateway,male,30-34,20
Jurong Port,male,30-34,-
Jurong River,male,30-34,-
Lakeside (Business),male,30-34,-
Lakeside (Leisure),male,30-34,30
Penjuru Crescent,male,30-34,-
Teban Gardens,male,30-34,590
Toh Guan,male,30-34,530
Yuhua East,male,30-34,810
Yuhua West,male,30-34,680
Jurong West - Total,male,30-34,9010
Boon Lay Place,male,30-34,1060
Chin Bee,male,30-34,-
Hong Kah,male,30-34,1880
Jurong West Central,male,30-34,2290
Kian Teck,male,30-34,-
Safti,male,30-34,-
Taman Jurong,male,30-34,1420
Wenya,male,30-34,230
Yunnan,male,30-34,2130
Kallang - Total,male,30-34,3480
Bendemeer,male,30-34,1550
Boon Keng,male,30-34,450
Crawford,male,30-34,210
Geylang Bahru,male,30-34,340
Kallang Bahru,male,30-34,-
Kampong Bugis,male,30-34,40
Kampong Java,male,30-34,310
Lavender,male,30-34,330
Tanjong Rhu,male,30-34,270
Lim Chu Kang - Total,male,30-34,-
Lim Chu Kang,male,30-34,-
Mandai - Total,male,30-34,50
Mandai East,male,30-34,-
Mandai Estate,male,30-34,50
Mandai West,male,30-34,-
Marina East - Total,male,30-34,-
Marina East,male,30-34,-
Marina South - Total,male,30-34,-
Marina South,male,30-34,-
Marine Parade - Total,male,30-34,1080
East Coast,male,30-34,-
Katong,male,30-34,210
Marina East (Mp),male,30-34,-
Marine Parade,male,30-34,610
Mountbatten,male,30-34,270
Museum - Total,male,30-34,30
Bras Basah,male,30-34,-
Dhoby Ghaut,male,30-34,20
Fort Canning,male,30-34,-
Newton - Total,male,30-34,180
Cairnhill,male,30-34,90
Goodwood Park,male,30-34,30
Istana Negara,male,30-34,-
Monk's Hill,male,30-34,20
Newton Circus,male,30-34,10
Orange Grove,male,30-34,30
North-Eastern Islands - Total,male,30-34,-
North-Eastern Islands,male,30-34,-
Novena - Total,male,30-34,1510
Balestier,male,30-34,1150
Dunearn,male,30-34,80
Malcolm,male,30-34,50
Moulmein,male,30-34,220
Mount Pleasant,male,30-34,20
Orchard - Total,male,30-34,30
Boulevard,male,30-34,20
Somerset,male,30-34,-
Tanglin,male,30-34,10
Outram - Total,male,30-34,530
China Square,male,30-34,50
Chinatown,male,30-34,330
Pearl's Hill,male,30-34,130
People's Park,male,30-34,20
Pasir Ris - Total,male,30-34,4430
Flora Drive,male,30-34,430
Loyang East,male,30-34,60
Loyang West,male,30-34,-
Pasir Ris Central,male,30-34,1080
Pasir Ris Drive,male,30-34,1720
Pasir Ris Park,male,30-34,210
Pasir Ris Wafer Fab Park,male,30-34,-
Pasir Ris West,male,30-34,940
Paya Lebar - Total,male,30-34,-
Airport Road,male,30-34,-
Paya Lebar East,male,30-34,-
Paya Lebar North,male,30-34,-
Paya Lebar West,male,30-34,-
Plab,male,30-34,-
Pioneer - Total,male,30-34,-
Benoi Sector,male,30-34,-
Gul Basin,male,30-34,-
Gul Circle,male,30-34,-
Joo Koon,male,30-34,-
Pioneer Sector,male,30-34,-
Punggol - Total,male,30-34,7400
Coney Island,male,30-34,-
Matilda,male,30-34,2320
Northshore,male,30-34,20
Punggol Canal,male,30-34,-
Punggol Field,male,30-34,1300
Punggol Town Centre,male,30-34,1260
Waterway East,male,30-34,2510
Queenstown - Total,male,30-34,3050
Commonwealth,male,30-34,210
Dover,male,30-34,260
Ghim Moh,male,30-34,580
Holland Drive,male,30-34,390
Kent Ridge,male,30-34,-
Margaret Drive,male,30-34,540
Mei Chin,male,30-34,450
National University Of S'pore,male,30-34,10
One North,male,30-34,20
Pasir Panjang 1,male,30-34,160
Pasir Panjang 2,male,30-34,90
Port,male,30-34,-
Queensway,male,30-34,-
Singapore Polytechnic,male,30-34,-
Tanglin Halt,male,30-34,350
River Valley - Total,male,30-34,250
Institution Hill,male,30-34,80
Leonie Hill,male,30-34,90
One Tree Hill,male,30-34,40
Oxley,male,30-34,30
Paterson,male,30-34,10
Rochor - Total,male,30-34,460
Bencoolen,male,30-34,50
Farrer Park,male,30-34,90
Kampong Glam,male,30-34,10
Little India,male,30-34,100
Mackenzie,male,30-34,10
Mount Emily,male,30-34,70
Rochor Canal,male,30-34,-
Selegie,male,30-34,10
Sungei Road,male,30-34,60
Victoria,male,30-34,70
Seletar - Total,male,30-34,10
Pulau Punggol Barat,male,30-34,-
Pulau Punggol Timor,male,30-34,-
Seletar,male,30-34,-
Seletar Aerospace Park,male,30-34,-
Sembawang - Total,male,30-34,4490
Admiralty,male,30-34,450
Sembawang Central,male,30-34,1420
Sembawang East,male,30-34,1360
Sembawang North,male,30-34,740
Sembawang Springs,male,30-34,470
Sembawang Straits,male,30-34,50
Senoko North,male,30-34,-
Senoko South,male,30-34,-
The Wharves,male,30-34,-
Sengkang - Total,male,30-34,9630
Anchorvale,male,30-34,2070
Compassvale,male,30-34,860
Fernvale,male,30-34,2270
Lorong Halus North,male,30-34,-
Rivervale,male,30-34,1940
Sengkang Town Centre,male,30-34,2480
Sengkang West,male,30-34,-
Serangoon - Total,male,30-34,3980
Lorong Chuan,male,30-34,230
Seletar Hills,male,30-34,440
Serangoon Central,male,30-34,970
Serangoon Garden,male,30-34,1150
Serangoon North,male,30-34,500
Serangoon North Ind Estate,male,30-34,-
Upper Paya Lebar,male,30-34,700
Simpang - Total,male,30-34,-
Pulau Seletar,male,30-34,-
Simpang North,male,30-34,-
Simpang South,male,30-34,-
Tanjong Irau,male,30-34,-
Singapore River - Total,male,30-34,70
Boat Quay,male,30-34,-
Clarke Quay,male,30-34,10
Robertson Quay,male,30-34,60
Southern Islands - Total,male,30-34,30
Sentosa,male,30-34,30
Southern Group,male,30-34,-
Straits View - Total,male,30-34,-
Straits View,male,30-34,-
Sungei Kadut - Total,male,30-34,20
Gali Batu,male,30-34,-
Kranji,male,30-34,-
Pang Sua,male,30-34,-
Reservoir View,male,30-34,-
Turf Club,male,30-34,20
Tampines - Total,male,30-34,10000
Simei,male,30-34,1250
Tampines East,male,30-34,4700
Tampines North,male,30-34,860
Tampines West,male,30-34,3120
Xilin,male,30-34,70
Tanglin - Total,male,30-34,470
Chatsworth,male,30-34,160
Nassim,male,30-34,200
Ridout,male,30-34,30
Tyersall,male,30-34,80
Tengah - Total,male,30-34,-
Brickland,male,30-34,-
Forest Hill,male,30-34,-
Garden,male,30-34,-
Park,male,30-34,-
Plantation,male,30-34,-
Tengah Industrial Estate,male,30-34,-
Toa Payoh - Total,male,30-34,4030
Bidadari,male,30-34,-
Boon Teck,male,30-34,560
Braddell,male,30-34,270
Joo Seng,male,30-34,340
Kim Keat,male,30-34,260
Lorong 8 Toa Payoh,male,30-34,200
Pei Chun,male,30-34,250
Potong Pasir,male,30-34,410
Sennett,male,30-34,370
Toa Payoh Central,male,30-34,750
Toa Payoh West,male,30-34,560
Woodleigh,male,30-34,70
Tuas - Total,male,30-34,-
Tengeh,male,30-34,-
Tuas Bay,male,30-34,-
Tuas North,male,30-34,-
Tuas Promenade,male,30-34,-
Tuas View,male,30-34,-
Tuas View Extension,male,30-34,-
Western Islands - Total,male,30-34,-
Jurong Island And Bukom,male,30-34,-
Semakau,male,30-34,-
Sudong,male,30-34,-
Western Water Catchment - Total,male,30-34,10
Bahar,male,30-34,-
Cleantech,male,30-34,-
Murai,male,30-34,10
Woodlands - Total,male,30-34,8960
Greenwood Park,male,30-34,-
Midview,male,30-34,1200
North Coast,male,30-34,350
Senoko West,male,30-34,-
Woodgrove,male,30-34,1070
Woodlands East,male,30-34,3620
Woodlands Regional Centre,male,30-34,-
Woodlands South,male,30-34,1380
Woodlands West,male,30-34,1340
Yishun - Total,male,30-34,9110
Khatib,male,30-34,400
Lower Seletar,male,30-34,1250
Nee Soon,male,30-34,30
Northland,male,30-34,1070
Springleaf,male,30-34,130
Yishun Central,male,30-34,100
Yishun East,male,30-34,2430
Yishun South,male,30-34,1900
Yishun West,male,30-34,1820
Total,male,35-39,141360
Ang Mo Kio - Total,male,35-39,4890
Ang Mo Kio Town Centre,male,35-39,140
Cheng San,male,35-39,1000
Chong Boon,male,35-39,830
Kebun Bahru,male,35-39,660
Sembawang Hills,male,35-39,130
Shangri-La,male,35-39,490
Tagore,male,35-39,160
Townsville,male,35-39,640
Yio Chu Kang,male,35-39,-
Yio Chu Kang East,male,35-39,110
Yio Chu Kang North,male,35-39,-
Yio Chu Kang West,male,35-39,730
Bedok - Total,male,35-39,8180
Bayshore,male,35-39,230
Bedok North,male,35-39,2360
Bedok Reservoir,male,35-39,890
Bedok South,male,35-39,1280
Frankel,male,35-39,1010
Kaki Bukit,male,35-39,1080
Kembangan,male,35-39,1200
Siglap,male,35-39,140
Bishan - Total,male,35-39,2290
Bishan East,male,35-39,800
Marymount,male,35-39,790
Upper Thomson,male,35-39,710
Boon Lay - Total,male,35-39,-
Liu Fang,male,35-39,-
Samulun,male,35-39,-
Shipyard,male,35-39,-
Tukang,male,35-39,-
Bukit Batok - Total,male,35-39,5190
Brickworks,male,35-39,880
Bukit Batok Central,male,35-39,930
Bukit Batok East,male,35-39,380
Bukit Batok South,male,35-39,560
Bukit Batok West,male,35-39,530
Gombak,male,35-39,320
Guilin,male,35-39,430
Hillview,male,35-39,420
Hong Kah North,male,35-39,760
Bukit Merah - Total,male,35-39,5060
Alexandra Hill,male,35-39,350
Alexandra North,male,35-39,150
Bukit Ho Swee,male,35-39,470
Bukit Merah,male,35-39,30
City Terminals,male,35-39,-
Depot Road,male,35-39,270
Everton Park,male,35-39,270
Henderson Hill,male,35-39,390
Kampong Tiong Bahru,male,35-39,240
Maritime Square,male,35-39,130
Redhill,male,35-39,320
Singapore General Hospital,male,35-39,-
Telok Blangah Drive,male,35-39,850
Telok Blangah Rise,male,35-39,340
Telok Blangah Way,male,35-39,260
Tiong Bahru,male,35-39,540
Tiong Bahru Station,male,35-39,470
Bukit Panjang - Total,male,35-39,4930
Bangkit,male,35-39,630
Dairy Farm,male,35-39,200
Fajar,male,35-39,1080
Jelebu,male,35-39,840
Nature Reserve,male,35-39,90
Saujana,male,35-39,1130
Senja,male,35-39,960
Bukit Timah - Total,male,35-39,2110
Anak Bukit,male,35-39,600
Coronation Road,male,35-39,190
Farrer Court,male,35-39,190
Hillcrest,male,35-39,280
Holland Road,male,35-39,270
Leedon Park,male,35-39,170
Swiss Club,male,35-39,150
Ulu Pandan,male,35-39,270
Central Water Catchment - Total,male,35-39,-
Central Water Catchment,male,35-39,-
Changi- Total,male,35-39,70
Changi Airport,male,35-39,-
Changi Point,male,35-39,10
Changi West,male,35-39,60
Changi Bay - Total,male,35-39,-
Changi Bay,male,35-39,-
Choa Chu Kang - Total,male,35-39,6290
Choa Chu Kang Central,male,35-39,660
Choa Chu Kang North,male,35-39,720
Keat Hong,male,35-39,1710
Peng Siang,male,35-39,1330
Teck Whye,male,35-39,690
Yew Tee,male,35-39,1180
Clementi - Total,male,35-39,3140
Clementi Central,male,35-39,420
Clementi North,male,35-39,1150
Clementi West,male,35-39,460
Clementi Woods,male,35-39,570
Faber,male,35-39,200
Pandan,male,35-39,-
Sunset Way,male,35-39,140
Toh Tuck,male,35-39,-
West Coast,male,35-39,200
Downtown Core - Total,male,35-39,200
Anson,male,35-39,-
Bayfront Subzone,male,35-39,-
Bugis,male,35-39,50
Cecil,male,35-39,30
Central Subzone,male,35-39,50
City Hall,male,35-39,-
Clifford Pier,male,35-39,-
Marina Centre,male,35-39,-
Maxwell,male,35-39,-
Nicoll,male,35-39,10
Phillip,male,35-39,-
Raffles Place,male,35-39,-
Tanjong Pagar,male,35-39,50
Geylang - Total,male,35-39,3720
Aljunied,male,35-39,1430
Geylang East,male,35-39,960
Kallang Way,male,35-39,-
Kampong Ubi,male,35-39,400
Macpherson,male,35-39,940
Hougang - Total,male,35-39,7400
Defu Industrial Park,male,35-39,-
Hougang Central,male,35-39,130
Hougang East,male,35-39,1050
Hougang West,male,35-39,1310
Kangkar,male,35-39,1380
Kovan,male,35-39,690
Lorong Ah Soo,male,35-39,950
Lorong Halus,male,35-39,-
Tai Seng,male,35-39,330
Trafalgar,male,35-39,1560
Jurong East - Total,male,35-39,2420
International Business Park,male,35-39,-
Jurong Gateway,male,35-39,20
Jurong Port,male,35-39,-
Jurong River,male,35-39,-
Lakeside (Business),male,35-39,-
Lakeside (Leisure),male,35-39,30
Penjuru Crescent,male,35-39,-
Teban Gardens,male,35-39,660
Toh Guan,male,35-39,450
Yuhua East,male,35-39,770
Yuhua West,male,35-39,490
Jurong West - Total,male,35-39,9330
Boon Lay Place,male,35-39,1230
Chin Bee,male,35-39,-
Hong Kah,male,35-39,1710
Jurong West Central,male,35-39,2550
Kian Teck,male,35-39,-
Safti,male,35-39,-
Taman Jurong,male,35-39,1450
Wenya,male,35-39,360
Yunnan,male,35-39,2030
Kallang - Total,male,35-39,3410
Bendemeer,male,35-39,1550
Boon Keng,male,35-39,370
Crawford,male,35-39,190
Geylang Bahru,male,35-39,300
Kallang Bahru,male,35-39,-
Kampong Bugis,male,35-39,30
Kampong Java,male,35-39,310
Lavender,male,35-39,320
Tanjong Rhu,male,35-39,340
Lim Chu Kang - Total,male,35-39,-
Lim Chu Kang,male,35-39,-
Mandai - Total,male,35-39,70
Mandai East,male,35-39,-
Mandai Estate,male,35-39,70
Mandai West,male,35-39,-
Marina East - Total,male,35-39,-
Marina East,male,35-39,-
Marina South - Total,male,35-39,-
Marina South,male,35-39,-
Marine Parade - Total,male,35-39,1350
East Coast,male,35-39,-
Katong,male,35-39,280
Marina East (Mp),male,35-39,-
Marine Parade,male,35-39,770
Mountbatten,male,35-39,290
Museum - Total,male,35-39,30
Bras Basah,male,35-39,-
Dhoby Ghaut,male,35-39,30
Fort Canning,male,35-39,10
Newton - Total,male,35-39,260
Cairnhill,male,35-39,140
Goodwood Park,male,35-39,40
Istana Negara,male,35-39,-
Monk's Hill,male,35-39,30
Newton Circus,male,35-39,10
Orange Grove,male,35-39,40
North-Eastern Islands - Total,male,35-39,-
North-Eastern Islands,male,35-39,-
Novena - Total,male,35-39,1610
Balestier,male,35-39,1090
Dunearn,male,35-39,80
Malcolm,male,35-39,70
Moulmein,male,35-39,350
Mount Pleasant,male,35-39,20
Orchard - Total,male,35-39,30
Boulevard,male,35-39,10
Somerset,male,35-39,10
Tanglin,male,35-39,10
Outram - Total,male,35-39,590
China Square,male,35-39,40
Chinatown,male,35-39,390
Pearl's Hill,male,35-39,150
People's Park,male,35-39,20
Pasir Ris - Total,male,35-39,4180
Flora Drive,male,35-39,380
Loyang East,male,35-39,60
Loyang West,male,35-39,-
Pasir Ris Central,male,35-39,1240
Pasir Ris Drive,male,35-39,1280
Pasir Ris Park,male,35-39,320
Pasir Ris Wafer Fab Park,male,35-39,-
Pasir Ris West,male,35-39,910
Paya Lebar - Total,male,35-39,-
Airport Road,male,35-39,-
Paya Lebar East,male,35-39,-
Paya Lebar North,male,35-39,-
Paya Lebar West,male,35-39,-
Plab,male,35-39,-
Pioneer - Total,male,35-39,-
Benoi Sector,male,35-39,-
Gul Basin,male,35-39,-
Gul Circle,male,35-39,-
Joo Koon,male,35-39,-
Pioneer Sector,male,35-39,-
Punggol - Total,male,35-39,10600
Coney Island,male,35-39,-
Matilda,male,35-39,3580
Northshore,male,35-39,10
Punggol Canal,male,35-39,-
Punggol Field,male,35-39,1770
Punggol Town Centre,male,35-39,1710
Waterway East,male,35-39,3540
Queenstown - Total,male,35-39,3380
Commonwealth,male,35-39,190
Dover,male,35-39,310
Ghim Moh,male,35-39,580
Holland Drive,male,35-39,330
Kent Ridge,male,35-39,-
Margaret Drive,male,35-39,940
Mei Chin,male,35-39,390
National University Of S'pore,male,35-39,-
One North,male,35-39,50
Pasir Panjang 1,male,35-39,160
Pasir Panjang 2,male,35-39,90
Port,male,35-39,10
Queensway,male,35-39,10
Singapore Polytechnic,male,35-39,-
Tanglin Halt,male,35-39,340
River Valley - Total,male,35-39,350
Institution Hill,male,35-39,140
Leonie Hill,male,35-39,90
One Tree Hill,male,35-39,50
Oxley,male,35-39,50
Paterson,male,35-39,10
Rochor - Total,male,35-39,490
Bencoolen,male,35-39,40
Farrer Park,male,35-39,110
Kampong Glam,male,35-39,10
Little India,male,35-39,100
Mackenzie,male,35-39,10
Mount Emily,male,35-39,100
Rochor Canal,male,35-39,-
Selegie,male,35-39,10
Sungei Road,male,35-39,60
Victoria,male,35-39,60
Seletar - Total,male,35-39,-
Pulau Punggol Barat,male,35-39,-
Pulau Punggol Timor,male,35-39,-
Seletar,male,35-39,-
Seletar Aerospace Park,male,35-39,-
Sembawang - Total,male,35-39,4150
Admiralty,male,35-39,580
Sembawang Central,male,35-39,1310
Sembawang East,male,35-39,780
Sembawang North,male,35-39,1000
Sembawang Springs,male,35-39,430
Sembawang Straits,male,35-39,60
Senoko North,male,35-39,-
Senoko South,male,35-39,-
The Wharves,male,35-39,-
Sengkang - Total,male,35-39,11910
Anchorvale,male,35-39,2600
Compassvale,male,35-39,1280
Fernvale,male,35-39,3450
Lorong Halus North,male,35-39,-
Rivervale,male,35-39,1990
Sengkang Town Centre,male,35-39,2590
Sengkang West,male,35-39,-
Serangoon - Total,male,35-39,3250
Lorong Chuan,male,35-39,190
Seletar Hills,male,35-39,340
Serangoon Central,male,35-39,790
Serangoon Garden,male,35-39,930
Serangoon North,male,35-39,440
Serangoon North Ind Estate,male,35-39,-
Upper Paya Lebar,male,35-39,560
Simpang - Total,male,35-39,-
Pulau Seletar,male,35-39,-
Simpang North,male,35-39,-
Simpang South,male,35-39,-
Tanjong Irau,male,35-39,-
Singapore River - Total,male,35-39,150
Boat Quay,male,35-39,10
Clarke Quay,male,35-39,10
Robertson Quay,male,35-39,130
Southern Islands - Total,male,35-39,50
Sentosa,male,35-39,50
Southern Group,male,35-39,-
Straits View - Total,male,35-39,-
Straits View,male,35-39,-
Sungei Kadut - Total,male,35-39,20
Gali Batu,male,35-39,-
Kranji,male,35-39,-
Pang Sua,male,35-39,-
Reservoir View,male,35-39,-
Turf Club,male,35-39,20
Tampines - Total,male,35-39,8620
Simei,male,35-39,1160
Tampines East,male,35-39,4280
Tampines North,male,35-39,390
Tampines West,male,35-39,2750
Xilin,male,35-39,40
Tanglin - Total,male,35-39,660
Chatsworth,male,35-39,260
Nassim,male,35-39,250
Ridout,male,35-39,50
Tyersall,male,35-39,100
Tengah - Total,male,35-39,-
Brickland,male,35-39,-
Forest Hill,male,35-39,-
Garden,male,35-39,-
Park,male,35-39,-
Plantation,male,35-39,-
Tengah Industrial Estate,male,35-39,-
Toa Payoh - Total,male,35-39,3660
Bidadari,male,35-39,-
Boon Teck,male,35-39,410
Braddell,male,35-39,260
Joo Seng,male,35-39,310
Kim Keat,male,35-39,220
Lorong 8 Toa Payoh,male,35-39,170
Pei Chun,male,35-39,250
Potong Pasir,male,35-39,400
Sennett,male,35-39,260
Toa Payoh Central,male,35-39,880
Toa Payoh West,male,35-39,440
Woodleigh,male,35-39,80
Tuas - Total,male,35-39,-
Tengeh,male,35-39,-
Tuas Bay,male,35-39,-
Tuas North,male,35-39,-
Tuas Promenade,male,35-39,-
Tuas View,male,35-39,-
Tuas View Extension,male,35-39,-
Western Islands - Total,male,35-39,-
Jurong Island And Bukom,male,35-39,-
Semakau,male,35-39,-
Sudong,male,35-39,-
Western Water Catchment - Total,male,35-39,30
Bahar,male,35-39,-
Cleantech,male,35-39,-
Murai,male,35-39,30
Woodlands - Total,male,35-39,8520
Greenwood Park,male,35-39,-
Midview,male,35-39,1120
North Coast,male,35-39,320
Senoko West,male,35-39,-
Woodgrove,male,35-39,920
Woodlands East,male,35-39,3500
Woodlands Regional Centre,male,35-39,-
Woodlands South,male,35-39,1570
Woodlands West,male,35-39,1080
Yishun - Total,male,35-39,8770
Khatib,male,35-39,310
Lower Seletar,male,35-39,1140
Nee Soon,male,35-39,20
Northland,male,35-39,860
Springleaf,male,35-39,90
Yishun Central,male,35-39,110
Yishun East,male,35-39,3060
Yishun South,male,35-39,1440
Yishun West,male,35-39,1740
Total,male,40-44,142800
Ang Mo Kio - Total,male,40-44,5270
Ang Mo Kio Town Centre,male,40-44,180
Cheng San,male,40-44,980
Chong Boon,male,40-44,840
Kebun Bahru,male,40-44,770
Sembawang Hills,male,40-44,170
Shangri-La,male,40-44,490
Tagore,male,40-44,180
Townsville,male,40-44,770
Yio Chu Kang,male,40-44,-
Yio Chu Kang East,male,40-44,120
Yio Chu Kang North,male,40-44,-
Yio Chu Kang West,male,40-44,780
Bedok - Total,male,40-44,9000
Bayshore,male,40-44,340
Bedok North,male,40-44,2660
Bedok Reservoir,male,40-44,980
Bedok South,male,40-44,1390
Frankel,male,40-44,1290
Kaki Bukit,male,40-44,1060
Kembangan,male,40-44,1090
Siglap,male,40-44,190
Bishan - Total,male,40-44,2670
Bishan East,male,40-44,860
Marymount,male,40-44,920
Upper Thomson,male,40-44,880
Boon Lay - Total,male,40-44,-
Liu Fang,male,40-44,-
Samulun,male,40-44,-
Shipyard,male,40-44,-
Tukang,male,40-44,-
Bukit Batok - Total,male,40-44,5060
Brickworks,male,40-44,730
Bukit Batok Central,male,40-44,890
Bukit Batok East,male,40-44,370
Bukit Batok South,male,40-44,440
Bukit Batok West,male,40-44,470
Gombak,male,40-44,420
Guilin,male,40-44,420
Hillview,male,40-44,530
Hong Kah North,male,40-44,790
Bukit Merah - Total,male,40-44,5570
Alexandra Hill,male,40-44,340
Alexandra North,male,40-44,150
Bukit Ho Swee,male,40-44,470
Bukit Merah,male,40-44,30
City Terminals,male,40-44,-
Depot Road,male,40-44,310
Everton Park,male,40-44,270
Henderson Hill,male,40-44,380
Kampong Tiong Bahru,male,40-44,250
Maritime Square,male,40-44,210
Redhill,male,40-44,490
Singapore General Hospital,male,40-44,-
Telok Blangah Drive,male,40-44,770
Telok Blangah Rise,male,40-44,400
Telok Blangah Way,male,40-44,330
Tiong Bahru,male,40-44,590
Tiong Bahru Station,male,40-44,580
Bukit Panjang - Total,male,40-44,4480
Bangkit,male,40-44,650
Dairy Farm,male,40-44,250
Fajar,male,40-44,970
Jelebu,male,40-44,840
Nature Reserve,male,40-44,110
Saujana,male,40-44,890
Senja,male,40-44,760
Bukit Timah - Total,male,40-44,2600
Anak Bukit,male,40-44,610
Coronation Road,male,40-44,240
Farrer Court,male,40-44,250
Hillcrest,male,40-44,340
Holland Road,male,40-44,400
Leedon Park,male,40-44,230
Swiss Club,male,40-44,190
Ulu Pandan,male,40-44,350
Central Water Catchment - Total,male,40-44,-
Central Water Catchment,male,40-44,-
Changi- Total,male,40-44,100
Changi Airport,male,40-44,-
Changi Point,male,40-44,20
Changi West,male,40-44,80
Changi Bay - Total,male,40-44,-
Changi Bay,male,40-44,-
Choa Chu Kang - Total,male,40-44,6050
Choa Chu Kang Central,male,40-44,790
Choa Chu Kang North,male,40-44,740
Keat Hong,male,40-44,1330
Peng Siang,male,40-44,1120
Teck Whye,male,40-44,600
Yew Tee,male,40-44,1480
Clementi - Total,male,40-44,3400
Clementi Central,male,40-44,500
Clementi North,male,40-44,1060
Clementi West,male,40-44,560
Clementi Woods,male,40-44,550
Faber,male,40-44,260
Pandan,male,40-44,-
Sunset Way,male,40-44,180
Toh Tuck,male,40-44,-
West Coast,male,40-44,300
Downtown Core - Total,male,40-44,160
Anson,male,40-44,-
Bayfront Subzone,male,40-44,-
Bugis,male,40-44,30
Cecil,male,40-44,20
Central Subzone,male,40-44,50
City Hall,male,40-44,-
Clifford Pier,male,40-44,-
Marina Centre,male,40-44,-
Maxwell,male,40-44,-
Nicoll,male,40-44,10
Phillip,male,40-44,-
Raffles Place,male,40-44,-
Tanjong Pagar,male,40-44,40
Geylang - Total,male,40-44,3750
Aljunied,male,40-44,1400
Geylang East,male,40-44,1120
Kallang Way,male,40-44,-
Kampong Ubi,male,40-44,400
Macpherson,male,40-44,840
Hougang - Total,male,40-44,7090
Defu Industrial Park,male,40-44,-
Hougang Central,male,40-44,110
Hougang East,male,40-44,830
Hougang West,male,40-44,1230
Kangkar,male,40-44,1180
Kovan,male,40-44,770
Lorong Ah Soo,male,40-44,990
Lorong Halus,male,40-44,-
Tai Seng,male,40-44,390
Trafalgar,male,40-44,1600
Jurong East - Total,male,40-44,2460
International Business Park,male,40-44,-
Jurong Gateway,male,40-44,20
Jurong Port,male,40-44,-
Jurong River,male,40-44,-
Lakeside (Business),male,40-44,-
Lakeside (Leisure),male,40-44,30
Penjuru Crescent,male,40-44,-
Teban Gardens,male,40-44,640
Toh Guan,male,40-44,410
Yuhua East,male,40-44,790
Yuhua West,male,40-44,570
Jurong West - Total,male,40-44,10240
Boon Lay Place,male,40-44,1120
Chin Bee,male,40-44,-
Hong Kah,male,40-44,1860
Jurong West Central,male,40-44,2920
Kian Teck,male,40-44,-
Safti,male,40-44,-
Taman Jurong,male,40-44,1500
Wenya,male,40-44,450
Yunnan,male,40-44,2390
Kallang - Total,male,40-44,3860
Bendemeer,male,40-44,1540
Boon Keng,male,40-44,380
Crawford,male,40-44,250
Geylang Bahru,male,40-44,380
Kallang Bahru,male,40-44,-
Kampong Bugis,male,40-44,30
Kampong Java,male,40-44,400
Lavender,male,40-44,380
Tanjong Rhu,male,40-44,490
Lim Chu Kang - Total,male,40-44,-
Lim Chu Kang,male,40-44,-
Mandai - Total,male,40-44,70
Mandai East,male,40-44,-
Mandai Estate,male,40-44,70
Mandai West,male,40-44,-
Marina East - Total,male,40-44,-
Marina East,male,40-44,-
Marina South - Total,male,40-44,-
Marina South,male,40-44,-
Marine Parade - Total,male,40-44,1680
East Coast,male,40-44,-
Katong,male,40-44,390
Marina East (Mp),male,40-44,-
Marine Parade,male,40-44,930
Mountbatten,male,40-44,360
Museum - Total,male,40-44,30
Bras Basah,male,40-44,-
Dhoby Ghaut,male,40-44,30
Fort Canning,male,40-44,10
Newton - Total,male,40-44,330
Cairnhill,male,40-44,150
Goodwood Park,male,40-44,50
Istana Negara,male,40-44,-
Monk's Hill,male,40-44,50
Newton Circus,male,40-44,10
Orange Grove,male,40-44,60
North-Eastern Islands - Total,male,40-44,-
North-Eastern Islands,male,40-44,-
Novena - Total,male,40-44,1940
Balestier,male,40-44,1170
Dunearn,male,40-44,120
Malcolm,male,40-44,110
Moulmein,male,40-44,530
Mount Pleasant,male,40-44,10
Orchard - Total,male,40-44,40
Boulevard,male,40-44,20
Somerset,male,40-44,10
Tanglin,male,40-44,20
Outram - Total,male,40-44,710
China Square,male,40-44,40
Chinatown,male,40-44,540
Pearl's Hill,male,40-44,130
People's Park,male,40-44,10
Pasir Ris - Total,male,40-44,4580
Flora Drive,male,40-44,590
Loyang East,male,40-44,60
Loyang West,male,40-44,-
Pasir Ris Central,male,40-44,1080
Pasir Ris Drive,male,40-44,1350
Pasir Ris Park,male,40-44,450
Pasir Ris Wafer Fab Park,male,40-44,-
Pasir Ris West,male,40-44,1050
Paya Lebar - Total,male,40-44,-
Airport Road,male,40-44,-
Paya Lebar East,male,40-44,-
Paya Lebar North,male,40-44,-
Paya Lebar West,male,40-44,-
Plab,male,40-44,-
Pioneer - Total,male,40-44,-
Benoi Sector,male,40-44,-
Gul Basin,male,40-44,-
Gul Circle,male,40-44,-
Joo Koon,male,40-44,-
Pioneer Sector,male,40-44,-
Punggol - Total,male,40-44,8890
Coney Island,male,40-44,-
Matilda,male,40-44,2730
Northshore,male,40-44,20
Punggol Canal,male,40-44,-
Punggol Field,male,40-44,2390
Punggol Town Centre,male,40-44,1120
Waterway East,male,40-44,2630
Queenstown - Total,male,40-44,3380
Commonwealth,male,40-44,210
Dover,male,40-44,420
Ghim Moh,male,40-44,420
Holland Drive,male,40-44,410
Kent Ridge,male,40-44,-
Margaret Drive,male,40-44,770
Mei Chin,male,40-44,430
National University Of S'pore,male,40-44,-
One North,male,40-44,40
Pasir Panjang 1,male,40-44,190
Pasir Panjang 2,male,40-44,100
Port,male,40-44,10
Queensway,male,40-44,10
Singapore Polytechnic,male,40-44,-
Tanglin Halt,male,40-44,390
River Valley - Total,male,40-44,480
Institution Hill,male,40-44,190
Leonie Hill,male,40-44,130
One Tree Hill,male,40-44,70
Oxley,male,40-44,70
Paterson,male,40-44,10
Rochor - Total,male,40-44,540
Bencoolen,male,40-44,50
Farrer Park,male,40-44,130
Kampong Glam,male,40-44,10
Little India,male,40-44,100
Mackenzie,male,40-44,10
Mount Emily,male,40-44,110
Rochor Canal,male,40-44,-
Selegie,male,40-44,20
Sungei Road,male,40-44,50
Victoria,male,40-44,60
Seletar - Total,male,40-44,10
Pulau Punggol Barat,male,40-44,-
Pulau Punggol Timor,male,40-44,-
Seletar,male,40-44,10
Seletar Aerospace Park,male,40-44,-
Sembawang - Total,male,40-44,4070
Admiralty,male,40-44,580
Sembawang Central,male,40-44,1320
Sembawang East,male,40-44,630
Sembawang North,male,40-44,1060
Sembawang Springs,male,40-44,410
Sembawang Straits,male,40-44,60
Senoko North,male,40-44,-
Senoko South,male,40-44,-
The Wharves,male,40-44,-
Sengkang - Total,male,40-44,10980
Anchorvale,male,40-44,2170
Compassvale,male,40-44,1240
Fernvale,male,40-44,3010
Lorong Halus North,male,40-44,-
Rivervale,male,40-44,2160
Sengkang Town Centre,male,40-44,2400
Sengkang West,male,40-44,-
Serangoon - Total,male,40-44,3350
Lorong Chuan,male,40-44,240
Seletar Hills,male,40-44,390
Serangoon Central,male,40-44,650
Serangoon Garden,male,40-44,1040
Serangoon North,male,40-44,480
Serangoon North Ind Estate,male,40-44,-
Upper Paya Lebar,male,40-44,550
Simpang - Total,male,40-44,-
Pulau Seletar,male,40-44,-
Simpang North,male,40-44,-
Simpang South,male,40-44,-
Tanjong Irau,male,40-44,-
Singapore River - Total,male,40-44,200
Boat Quay,male,40-44,-
Clarke Quay,male,40-44,10
Robertson Quay,male,40-44,190
Southern Islands - Total,male,40-44,80
Sentosa,male,40-44,80
Southern Group,male,40-44,-
Straits View - Total,male,40-44,-
Straits View,male,40-44,-
Sungei Kadut - Total,male,40-44,20
Gali Batu,male,40-44,-
Kranji,male,40-44,-
Pang Sua,male,40-44,-
Reservoir View,male,40-44,-
Turf Club,male,40-44,20
Tampines - Total,male,40-44,8170
Simei,male,40-44,1360
Tampines East,male,40-44,3980
Tampines North,male,40-44,240
Tampines West,male,40-44,2560
Xilin,male,40-44,30
Tanglin - Total,male,40-44,890
Chatsworth,male,40-44,320
Nassim,male,40-44,380
Ridout,male,40-44,60
Tyersall,male,40-44,120
Tengah - Total,male,40-44,-
Brickland,male,40-44,-
Forest Hill,male,40-44,-
Garden,male,40-44,-
Park,male,40-44,-
Plantation,male,40-44,-
Tengah Industrial Estate,male,40-44,-
Toa Payoh - Total,male,40-44,4010
Bidadari,male,40-44,-
Boon Teck,male,40-44,370
Braddell,male,40-44,290
Joo Seng,male,40-44,310
Kim Keat,male,40-44,220
Lorong 8 Toa Payoh,male,40-44,200
Pei Chun,male,40-44,330
Potong Pasir,male,40-44,410
Sennett,male,40-44,250
Toa Payoh Central,male,40-44,1100
Toa Payoh West,male,40-44,440
Woodleigh,male,40-44,90
Tuas - Total,male,40-44,-
Tengeh,male,40-44,-
Tuas Bay,male,40-44,-
Tuas North,male,40-44,-
Tuas Promenade,male,40-44,-
Tuas View,male,40-44,-
Tuas View Extension,male,40-44,-
Western Islands - Total,male,40-44,-
Jurong Island And Bukom,male,40-44,-
Semakau,male,40-44,-
Sudong,male,40-44,-
Western Water Catchment - Total,male,40-44,40
Bahar,male,40-44,-
Cleantech,male,40-44,-
Murai,male,40-44,40
Woodlands - Total,male,40-44,8630
Greenwood Park,male,40-44,-
Midview,male,40-44,1030
North Coast,male,40-44,340
Senoko West,male,40-44,-
Woodgrove,male,40-44,1020
Woodlands East,male,40-44,3580
Woodlands Regional Centre,male,40-44,-
Woodlands South,male,40-44,1730
Woodlands West,male,40-44,930
Yishun - Total,male,40-44,7950
Khatib,male,40-44,270
Lower Seletar,male,40-44,730
Nee Soon,male,40-44,20
Northland,male,40-44,950
Springleaf,male,40-44,130
Yishun Central,male,40-44,100
Yishun East,male,40-44,2590
Yishun South,male,40-44,1370
Yishun West,male,40-44,1800
Total,male,45-49,151690
Ang Mo Kio - Total,male,45-49,5910
Ang Mo Kio Town Centre,male,45-49,230
Cheng San,male,45-49,1060
Chong Boon,male,45-49,880
Kebun Bahru,male,45-49,850
Sembawang Hills,male,45-49,260
Shangri-La,male,45-49,590
Tagore,male,45-49,250
Townsville,male,45-49,750
Yio Chu Kang,male,45-49,-
Yio Chu Kang East,male,45-49,140
Yio Chu Kang North,male,45-49,-
Yio Chu Kang West,male,45-49,900
Bedok - Total,male,45-49,10220
Bayshore,male,45-49,430
Bedok North,male,45-49,2880
Bedok Reservoir,male,45-49,1020
Bedok South,male,45-49,1650
Frankel,male,45-49,1550
Kaki Bukit,male,45-49,1190
Kembangan,male,45-49,1280
Siglap,male,45-49,230
Bishan - Total,male,45-49,3160
Bishan East,male,45-49,1000
Marymount,male,45-49,1050
Upper Thomson,male,45-49,1120
Boon Lay - Total,male,45-49,-
Liu Fang,male,45-49,-
Samulun,male,45-49,-
Shipyard,male,45-49,-
Tukang,male,45-49,-
Bukit Batok - Total,male,45-49,5620
Brickworks,male,45-49,640
Bukit Batok Central,male,45-49,930
Bukit Batok East,male,45-49,490
Bukit Batok South,male,45-49,490
Bukit Batok West,male,45-49,510
Gombak,male,45-49,370
Guilin,male,45-49,530
Hillview,male,45-49,730
Hong Kah North,male,45-49,940
Bukit Merah - Total,male,45-49,5790
Alexandra Hill,male,45-49,460
Alexandra North,male,45-49,150
Bukit Ho Swee,male,45-49,500
Bukit Merah,male,45-49,30
City Terminals,male,45-49,-
Depot Road,male,45-49,300
Everton Park,male,45-49,330
Henderson Hill,male,45-49,410
Kampong Tiong Bahru,male,45-49,310
Maritime Square,male,45-49,210
Redhill,male,45-49,490
Singapore General Hospital,male,45-49,-
Telok Blangah Drive,male,45-49,660
Telok Blangah Rise,male,45-49,420
Telok Blangah Way,male,45-49,380
Tiong Bahru,male,45-49,520
Tiong Bahru Station,male,45-49,620
Bukit Panjang - Total,male,45-49,5020
Bangkit,male,45-49,750
Dairy Farm,male,45-49,290
Fajar,male,45-49,970
Jelebu,male,45-49,1090
Nature Reserve,male,45-49,160
Saujana,male,45-49,900
Senja,male,45-49,860
Bukit Timah - Total,male,45-49,3150
Anak Bukit,male,45-49,730
Coronation Road,male,45-49,300
Farrer Court,male,45-49,330
Hillcrest,male,45-49,410
Holland Road,male,45-49,500
Leedon Park,male,45-49,260
Swiss Club,male,45-49,190
Ulu Pandan,male,45-49,440
Central Water Catchment - Total,male,45-49,-
Central Water Catchment,male,45-49,-
Changi- Total,male,45-49,90
Changi Airport,male,45-49,-
Changi Point,male,45-49,30
Changi West,male,45-49,60
Changi Bay - Total,male,45-49,-
Changi Bay,male,45-49,-
Choa Chu Kang - Total,male,45-49,6660
Choa Chu Kang Central,male,45-49,840
Choa Chu Kang North,male,45-49,1040
Keat Hong,male,45-49,1210
Peng Siang,male,45-49,1160
Teck Whye,male,45-49,760
Yew Tee,male,45-49,1660
Clementi - Total,male,45-49,3560
Clementi Central,male,45-49,560
Clementi North,male,45-49,1000
Clementi West,male,45-49,640
Clementi Woods,male,45-49,590
Faber,male,45-49,250
Pandan,male,45-49,-
Sunset Way,male,45-49,170
Toh Tuck,male,45-49,-
West Coast,male,45-49,350
Downtown Core - Total,male,45-49,170
Anson,male,45-49,-
Bayfront Subzone,male,45-49,-
Bugis,male,45-49,40
Cecil,male,45-49,10
Central Subzone,male,45-49,70
City Hall,male,45-49,-
Clifford Pier,male,45-49,-
Marina Centre,male,45-49,-
Maxwell,male,45-49,-
Nicoll,male,45-49,20
Phillip,male,45-49,-
Raffles Place,male,45-49,-
Tanjong Pagar,male,45-49,30
Geylang - Total,male,45-49,4040
Aljunied,male,45-49,1610
Geylang East,male,45-49,1140
Kallang Way,male,45-49,-
Kampong Ubi,male,45-49,350
Macpherson,male,45-49,940
Hougang - Total,male,45-49,8040
Defu Industrial Park,male,45-49,-
Hougang Central,male,45-49,140
Hougang East,male,45-49,810
Hougang West,male,45-49,1480
Kangkar,male,45-49,1230
Kovan,male,45-49,940
Lorong Ah Soo,male,45-49,1200
Lorong Halus,male,45-49,-
Tai Seng,male,45-49,440
Trafalgar,male,45-49,1800
Jurong East - Total,male,45-49,2840
International Business Park,male,45-49,-
Jurong Gateway,male,45-49,30
Jurong Port,male,45-49,-
Jurong River,male,45-49,-
Lakeside (Business),male,45-49,-
Lakeside (Leisure),male,45-49,40
Penjuru Crescent,male,45-49,-
Teban Gardens,male,45-49,680
Toh Guan,male,45-49,510
Yuhua East,male,45-49,900
Yuhua West,male,45-49,680
Jurong West - Total,male,45-49,10790
Boon Lay Place,male,45-49,1140
Chin Bee,male,45-49,-
Hong Kah,male,45-49,2100
Jurong West Central,male,45-49,2910
Kian Teck,male,45-49,-
Safti,male,45-49,-
Taman Jurong,male,45-49,1550
Wenya,male,45-49,430
Yunnan,male,45-49,2650
Kallang - Total,male,45-49,4030
Bendemeer,male,45-49,1330
Boon Keng,male,45-49,410
Crawford,male,45-49,310
Geylang Bahru,male,45-49,460
Kallang Bahru,male,45-49,-
Kampong Bugis,male,45-49,40
Kampong Java,male,45-49,440
Lavender,male,45-49,470
Tanjong Rhu,male,45-49,570
Lim Chu Kang - Total,male,45-49,10
Lim Chu Kang,male,45-49,10
Mandai - Total,male,45-49,90
Mandai East,male,45-49,-
Mandai Estate,male,45-49,90
Mandai West,male,45-49,-
Marina East - Total,male,45-49,-
Marina East,male,45-49,-
Marina South - Total,male,45-49,-
Marina South,male,45-49,-
Marine Parade - Total,male,45-49,1960
East Coast,male,45-49,-
Katong,male,45-49,430
Marina East (Mp),male,45-49,-
Marine Parade,male,45-49,1100
Mountbatten,male,45-49,420
Museum - Total,male,45-49,30
Bras Basah,male,45-49,-
Dhoby Ghaut,male,45-49,20
Fort Canning,male,45-49,20
Newton - Total,male,45-49,410
Cairnhill,male,45-49,190
Goodwood Park,male,45-49,70
Istana Negara,male,45-49,-
Monk's Hill,male,45-49,50
Newton Circus,male,45-49,10
Orange Grove,male,45-49,100
North-Eastern Islands - Total,male,45-49,-
North-Eastern Islands,male,45-49,-
Novena - Total,male,45-49,2140
Balestier,male,45-49,1350
Dunearn,male,45-49,150
Malcolm,male,45-49,130
Moulmein,male,45-49,480
Mount Pleasant,male,45-49,20
Orchard - Total,male,45-49,50
Boulevard,male,45-49,20
Somerset,male,45-49,10
Tanglin,male,45-49,30
Outram - Total,male,45-49,760
China Square,male,45-49,60
Chinatown,male,45-49,460
Pearl's Hill,male,45-49,230
People's Park,male,45-49,20
Pasir Ris - Total,male,45-49,5190
Flora Drive,male,45-49,650
Loyang East,male,45-49,70
Loyang West,male,45-49,-
Pasir Ris Central,male,45-49,1090
Pasir Ris Drive,male,45-49,1660
Pasir Ris Park,male,45-49,400
Pasir Ris Wafer Fab Park,male,45-49,-
Pasir Ris West,male,45-49,1310
Paya Lebar - Total,male,45-49,-
Airport Road,male,45-49,-
Paya Lebar East,male,45-49,-
Paya Lebar North,male,45-49,-
Paya Lebar West,male,45-49,-
Plab,male,45-49,-
Pioneer - Total,male,45-49,-
Benoi Sector,male,45-49,-
Gul Basin,male,45-49,-
Gul Circle,male,45-49,-
Joo Koon,male,45-49,-
Pioneer Sector,male,45-49,-
Punggol - Total,male,45-49,7380
Coney Island,male,45-49,-
Matilda,male,45-49,2000
Northshore,male,45-49,20
Punggol Canal,male,45-49,-
Punggol Field,male,45-49,2620
Punggol Town Centre,male,45-49,780
Waterway East,male,45-49,1950
Queenstown - Total,male,45-49,3630
Commonwealth,male,45-49,270
Dover,male,45-49,430
Ghim Moh,male,45-49,440
Holland Drive,male,45-49,520
Kent Ridge,male,45-49,-
Margaret Drive,male,45-49,590
Mei Chin,male,45-49,580
National University Of S'pore,male,45-49,10
One North,male,45-49,50
Pasir Panjang 1,male,45-49,200
Pasir Panjang 2,male,45-49,100
Port,male,45-49,-
Queensway,male,45-49,10
Singapore Polytechnic,male,45-49,-
Tanglin Halt,male,45-49,430
River Valley - Total,male,45-49,520
Institution Hill,male,45-49,190
Leonie Hill,male,45-49,180
One Tree Hill,male,45-49,80
Oxley,male,45-49,60
Paterson,male,45-49,10
Rochor - Total,male,45-49,600
Bencoolen,male,45-49,60
Farrer Park,male,45-49,140
Kampong Glam,male,45-49,10
Little India,male,45-49,140
Mackenzie,male,45-49,10
Mount Emily,male,45-49,110
Rochor Canal,male,45-49,-
Selegie,male,45-49,10
Sungei Road,male,45-49,90
Victoria,male,45-49,50
Seletar - Total,male,45-49,20
Pulau Punggol Barat,male,45-49,-
Pulau Punggol Timor,male,45-49,-
Seletar,male,45-49,20
Seletar Aerospace Park,male,45-49,-
Sembawang - Total,male,45-49,4330
Admiralty,male,45-49,650
Sembawang Central,male,45-49,1450
Sembawang East,male,45-49,600
Sembawang North,male,45-49,1160
Sembawang Springs,male,45-49,390
Sembawang Straits,male,45-49,80
Senoko North,male,45-49,-
Senoko South,male,45-49,-
The Wharves,male,45-49,-
Sengkang - Total,male,45-49,10260
Anchorvale,male,45-49,2160
Compassvale,male,45-49,870
Fernvale,male,45-49,2420
Lorong Halus North,male,45-49,-
Rivervale,male,45-49,2530
Sengkang Town Centre,male,45-49,2280
Sengkang West,male,45-49,-
Serangoon - Total,male,45-49,3790
Lorong Chuan,male,45-49,290
Seletar Hills,male,45-49,510
Serangoon Central,male,45-49,820
Serangoon Garden,male,45-49,1160
Serangoon North,male,45-49,500
Serangoon North Ind Estate,male,45-49,-
Upper Paya Lebar,male,45-49,520
Simpang - Total,male,45-49,-
Pulau Seletar,male,45-49,-
Simpang North,male,45-49,-
Simpang South,male,45-49,-
Tanjong Irau,male,45-49,-
Singapore River - Total,male,45-49,200
Boat Quay,male,45-49,10
Clarke Quay,male,45-49,10
Robertson Quay,male,45-49,180
Southern Islands - Total,male,45-49,110
Sentosa,male,45-49,110
Southern Group,male,45-49,-
Straits View - Total,male,45-49,-
Straits View,male,45-49,-
Sungei Kadut - Total,male,45-49,40
Gali Batu,male,45-49,-
Kranji,male,45-49,-
Pang Sua,male,45-49,-
Reservoir View,male,45-49,-
Turf Club,male,45-49,20
Tampines - Total,male,45-49,8030
Simei,male,45-49,1420
Tampines East,male,45-49,3910
Tampines North,male,45-49,150
Tampines West,male,45-49,2510
Xilin,male,45-49,50
Tanglin - Total,male,45-49,1050
Chatsworth,male,45-49,370
Nassim,male,45-49,450
Ridout,male,45-49,50
Tyersall,male,45-49,170
Tengah - Total,male,45-49,-
Brickland,male,45-49,-
Forest Hill,male,45-49,-
Garden,male,45-49,-
Park,male,45-49,-
Plantation,male,45-49,-
Tengah Industrial Estate,male,45-49,-
Toa Payoh - Total,male,45-49,4530
Bidadari,male,45-49,-
Boon Teck,male,45-49,510
Braddell,male,45-49,350
Joo Seng,male,45-49,340
Kim Keat,male,45-49,290
Lorong 8 Toa Payoh,male,45-49,230
Pei Chun,male,45-49,380
Potong Pasir,male,45-49,460
Sennett,male,45-49,290
Toa Payoh Central,male,45-49,1070
Toa Payoh West,male,45-49,500
Woodleigh,male,45-49,110
Tuas - Total,male,45-49,-
Tengeh,male,45-49,-
Tuas Bay,male,45-49,-
Tuas North,male,45-49,-
Tuas Promenade,male,45-49,-
Tuas View,male,45-49,-
Tuas View Extension,male,45-49,-
Western Islands - Total,male,45-49,-
Jurong Island And Bukom,male,45-49,-
Semakau,male,45-49,-
Sudong,male,45-49,-
Western Water Catchment - Total,male,45-49,20
Bahar,male,45-49,-
Cleantech,male,45-49,-
Murai,male,45-49,20
Woodlands - Total,male,45-49,9660
Greenwood Park,male,45-49,-
Midview,male,45-49,1120
North Coast,male,45-49,400
Senoko West,male,45-49,-
Woodgrove,male,45-49,1220
Woodlands East,male,45-49,4040
Woodlands Regional Centre,male,45-49,-
Woodlands South,male,45-49,1760
Woodlands West,male,45-49,1120
Yishun - Total,male,45-49,7790
Khatib,male,45-49,320
Lower Seletar,male,45-49,670
Nee Soon,male,45-49,40
Northland,male,45-49,930
Springleaf,male,45-49,140
Yishun Central,male,45-49,110
Yishun East,male,45-49,2100
Yishun South,male,45-49,1410
Yishun West,male,45-49,2090
Total,male,50-54,145380
Ang Mo Kio - Total,male,50-54,5720
Ang Mo Kio Town Centre,male,50-54,190
Cheng San,male,50-54,1000
Chong Boon,male,50-54,910
Kebun Bahru,male,50-54,830
Sembawang Hills,male,50-54,270
Shangri-La,male,50-54,580
Tagore,male,50-54,270
Townsville,male,50-54,650
Yio Chu Kang,male,50-54,-
Yio Chu Kang East,male,50-54,140
Yio Chu Kang North,male,50-54,-
Yio Chu Kang West,male,50-54,890
Bedok - Total,male,50-54,9800
Bayshore,male,50-54,330
Bedok North,male,50-54,2980
Bedok Reservoir,male,50-54,940
Bedok South,male,50-54,1630
Frankel,male,50-54,1240
Kaki Bukit,male,50-54,1210
Kembangan,male,50-54,1270
Siglap,male,50-54,210
Bishan - Total,male,50-54,2980
Bishan East,male,50-54,890
Marymount,male,50-54,990
Upper Thomson,male,50-54,1100
Boon Lay - Total,male,50-54,-
Liu Fang,male,50-54,-
Samulun,male,50-54,-
Shipyard,male,50-54,-
Tukang,male,50-54,-
Bukit Batok - Total,male,50-54,5870
Brickworks,male,50-54,520
Bukit Batok Central,male,50-54,970
Bukit Batok East,male,50-54,460
Bukit Batok South,male,50-54,550
Bukit Batok West,male,50-54,540
Gombak,male,50-54,370
Guilin,male,50-54,550
Hillview,male,50-54,870
Hong Kah North,male,50-54,1030
Bukit Merah - Total,male,50-54,5380
Alexandra Hill,male,50-54,460
Alexandra North,male,50-54,80
Bukit Ho Swee,male,50-54,500
Bukit Merah,male,50-54,50
City Terminals,male,50-54,-
Depot Road,male,50-54,230
Everton Park,male,50-54,280
Henderson Hill,male,50-54,520
Kampong Tiong Bahru,male,50-54,380
Maritime Square,male,50-54,170
Redhill,male,50-54,410
Singapore General Hospital,male,50-54,-
Telok Blangah Drive,male,50-54,580
Telok Blangah Rise,male,50-54,430
Telok Blangah Way,male,50-54,380
Tiong Bahru,male,50-54,380
Tiong Bahru Station,male,50-54,530
Bukit Panjang - Total,male,50-54,4930
Bangkit,male,50-54,830
Dairy Farm,male,50-54,280
Fajar,male,50-54,910
Jelebu,male,50-54,1240
Nature Reserve,male,50-54,180
Saujana,male,50-54,830
Senja,male,50-54,660
Bukit Timah - Total,male,50-54,2940
Anak Bukit,male,50-54,750
Coronation Road,male,50-54,230
Farrer Court,male,50-54,250
Hillcrest,male,50-54,360
Holland Road,male,50-54,470
Leedon Park,male,50-54,280
Swiss Club,male,50-54,210
Ulu Pandan,male,50-54,380
Central Water Catchment - Total,male,50-54,-
Central Water Catchment,male,50-54,-
Changi- Total,male,50-54,80
Changi Airport,male,50-54,-
Changi Point,male,50-54,30
Changi West,male,50-54,50
Changi Bay - Total,male,50-54,-
Changi Bay,male,50-54,-
Choa Chu Kang - Total,male,50-54,7770
Choa Chu Kang Central,male,50-54,950
Choa Chu Kang North,male,50-54,1520
Keat Hong,male,50-54,1200
Peng Siang,male,50-54,1310
Teck Whye,male,50-54,970
Yew Tee,male,50-54,1830
Clementi - Total,male,50-54,3140
Clementi Central,male,50-54,460
Clementi North,male,50-54,880
Clementi West,male,50-54,590
Clementi Woods,male,50-54,560
Faber,male,50-54,180
Pandan,male,50-54,-
Sunset Way,male,50-54,200
Toh Tuck,male,50-54,-
West Coast,male,50-54,280
Downtown Core - Total,male,50-54,130
Anson,male,50-54,-
Bayfront Subzone,male,50-54,-
Bugis,male,50-54,30
Cecil,male,50-54,10
Central Subzone,male,50-54,40
City Hall,male,50-54,-
Clifford Pier,male,50-54,-
Marina Centre,male,50-54,-
Maxwell,male,50-54,-
Nicoll,male,50-54,10
Phillip,male,50-54,-
Raffles Place,male,50-54,-
Tanjong Pagar,male,50-54,20
Geylang - Total,male,50-54,3990
Aljunied,male,50-54,1500
Geylang East,male,50-54,1000
Kallang Way,male,50-54,-
Kampong Ubi,male,50-54,370
Macpherson,male,50-54,1120
Hougang - Total,male,50-54,7930
Defu Industrial Park,male,50-54,-
Hougang Central,male,50-54,190
Hougang East,male,50-54,710
Hougang West,male,50-54,1520
Kangkar,male,50-54,1060
Kovan,male,50-54,820
Lorong Ah Soo,male,50-54,1160
Lorong Halus,male,50-54,-
Tai Seng,male,50-54,460
Trafalgar,male,50-54,2000
Jurong East - Total,male,50-54,2810
International Business Park,male,50-54,-
Jurong Gateway,male,50-54,20
Jurong Port,male,50-54,-
Jurong River,male,50-54,-
Lakeside (Business),male,50-54,-
Lakeside (Leisure),male,50-54,40
Penjuru Crescent,male,50-54,-
Teban Gardens,male,50-54,650
Toh Guan,male,50-54,520
Yuhua East,male,50-54,850
Yuhua West,male,50-54,740
Jurong West - Total,male,50-54,10370
Boon Lay Place,male,50-54,1220
Chin Bee,male,50-54,-
Hong Kah,male,50-54,2030
Jurong West Central,male,50-54,2420
Kian Teck,male,50-54,-
Safti,male,50-54,-
Taman Jurong,male,50-54,1700
Wenya,male,50-54,310
Yunnan,male,50-54,2680
Kallang - Total,male,50-54,3820
Bendemeer,male,50-54,1200
Boon Keng,male,50-54,440
Crawford,male,50-54,360
Geylang Bahru,male,50-54,500
Kallang Bahru,male,50-54,-
Kampong Bugis,male,50-54,30
Kampong Java,male,50-54,390
Lavender,male,50-54,400
Tanjong Rhu,male,50-54,500
Lim Chu Kang - Total,male,50-54,-
Lim Chu Kang,male,50-54,-
Mandai - Total,male,50-54,70
Mandai East,male,50-54,-
Mandai Estate,male,50-54,70
Mandai West,male,50-54,-
Marina East - Total,male,50-54,-
Marina East,male,50-54,-
Marina South - Total,male,50-54,-
Marina South,male,50-54,-
Marine Parade - Total,male,50-54,1710
East Coast,male,50-54,-
Katong,male,50-54,370
Marina East (Mp),male,50-54,-
Marine Parade,male,50-54,970
Mountbatten,male,50-54,360
Museum - Total,male,50-54,20
Bras Basah,male,50-54,-
Dhoby Ghaut,male,50-54,10
Fort Canning,male,50-54,10
Newton - Total,male,50-54,350
Cairnhill,male,50-54,160
Goodwood Park,male,50-54,50
Istana Negara,male,50-54,-
Monk's Hill,male,50-54,50
Newton Circus,male,50-54,20
Orange Grove,male,50-54,80
North-Eastern Islands - Total,male,50-54,-
North-Eastern Islands,male,50-54,-
Novena - Total,male,50-54,1800
Balestier,male,50-54,1190
Dunearn,male,50-54,170
Malcolm,male,50-54,100
Moulmein,male,50-54,330
Mount Pleasant,male,50-54,20
Orchard - Total,male,50-54,30
Boulevard,male,50-54,10
Somerset,male,50-54,10
Tanglin,male,50-54,20
Outram - Total,male,50-54,640
China Square,male,50-54,40
Chinatown,male,50-54,350
Pearl's Hill,male,50-54,240
People's Park,male,50-54,10
Pasir Ris - Total,male,50-54,5800
Flora Drive,male,50-54,590
Loyang East,male,50-54,80
Loyang West,male,50-54,-
Pasir Ris Central,male,50-54,1150
Pasir Ris Drive,male,50-54,2040
Pasir Ris Park,male,50-54,320
Pasir Ris Wafer Fab Park,male,50-54,-
Pasir Ris West,male,50-54,1620
Paya Lebar - Total,male,50-54,-
Airport Road,male,50-54,-
Paya Lebar East,male,50-54,-
Paya Lebar North,male,50-54,-
Paya Lebar West,male,50-54,-
Plab,male,50-54,-
Pioneer - Total,male,50-54,-
Benoi Sector,male,50-54,-
Gul Basin,male,50-54,-
Gul Circle,male,50-54,-
Joo Koon,male,50-54,-
Pioneer Sector,male,50-54,-
Punggol - Total,male,50-54,4840
Coney Island,male,50-54,-
Matilda,male,50-54,1360
Northshore,male,50-54,20
Punggol Canal,male,50-54,-
Punggol Field,male,50-54,1750
Punggol Town Centre,male,50-54,480
Waterway East,male,50-54,1230
Queenstown - Total,male,50-54,3280
Commonwealth,male,50-54,280
Dover,male,50-54,440
Ghim Moh,male,50-54,380
Holland Drive,male,50-54,450
Kent Ridge,male,50-54,-
Margaret Drive,male,50-54,430
Mei Chin,male,50-54,580
National University Of S'pore,male,50-54,-
One North,male,50-54,50
Pasir Panjang 1,male,50-54,160
Pasir Panjang 2,male,50-54,120
Port,male,50-54,-
Queensway,male,50-54,10
Singapore Polytechnic,male,50-54,-
Tanglin Halt,male,50-54,380
River Valley - Total,male,50-54,450
Institution Hill,male,50-54,110
Leonie Hill,male,50-54,160
One Tree Hill,male,50-54,110
Oxley,male,50-54,60
Paterson,male,50-54,10
Rochor - Total,male,50-54,470
Bencoolen,male,50-54,60
Farrer Park,male,50-54,110
Kampong Glam,male,50-54,-
Little India,male,50-54,120
Mackenzie,male,50-54,-
Mount Emily,male,50-54,50
Rochor Canal,male,50-54,-
Selegie,male,50-54,10
Sungei Road,male,50-54,60
Victoria,male,50-54,60
Seletar - Total,male,50-54,20
Pulau Punggol Barat,male,50-54,-
Pulau Punggol Timor,male,50-54,-
Seletar,male,50-54,20
Seletar Aerospace Park,male,50-54,-
Sembawang - Total,male,50-54,3740
Admiralty,male,50-54,480
Sembawang Central,male,50-54,1340
Sembawang East,male,50-54,500
Sembawang North,male,50-54,1020
Sembawang Springs,male,50-54,320
Sembawang Straits,male,50-54,80
Senoko North,male,50-54,-
Senoko South,male,50-54,-
The Wharves,male,50-54,-
Sengkang - Total,male,50-54,8260
Anchorvale,male,50-54,1470
Compassvale,male,50-54,500
Fernvale,male,50-54,1780
Lorong Halus North,male,50-54,-
Rivervale,male,50-54,2290
Sengkang Town Centre,male,50-54,2230
Sengkang West,male,50-54,-
Serangoon - Total,male,50-54,3900
Lorong Chuan,male,50-54,330
Seletar Hills,male,50-54,500
Serangoon Central,male,50-54,770
Serangoon Garden,male,50-54,1200
Serangoon North,male,50-54,580
Serangoon North Ind Estate,male,50-54,-
Upper Paya Lebar,male,50-54,530
Simpang - Total,male,50-54,-
Pulau Seletar,male,50-54,-
Simpang North,male,50-54,-
Simpang South,male,50-54,-
Tanjong Irau,male,50-54,-
Singapore River - Total,male,50-54,140
Boat Quay,male,50-54,10
Clarke Quay,male,50-54,10
Robertson Quay,male,50-54,130
Southern Islands - Total,male,50-54,110
Sentosa,male,50-54,110
Southern Group,male,50-54,-
Straits View - Total,male,50-54,-
Straits View,male,50-54,-
Sungei Kadut - Total,male,50-54,30
Gali Batu,male,50-54,-
Kranji,male,50-54,-
Pang Sua,male,50-54,-
Reservoir View,male,50-54,-
Turf Club,male,50-54,30
Tampines - Total,male,50-54,8700
Simei,male,50-54,1360
Tampines East,male,50-54,4460
Tampines North,male,50-54,150
Tampines West,male,50-54,2680
Xilin,male,50-54,50
Tanglin - Total,male,50-54,870
Chatsworth,male,50-54,300
Nassim,male,50-54,360
Ridout,male,50-54,50
Tyersall,male,50-54,170
Tengah - Total,male,50-54,-
Brickland,male,50-54,-
Forest Hill,male,50-54,-
Garden,male,50-54,-
Park,male,50-54,-
Plantation,male,50-54,-
Tengah Industrial Estate,male,50-54,-
Toa Payoh - Total,male,50-54,4250
Bidadari,male,50-54,-
Boon Teck,male,50-54,520
Braddell,male,50-54,330
Joo Seng,male,50-54,270
Kim Keat,male,50-54,290
Lorong 8 Toa Payoh,male,50-54,270
Pei Chun,male,50-54,430
Potong Pasir,male,50-54,390
Sennett,male,50-54,180
Toa Payoh Central,male,50-54,1000
Toa Payoh West,male,50-54,460
Woodleigh,male,50-54,110
Tuas - Total,male,50-54,-
Tengeh,male,50-54,-
Tuas Bay,male,50-54,-
Tuas North,male,50-54,-
Tuas Promenade,male,50-54,-
Tuas View,male,50-54,-
Tuas View Extension,male,50-54,-
Western Islands - Total,male,50-54,-
Jurong Island And Bukom,male,50-54,-
Semakau,male,50-54,-
Sudong,male,50-54,-
Western Water Catchment - Total,male,50-54,20
Bahar,male,50-54,-
Cleantech,male,50-54,-
Murai,male,50-54,20
Woodlands - Total,male,50-54,10680
Greenwood Park,male,50-54,-
Midview,male,50-54,1550
North Coast,male,50-54,540
Senoko West,male,50-54,-
Woodgrove,male,50-54,1540
Woodlands East,male,50-54,4090
Woodlands Regional Centre,male,50-54,-
Woodlands South,male,50-54,1640
Woodlands West,male,50-54,1330
Yishun - Total,male,50-54,7520
Khatib,male,50-54,330
Lower Seletar,male,50-54,470
Nee Soon,male,50-54,40
Northland,male,50-54,1030
Springleaf,male,50-54,130
Yishun Central,male,50-54,90
Yishun East,male,50-54,1880
Yishun South,male,50-54,1330
Yishun West,male,50-54,2240
Total,male,55-59,152960
Ang Mo Kio - Total,male,55-59,6330
Ang Mo Kio Town Centre,male,55-59,160
Cheng San,male,55-59,1060
Chong Boon,male,55-59,1050
Kebun Bahru,male,55-59,930
Sembawang Hills,male,55-59,260
Shangri-La,male,55-59,730
Tagore,male,55-59,300
Townsville,male,55-59,760
Yio Chu Kang,male,55-59,-
Yio Chu Kang East,male,55-59,150
Yio Chu Kang North,male,55-59,-
Yio Chu Kang West,male,55-59,940
Bedok - Total,male,55-59,10760
Bayshore,male,55-59,280
Bedok North,male,55-59,3500
Bedok Reservoir,male,55-59,930
Bedok South,male,55-59,1800
Frankel,male,55-59,1090
Kaki Bukit,male,55-59,1510
Kembangan,male,55-59,1450
Siglap,male,55-59,210
Bishan - Total,male,55-59,3170
Bishan East,male,55-59,910
Marymount,male,55-59,1170
Upper Thomson,male,55-59,1080
Boon Lay - Total,male,55-59,-
Liu Fang,male,55-59,-
Samulun,male,55-59,-
Shipyard,male,55-59,-
Tukang,male,55-59,-
Bukit Batok - Total,male,55-59,6230
Brickworks,male,55-59,440
Bukit Batok Central,male,55-59,1000
Bukit Batok East,male,55-59,550
Bukit Batok South,male,55-59,610
Bukit Batok West,male,55-59,600
Gombak,male,55-59,350
Guilin,male,55-59,570
Hillview,male,55-59,950
Hong Kah North,male,55-59,1160
Bukit Merah - Total,male,55-59,5470
Alexandra Hill,male,55-59,550
Alexandra North,male,55-59,60
Bukit Ho Swee,male,55-59,590
Bukit Merah,male,55-59,50
City Terminals,male,55-59,-
Depot Road,male,55-59,190
Everton Park,male,55-59,250
Henderson Hill,male,55-59,550
Kampong Tiong Bahru,male,55-59,380
Maritime Square,male,55-59,140
Redhill,male,55-59,390
Singapore General Hospital,male,55-59,-
Telok Blangah Drive,male,55-59,620
Telok Blangah Rise,male,55-59,440
Telok Blangah Way,male,55-59,400
Tiong Bahru,male,55-59,340
Tiong Bahru Station,male,55-59,520
Bukit Panjang - Total,male,55-59,5470
Bangkit,male,55-59,1060
Dairy Farm,male,55-59,270
Fajar,male,55-59,1060
Jelebu,male,55-59,1340
Nature Reserve,male,55-59,170
Saujana,male,55-59,930
Senja,male,55-59,640
Bukit Timah - Total,male,55-59,2510
Anak Bukit,male,55-59,730
Coronation Road,male,55-59,190
Farrer Court,male,55-59,190
Hillcrest,male,55-59,310
Holland Road,male,55-59,330
Leedon Park,male,55-59,220
Swiss Club,male,55-59,160
Ulu Pandan,male,55-59,380
Central Water Catchment - Total,male,55-59,-
Central Water Catchment,male,55-59,-
Changi- Total,male,55-59,50
Changi Airport,male,55-59,-
Changi Point,male,55-59,30
Changi West,male,55-59,10
Changi Bay - Total,male,55-59,-
Changi Bay,male,55-59,-
Choa Chu Kang - Total,male,55-59,8290
Choa Chu Kang Central,male,55-59,1010
Choa Chu Kang North,male,55-59,1730
Keat Hong,male,55-59,1200
Peng Siang,male,55-59,1430
Teck Whye,male,55-59,1190
Yew Tee,male,55-59,1720
Clementi - Total,male,55-59,3180
Clementi Central,male,55-59,500
Clementi North,male,55-59,960
Clementi West,male,55-59,600
Clementi Woods,male,55-59,580
Faber,male,55-59,150
Pandan,male,55-59,-
Sunset Way,male,55-59,200
Toh Tuck,male,55-59,-
West Coast,male,55-59,190
Downtown Core - Total,male,55-59,130
Anson,male,55-59,-
Bayfront Subzone,male,55-59,-
Bugis,male,55-59,30
Cecil,male,55-59,10
Central Subzone,male,55-59,40
City Hall,male,55-59,-
Clifford Pier,male,55-59,-
Marina Centre,male,55-59,-
Maxwell,male,55-59,-
Nicoll,male,55-59,10
Phillip,male,55-59,-
Raffles Place,male,55-59,-
Tanjong Pagar,male,55-59,30
Geylang - Total,male,55-59,4450
Aljunied,male,55-59,1620
Geylang East,male,55-59,1080
Kallang Way,male,55-59,-
Kampong Ubi,male,55-59,480
Macpherson,male,55-59,1270
Hougang - Total,male,55-59,9450
Defu Industrial Park,male,55-59,-
Hougang Central,male,55-59,190
Hougang East,male,55-59,980
Hougang West,male,55-59,2150
Kangkar,male,55-59,1150
Kovan,male,55-59,950
Lorong Ah Soo,male,55-59,1270
Lorong Halus,male,55-59,-
Tai Seng,male,55-59,600
Trafalgar,male,55-59,2180
Jurong East - Total,male,55-59,3070
International Business Park,male,55-59,-
Jurong Gateway,male,55-59,10
Jurong Port,male,55-59,-
Jurong River,male,55-59,-
Lakeside (Business),male,55-59,-
Lakeside (Leisure),male,55-59,40
Penjuru Crescent,male,55-59,-
Teban Gardens,male,55-59,720
Toh Guan,male,55-59,610
Yuhua East,male,55-59,920
Yuhua West,male,55-59,770
Jurong West - Total,male,55-59,10130
Boon Lay Place,male,55-59,1190
Chin Bee,male,55-59,-
Hong Kah,male,55-59,2040
Jurong West Central,male,55-59,2150
Kian Teck,male,55-59,-
Safti,male,55-59,-
Taman Jurong,male,55-59,1490
Wenya,male,55-59,230
Yunnan,male,55-59,3040
Kallang - Total,male,55-59,3900
Bendemeer,male,55-59,1200
Boon Keng,male,55-59,470
Crawford,male,55-59,490
Geylang Bahru,male,55-59,520
Kallang Bahru,male,55-59,-
Kampong Bugis,male,55-59,30
Kampong Java,male,55-59,390
Lavender,male,55-59,390
Tanjong Rhu,male,55-59,410
Lim Chu Kang - Total,male,55-59,10
Lim Chu Kang,male,55-59,10
Mandai - Total,male,55-59,90
Mandai East,male,55-59,-
Mandai Estate,male,55-59,90
Mandai West,male,55-59,-
Marina East - Total,male,55-59,-
Marina East,male,55-59,-
Marina South - Total,male,55-59,-
Marina South,male,55-59,-
Marine Parade - Total,male,55-59,1590
East Coast,male,55-59,-
Katong,male,55-59,320
Marina East (Mp),male,55-59,-
Marine Parade,male,55-59,900
Mountbatten,male,55-59,370
Museum - Total,male,55-59,20
Bras Basah,male,55-59,-
Dhoby Ghaut,male,55-59,10
Fort Canning,male,55-59,10
Newton - Total,male,55-59,310
Cairnhill,male,55-59,140
Goodwood Park,male,55-59,50
Istana Negara,male,55-59,-
Monk's Hill,male,55-59,30
Newton Circus,male,55-59,10
Orange Grove,male,55-59,80
North-Eastern Islands - Total,male,55-59,-
North-Eastern Islands,male,55-59,-
Novena - Total,male,55-59,1690
Balestier,male,55-59,1160
Dunearn,male,55-59,140
Malcolm,male,55-59,100
Moulmein,male,55-59,260
Mount Pleasant,male,55-59,30
Orchard - Total,male,55-59,30
Boulevard,male,55-59,10
Somerset,male,55-59,-
Tanglin,male,55-59,10
Outram - Total,male,55-59,800
China Square,male,55-59,70
Chinatown,male,55-59,390
Pearl's Hill,male,55-59,340
People's Park,male,55-59,-
Pasir Ris - Total,male,55-59,7090
Flora Drive,male,55-59,610
Loyang East,male,55-59,80
Loyang West,male,55-59,-
Pasir Ris Central,male,55-59,1440
Pasir Ris Drive,male,55-59,2890
Pasir Ris Park,male,55-59,260
Pasir Ris Wafer Fab Park,male,55-59,-
Pasir Ris West,male,55-59,1810
Paya Lebar - Total,male,55-59,-
Airport Road,male,55-59,-
Paya Lebar East,male,55-59,-
Paya Lebar North,male,55-59,-
Paya Lebar West,male,55-59,-
Plab,male,55-59,-
Pioneer - Total,male,55-59,-
Benoi Sector,male,55-59,-
Gul Basin,male,55-59,-
Gul Circle,male,55-59,-
Joo Koon,male,55-59,-
Pioneer Sector,male,55-59,-
Punggol - Total,male,55-59,4120
Coney Island,male,55-59,-
Matilda,male,55-59,1120
Northshore,male,55-59,20
Punggol Canal,male,55-59,-
Punggol Field,male,55-59,1510
Punggol Town Centre,male,55-59,430
Waterway East,male,55-59,1050
Queenstown - Total,male,55-59,3410
Commonwealth,male,55-59,320
Dover,male,55-59,410
Ghim Moh,male,55-59,430
Holland Drive,male,55-59,430
Kent Ridge,male,55-59,-
Margaret Drive,male,55-59,430
Mei Chin,male,55-59,640
National University Of S'pore,male,55-59,10
One North,male,55-59,30
Pasir Panjang 1,male,55-59,180
Pasir Panjang 2,male,55-59,120
Port,male,55-59,10
Queensway,male,55-59,20
Singapore Polytechnic,male,55-59,-
Tanglin Halt,male,55-59,390
River Valley - Total,male,55-59,340
Institution Hill,male,55-59,80
Leonie Hill,male,55-59,110
One Tree Hill,male,55-59,80
Oxley,male,55-59,60
Paterson,male,55-59,10
Rochor - Total,male,55-59,520
Bencoolen,male,55-59,60
Farrer Park,male,55-59,100
Kampong Glam,male,55-59,-
Little India,male,55-59,140
Mackenzie,male,55-59,-
Mount Emily,male,55-59,40
Rochor Canal,male,55-59,-
Selegie,male,55-59,10
Sungei Road,male,55-59,100
Victoria,male,55-59,80
Seletar - Total,male,55-59,10
Pulau Punggol Barat,male,55-59,-
Pulau Punggol Timor,male,55-59,-
Seletar,male,55-59,10
Seletar Aerospace Park,male,55-59,-
Sembawang - Total,male,55-59,3480
Admiralty,male,55-59,510
Sembawang Central,male,55-59,1250
Sembawang East,male,55-59,440
Sembawang North,male,55-59,920
Sembawang Springs,male,55-59,260
Sembawang Straits,male,55-59,90
Senoko North,male,55-59,-
Senoko South,male,55-59,-
The Wharves,male,55-59,-
Sengkang - Total,male,55-59,7520
Anchorvale,male,55-59,1180
Compassvale,male,55-59,460
Fernvale,male,55-59,1450
Lorong Halus North,male,55-59,-
Rivervale,male,55-59,2300
Sengkang Town Centre,male,55-59,2120
Sengkang West,male,55-59,-
Serangoon - Total,male,55-59,4380
Lorong Chuan,male,55-59,360
Seletar Hills,male,55-59,570
Serangoon Central,male,55-59,870
Serangoon Garden,male,55-59,1320
Serangoon North,male,55-59,720
Serangoon North Ind Estate,male,55-59,-
Upper Paya Lebar,male,55-59,550
Simpang - Total,male,55-59,-
Pulau Seletar,male,55-59,-
Simpang North,male,55-59,-
Simpang South,male,55-59,-
Tanjong Irau,male,55-59,-
Singapore River - Total,male,55-59,110
Boat Quay,male,55-59,10
Clarke Quay,male,55-59,10
Robertson Quay,male,55-59,100
Southern Islands - Total,male,55-59,120
Sentosa,male,55-59,120
Southern Group,male,55-59,-
Straits View - Total,male,55-59,-
Straits View,male,55-59,-
Sungei Kadut - Total,male,55-59,20
Gali Batu,male,55-59,-
Kranji,male,55-59,-
Pang Sua,male,55-59,-
Reservoir View,male,55-59,-
Turf Club,male,55-59,20
Tampines - Total,male,55-59,10260
Simei,male,55-59,1560
Tampines East,male,55-59,5420
Tampines North,male,55-59,110
Tampines West,male,55-59,3050
Xilin,male,55-59,120
Tanglin - Total,male,55-59,740
Chatsworth,male,55-59,230
Nassim,male,55-59,320
Ridout,male,55-59,60
Tyersall,male,55-59,150
Tengah - Total,male,55-59,-
Brickland,male,55-59,-
Forest Hill,male,55-59,-
Garden,male,55-59,-
Park,male,55-59,-
Plantation,male,55-59,-
Tengah Industrial Estate,male,55-59,-
Toa Payoh - Total,male,55-59,4400
Bidadari,male,55-59,-
Boon Teck,male,55-59,580
Braddell,male,55-59,360
Joo Seng,male,55-59,280
Kim Keat,male,55-59,310
Lorong 8 Toa Payoh,male,55-59,290
Pei Chun,male,55-59,440
Potong Pasir,male,55-59,410
Sennett,male,55-59,200
Toa Payoh Central,male,55-59,950
Toa Payoh West,male,55-59,510
Woodleigh,male,55-59,70
Tuas - Total,male,55-59,-
Tengeh,male,55-59,-
Tuas Bay,male,55-59,-
Tuas North,male,55-59,-
Tuas Promenade,male,55-59,-
Tuas View,male,55-59,-
Tuas View Extension,male,55-59,-
Western Islands - Total,male,55-59,-
Jurong Island And Bukom,male,55-59,-
Semakau,male,55-59,-
Sudong,male,55-59,-
Western Water Catchment - Total,male,55-59,30
Bahar,male,55-59,-
Cleantech,male,55-59,-
Murai,male,55-59,30
Woodlands - Total,male,55-59,10580
Greenwood Park,male,55-59,-
Midview,male,55-59,1600
North Coast,male,55-59,630
Senoko West,male,55-59,-
Woodgrove,male,55-59,1550
Woodlands East,male,55-59,3940
Woodlands Regional Centre,male,55-59,-
Woodlands South,male,55-59,1320
Woodlands West,male,55-59,1530
Yishun - Total,male,55-59,8730
Khatib,male,55-59,460
Lower Seletar,male,55-59,380
Nee Soon,male,55-59,50
Northland,male,55-59,1250
Springleaf,male,55-59,170
Yishun Central,male,55-59,110
Yishun East,male,55-59,2150
Yishun South,male,55-59,1760
Yishun West,male,55-59,2400
Total,male,60-64,141470
Ang Mo Kio - Total,male,60-64,6090
Ang Mo Kio Town Centre,male,60-64,140
Cheng San,male,60-64,960
Chong Boon,male,60-64,1040
Kebun Bahru,male,60-64,830
Sembawang Hills,male,60-64,250
Shangri-La,male,60-64,630
Tagore,male,60-64,350
Townsville,male,60-64,780
Yio Chu Kang,male,60-64,-
Yio Chu Kang East,male,60-64,200
Yio Chu Kang North,male,60-64,-
Yio Chu Kang West,male,60-64,910
Bedok - Total,male,60-64,10670
Bayshore,male,60-64,180
Bedok North,male,60-64,3210
Bedok Reservoir,male,60-64,870
Bedok South,male,60-64,1840
Frankel,male,60-64,1000
Kaki Bukit,male,60-64,1700
Kembangan,male,60-64,1640
Siglap,male,60-64,230
Bishan - Total,male,60-64,3450
Bishan East,male,60-64,1130
Marymount,male,60-64,1170
Upper Thomson,male,60-64,1150
Boon Lay - Total,male,60-64,-
Liu Fang,male,60-64,-
Samulun,male,60-64,-
Shipyard,male,60-64,-
Tukang,male,60-64,-
Bukit Batok - Total,male,60-64,5820
Brickworks,male,60-64,310
Bukit Batok Central,male,60-64,1030
Bukit Batok East,male,60-64,570
Bukit Batok South,male,60-64,590
Bukit Batok West,male,60-64,580
Gombak,male,60-64,300
Guilin,male,60-64,490
Hillview,male,60-64,710
Hong Kah North,male,60-64,1240
Bukit Merah - Total,male,60-64,5620
Alexandra Hill,male,60-64,570
Alexandra North,male,60-64,50
Bukit Ho Swee,male,60-64,660
Bukit Merah,male,60-64,30
City Terminals,male,60-64,-
Depot Road,male,60-64,170
Everton Park,male,60-64,270
Henderson Hill,male,60-64,590
Kampong Tiong Bahru,male,60-64,410
Maritime Square,male,60-64,100
Redhill,male,60-64,360
Singapore General Hospital,male,60-64,-
Telok Blangah Drive,male,60-64,570
Telok Blangah Rise,male,60-64,460
Telok Blangah Way,male,60-64,450
Tiong Bahru,male,60-64,380
Tiong Bahru Station,male,60-64,540
Bukit Panjang - Total,male,60-64,5290
Bangkit,male,60-64,1030
Dairy Farm,male,60-64,210
Fajar,male,60-64,940
Jelebu,male,60-64,1380
Nature Reserve,male,60-64,130
Saujana,male,60-64,950
Senja,male,60-64,650
Bukit Timah - Total,male,60-64,2370
Anak Bukit,male,60-64,820
Coronation Road,male,60-64,170
Farrer Court,male,60-64,150
Hillcrest,male,60-64,280
Holland Road,male,60-64,270
Leedon Park,male,60-64,160
Swiss Club,male,60-64,160
Ulu Pandan,male,60-64,350
Central Water Catchment - Total,male,60-64,-
Central Water Catchment,male,60-64,-
Changi- Total,male,60-64,60
Changi Airport,male,60-64,-
Changi Point,male,60-64,40
Changi West,male,60-64,20
Changi Bay - Total,male,60-64,-
Changi Bay,male,60-64,-
Choa Chu Kang - Total,male,60-64,6710
Choa Chu Kang Central,male,60-64,810
Choa Chu Kang North,male,60-64,1260
Keat Hong,male,60-64,920
Peng Siang,male,60-64,1210
Teck Whye,male,60-64,1030
Yew Tee,male,60-64,1490
Clementi - Total,male,60-64,2760
Clementi Central,male,60-64,450
Clementi North,male,60-64,800
Clementi West,male,60-64,560
Clementi Woods,male,60-64,500
Faber,male,60-64,100
Pandan,male,60-64,-
Sunset Way,male,60-64,180
Toh Tuck,male,60-64,-
West Coast,male,60-64,160
Downtown Core - Total,male,60-64,120
Anson,male,60-64,-
Bayfront Subzone,male,60-64,-
Bugis,male,60-64,40
Cecil,male,60-64,10
Central Subzone,male,60-64,20
City Hall,male,60-64,-
Clifford Pier,male,60-64,-
Marina Centre,male,60-64,-
Maxwell,male,60-64,-
Nicoll,male,60-64,20
Phillip,male,60-64,-
Raffles Place,male,60-64,-
Tanjong Pagar,male,60-64,30
Geylang - Total,male,60-64,4500
Aljunied,male,60-64,1610
Geylang East,male,60-64,1090
Kallang Way,male,60-64,-
Kampong Ubi,male,60-64,550
Macpherson,male,60-64,1250
Hougang - Total,male,60-64,9350
Defu Industrial Park,male,60-64,-
Hougang Central,male,60-64,220
Hougang East,male,60-64,940
Hougang West,male,60-64,2170
Kangkar,male,60-64,1090
Kovan,male,60-64,910
Lorong Ah Soo,male,60-64,1280
Lorong Halus,male,60-64,-
Tai Seng,male,60-64,590
Trafalgar,male,60-64,2160
Jurong East - Total,male,60-64,3280
International Business Park,male,60-64,-
Jurong Gateway,male,60-64,10
Jurong Port,male,60-64,-
Jurong River,male,60-64,-
Lakeside (Business),male,60-64,-
Lakeside (Leisure),male,60-64,60
Penjuru Crescent,male,60-64,-
Teban Gardens,male,60-64,640
Toh Guan,male,60-64,690
Yuhua East,male,60-64,1060
Yuhua West,male,60-64,830
Jurong West - Total,male,60-64,9050
Boon Lay Place,male,60-64,990
Chin Bee,male,60-64,-
Hong Kah,male,60-64,2050
Jurong West Central,male,60-64,2000
Kian Teck,male,60-64,-
Safti,male,60-64,-
Taman Jurong,male,60-64,1290
Wenya,male,60-64,190
Yunnan,male,60-64,2520
Kallang - Total,male,60-64,4100
Bendemeer,male,60-64,1320
Boon Keng,male,60-64,480
Crawford,male,60-64,580
Geylang Bahru,male,60-64,500
Kallang Bahru,male,60-64,-
Kampong Bugis,male,60-64,40
Kampong Java,male,60-64,400
Lavender,male,60-64,440
Tanjong Rhu,male,60-64,350
Lim Chu Kang - Total,male,60-64,10
Lim Chu Kang,male,60-64,10
Mandai - Total,male,60-64,70
Mandai East,male,60-64,-
Mandai Estate,male,60-64,70
Mandai West,male,60-64,-
Marina East - Total,male,60-64,-
Marina East,male,60-64,-
Marina South - Total,male,60-64,-
Marina South,male,60-64,-
Marine Parade - Total,male,60-64,1500
East Coast,male,60-64,-
Katong,male,60-64,300
Marina East (Mp),male,60-64,-
Marine Parade,male,60-64,890
Mountbatten,male,60-64,320
Museum - Total,male,60-64,10
Bras Basah,male,60-64,-
Dhoby Ghaut,male,60-64,-
Fort Canning,male,60-64,10
Newton - Total,male,60-64,230
Cairnhill,male,60-64,110
Goodwood Park,male,60-64,30
Istana Negara,male,60-64,-
Monk's Hill,male,60-64,20
Newton Circus,male,60-64,-
Orange Grove,male,60-64,60
North-Eastern Islands - Total,male,60-64,-
North-Eastern Islands,male,60-64,-
Novena - Total,male,60-64,1490
Balestier,male,60-64,1080
Dunearn,male,60-64,130
Malcolm,male,60-64,90
Moulmein,male,60-64,170
Mount Pleasant,male,60-64,20
Orchard - Total,male,60-64,40
Boulevard,male,60-64,20
Somerset,male,60-64,10
Tanglin,male,60-64,10
Outram - Total,male,60-64,810
China Square,male,60-64,50
Chinatown,male,60-64,330
Pearl's Hill,male,60-64,420
People's Park,male,60-64,10
Pasir Ris - Total,male,60-64,5260
Flora Drive,male,60-64,500
Loyang East,male,60-64,100
Loyang West,male,60-64,10
Pasir Ris Central,male,60-64,1050
Pasir Ris Drive,male,60-64,2230
Pasir Ris Park,male,60-64,140
Pasir Ris Wafer Fab Park,male,60-64,-
Pasir Ris West,male,60-64,1240
Paya Lebar - Total,male,60-64,-
Airport Road,male,60-64,-
Paya Lebar East,male,60-64,-
Paya Lebar North,male,60-64,-
Paya Lebar West,male,60-64,-
Plab,male,60-64,-
Pioneer - Total,male,60-64,-
Benoi Sector,male,60-64,-
Gul Basin,male,60-64,-
Gul Circle,male,60-64,-
Joo Koon,male,60-64,-
Pioneer Sector,male,60-64,-
Punggol - Total,male,60-64,3030
Coney Island,male,60-64,-
Matilda,male,60-64,790
Northshore,male,60-64,20
Punggol Canal,male,60-64,-
Punggol Field,male,60-64,1240
Punggol Town Centre,male,60-64,280
Waterway East,male,60-64,700
Queenstown - Total,male,60-64,2920
Commonwealth,male,60-64,280
Dover,male,60-64,320
Ghim Moh,male,60-64,350
Holland Drive,male,60-64,390
Kent Ridge,male,60-64,-
Margaret Drive,male,60-64,380
Mei Chin,male,60-64,600
National University Of S'pore,male,60-64,-
One North,male,60-64,10
Pasir Panjang 1,male,60-64,140
Pasir Panjang 2,male,60-64,100
Port,male,60-64,10
Queensway,male,60-64,10
Singapore Polytechnic,male,60-64,-
Tanglin Halt,male,60-64,340
River Valley - Total,male,60-64,280
Institution Hill,male,60-64,50
Leonie Hill,male,60-64,100
One Tree Hill,male,60-64,80
Oxley,male,60-64,40
Paterson,male,60-64,10
Rochor - Total,male,60-64,530
Bencoolen,male,60-64,70
Farrer Park,male,60-64,100
Kampong Glam,male,60-64,-
Little India,male,60-64,160
Mackenzie,male,60-64,-
Mount Emily,male,60-64,40
Rochor Canal,male,60-64,-
Selegie,male,60-64,10
Sungei Road,male,60-64,90
Victoria,male,60-64,70
Seletar - Total,male,60-64,10
Pulau Punggol Barat,male,60-64,-
Pulau Punggol Timor,male,60-64,-
Seletar,male,60-64,-
Seletar Aerospace Park,male,60-64,-
Sembawang - Total,male,60-64,2840
Admiralty,male,60-64,430
Sembawang Central,male,60-64,1070
Sembawang East,male,60-64,290
Sembawang North,male,60-64,810
Sembawang Springs,male,60-64,160
Sembawang Straits,male,60-64,70
Senoko North,male,60-64,-
Senoko South,male,60-64,-
The Wharves,male,60-64,-
Sengkang - Total,male,60-64,6690
Anchorvale,male,60-64,1100
Compassvale,male,60-64,370
Fernvale,male,60-64,1170
Lorong Halus North,male,60-64,-
Rivervale,male,60-64,2130
Sengkang Town Centre,male,60-64,1920
Sengkang West,male,60-64,-
Serangoon - Total,male,60-64,4800
Lorong Chuan,male,60-64,320
Seletar Hills,male,60-64,570
Serangoon Central,male,60-64,1070
Serangoon Garden,male,60-64,1530
Serangoon North,male,60-64,670
Serangoon North Ind Estate,male,60-64,-
Upper Paya Lebar,male,60-64,650
Simpang - Total,male,60-64,-
Pulau Seletar,male,60-64,-
Simpang North,male,60-64,-
Simpang South,male,60-64,-
Tanjong Irau,male,60-64,-
Singapore River - Total,male,60-64,70
Boat Quay,male,60-64,-
Clarke Quay,male,60-64,-
Robertson Quay,male,60-64,60
Southern Islands - Total,male,60-64,80
Sentosa,male,60-64,80
Southern Group,male,60-64,-
Straits View - Total,male,60-64,-
Straits View,male,60-64,-
Sungei Kadut - Total,male,60-64,30
Gali Batu,male,60-64,-
Kranji,male,60-64,-
Pang Sua,male,60-64,-
Reservoir View,male,60-64,-
Turf Club,male,60-64,30
Tampines - Total,male,60-64,10350
Simei,male,60-64,1560
Tampines East,male,60-64,5460
Tampines North,male,60-64,120
Tampines West,male,60-64,3110
Xilin,male,60-64,100
Tanglin - Total,male,60-64,600
Chatsworth,male,60-64,170
Nassim,male,60-64,260
Ridout,male,60-64,50
Tyersall,male,60-64,120
Tengah - Total,male,60-64,-
Brickland,male,60-64,-
Forest Hill,male,60-64,-
Garden,male,60-64,-
Park,male,60-64,-
Plantation,male,60-64,-
Tengah Industrial Estate,male,60-64,-
Toa Payoh - Total,male,60-64,4540
Bidadari,male,60-64,-
Boon Teck,male,60-64,660
Braddell,male,60-64,350
Joo Seng,male,60-64,270
Kim Keat,male,60-64,380
Lorong 8 Toa Payoh,male,60-64,310
Pei Chun,male,60-64,440
Potong Pasir,male,60-64,420
Sennett,male,60-64,190
Toa Payoh Central,male,60-64,950
Toa Payoh West,male,60-64,490
Woodleigh,male,60-64,90
Tuas - Total,male,60-64,-
Tengeh,male,60-64,-
Tuas Bay,male,60-64,-
Tuas North,male,60-64,-
Tuas Promenade,male,60-64,-
Tuas View,male,60-64,-
Tuas View Extension,male,60-64,-
Western Islands - Total,male,60-64,-
Jurong Island And Bukom,male,60-64,-
Semakau,male,60-64,-
Sudong,male,60-64,-
Western Water Catchment - Total,male,60-64,30
Bahar,male,60-64,-
Cleantech,male,60-64,-
Murai,male,60-64,30
Woodlands - Total,male,60-64,8290
Greenwood Park,male,60-64,-
Midview,male,60-64,1090
North Coast,male,60-64,540
Senoko West,male,60-64,-
Woodgrove,male,60-64,1190
Woodlands East,male,60-64,3020
Woodlands Regional Centre,male,60-64,-
Woodlands South,male,60-64,1020
Woodlands West,male,60-64,1430
Yishun - Total,male,60-64,7740
Khatib,male,60-64,520
Lower Seletar,male,60-64,250
Nee Soon,male,60-64,30
Northland,male,60-64,1240
Springleaf,male,60-64,190
Yishun Central,male,60-64,80
Yishun East,male,60-64,1690
Yishun South,male,60-64,1570
Yishun West,male,60-64,2180
Total,male,65-69,112610
Ang Mo Kio - Total,male,65-69,5480
Ang Mo Kio Town Centre,male,65-69,110
Cheng San,male,65-69,960
Chong Boon,male,65-69,970
Kebun Bahru,male,65-69,790
Sembawang Hills,male,65-69,190
Shangri-La,male,65-69,570
Tagore,male,65-69,280
Townsville,male,65-69,660
Yio Chu Kang,male,65-69,-
Yio Chu Kang East,male,65-69,120
Yio Chu Kang North,male,65-69,-
Yio Chu Kang West,male,65-69,820
Bedok - Total,male,65-69,9140
Bayshore,male,65-69,180
Bedok North,male,65-69,2760
Bedok Reservoir,male,65-69,760
Bedok South,male,65-69,1600
Frankel,male,65-69,910
Kaki Bukit,male,65-69,1340
Kembangan,male,65-69,1400
Siglap,male,65-69,190
Bishan - Total,male,65-69,2830
Bishan East,male,65-69,980
Marymount,male,65-69,880
Upper Thomson,male,65-69,970
Boon Lay - Total,male,65-69,-
Liu Fang,male,65-69,-
Samulun,male,65-69,-
Shipyard,male,65-69,-
Tukang,male,65-69,-
Bukit Batok - Total,male,65-69,4690
Brickworks,male,65-69,210
Bukit Batok Central,male,65-69,870
Bukit Batok East,male,65-69,540
Bukit Batok South,male,65-69,450
Bukit Batok West,male,65-69,520
Gombak,male,65-69,270
Guilin,male,65-69,350
Hillview,male,65-69,550
Hong Kah North,male,65-69,940
Bukit Merah - Total,male,65-69,4800
Alexandra Hill,male,65-69,500
Alexandra North,male,65-69,30
Bukit Ho Swee,male,65-69,560
Bukit Merah,male,65-69,40
City Terminals,male,65-69,-
Depot Road,male,65-69,130
Everton Park,male,65-69,280
Henderson Hill,male,65-69,470
Kampong Tiong Bahru,male,65-69,400
Maritime Square,male,65-69,70
Redhill,male,65-69,260
Singapore General Hospital,male,65-69,-
Telok Blangah Drive,male,65-69,500
Telok Blangah Rise,male,65-69,500
Telok Blangah Way,male,65-69,360
Tiong Bahru,male,65-69,340
Tiong Bahru Station,male,65-69,350
Bukit Panjang - Total,male,65-69,3720
Bangkit,male,65-69,710
Dairy Farm,male,65-69,160
Fajar,male,65-69,710
Jelebu,male,65-69,980
Nature Reserve,male,65-69,90
Saujana,male,65-69,630
Senja,male,65-69,440
Bukit Timah - Total,male,65-69,2010
Anak Bukit,male,65-69,680
Coronation Road,male,65-69,160
Farrer Court,male,65-69,100
Hillcrest,male,65-69,180
Holland Road,male,65-69,240
Leedon Park,male,65-69,180
Swiss Club,male,65-69,140
Ulu Pandan,male,65-69,330
Central Water Catchment - Total,male,65-69,-
Central Water Catchment,male,65-69,-
Changi- Total,male,65-69,40
Changi Airport,male,65-69,-
Changi Point,male,65-69,30
Changi West,male,65-69,10
Changi Bay - Total,male,65-69,-
Changi Bay,male,65-69,-
Choa Chu Kang - Total,male,65-69,4470
Choa Chu Kang Central,male,65-69,520
Choa Chu Kang North,male,65-69,730
Keat Hong,male,65-69,600
Peng Siang,male,65-69,880
Teck Whye,male,65-69,800
Yew Tee,male,65-69,940
Clementi - Total,male,65-69,2710
Clementi Central,male,65-69,400
Clementi North,male,65-69,830
Clementi West,male,65-69,540
Clementi Woods,male,65-69,480
Faber,male,65-69,110
Pandan,male,65-69,-
Sunset Way,male,65-69,200
Toh Tuck,male,65-69,-
West Coast,male,65-69,150
Downtown Core - Total,male,65-69,70
Anson,male,65-69,-
Bayfront Subzone,male,65-69,-
Bugis,male,65-69,30
Cecil,male,65-69,-
Central Subzone,male,65-69,10
City Hall,male,65-69,-
Clifford Pier,male,65-69,-
Marina Centre,male,65-69,-
Maxwell,male,65-69,-
Nicoll,male,65-69,10
Phillip,male,65-69,-
Raffles Place,male,65-69,-
Tanjong Pagar,male,65-69,10
Geylang - Total,male,65-69,3610
Aljunied,male,65-69,1290
Geylang East,male,65-69,950
Kallang Way,male,65-69,-
Kampong Ubi,male,65-69,430
Macpherson,male,65-69,950
Hougang - Total,male,65-69,7340
Defu Industrial Park,male,65-69,-
Hougang Central,male,65-69,170
Hougang East,male,65-69,680
Hougang West,male,65-69,1680
Kangkar,male,65-69,880
Kovan,male,65-69,780
Lorong Ah Soo,male,65-69,1090
Lorong Halus,male,65-69,-
Tai Seng,male,65-69,500
Trafalgar,male,65-69,1560
Jurong East - Total,male,65-69,2960
International Business Park,male,65-69,-
Jurong Gateway,male,65-69,10
Jurong Port,male,65-69,-
Jurong River,male,65-69,-
Lakeside (Business),male,65-69,-
Lakeside (Leisure),male,65-69,70
Penjuru Crescent,male,65-69,-
Teban Gardens,male,65-69,660
Toh Guan,male,65-69,530
Yuhua East,male,65-69,970
Yuhua West,male,65-69,730
Jurong West - Total,male,65-69,7270
Boon Lay Place,male,65-69,720
Chin Bee,male,65-69,-
Hong Kah,male,65-69,1900
Jurong West Central,male,65-69,1620
Kian Teck,male,65-69,-
Safti,male,65-69,-
Taman Jurong,male,65-69,1010
Wenya,male,65-69,180
Yunnan,male,65-69,1830
Kallang - Total,male,65-69,3450
Bendemeer,male,65-69,1180
Boon Keng,male,65-69,400
Crawford,male,65-69,460
Geylang Bahru,male,65-69,390
Kallang Bahru,male,65-69,-
Kampong Bugis,male,65-69,40
Kampong Java,male,65-69,330
Lavender,male,65-69,370
Tanjong Rhu,male,65-69,280
Lim Chu Kang - Total,male,65-69,10
Lim Chu Kang,male,65-69,10
Mandai - Total,male,65-69,50
Mandai East,male,65-69,-
Mandai Estate,male,65-69,50
Mandai West,male,65-69,-
Marina East - Total,male,65-69,-
Marina East,male,65-69,-
Marina South - Total,male,65-69,-
Marina South,male,65-69,-
Marine Parade - Total,male,65-69,1160
East Coast,male,65-69,-
Katong,male,65-69,240
Marina East (Mp),male,65-69,-
Marine Parade,male,65-69,660
Mountbatten,male,65-69,260
Museum - Total,male,65-69,10
Bras Basah,male,65-69,-
Dhoby Ghaut,male,65-69,10
Fort Canning,male,65-69,-
Newton - Total,male,65-69,200
Cairnhill,male,65-69,90
Goodwood Park,male,65-69,30
Istana Negara,male,65-69,-
Monk's Hill,male,65-69,20
Newton Circus,male,65-69,-
Orange Grove,male,65-69,60
North-Eastern Islands - Total,male,65-69,-
North-Eastern Islands,male,65-69,-
Novena - Total,male,65-69,1280
Balestier,male,65-69,910
Dunearn,male,65-69,100
Malcolm,male,65-69,80
Moulmein,male,65-69,170
Mount Pleasant,male,65-69,30
Orchard - Total,male,65-69,20
Boulevard,male,65-69,20
Somerset,male,65-69,-
Tanglin,male,65-69,10
Outram - Total,male,65-69,730
China Square,male,65-69,80
Chinatown,male,65-69,280
Pearl's Hill,male,65-69,360
People's Park,male,65-69,20
Pasir Ris - Total,male,65-69,3530
Flora Drive,male,65-69,370
Loyang East,male,65-69,100
Loyang West,male,65-69,10
Pasir Ris Central,male,65-69,690
Pasir Ris Drive,male,65-69,1510
Pasir Ris Park,male,65-69,90
Pasir Ris Wafer Fab Park,male,65-69,-
Pasir Ris West,male,65-69,760
Paya Lebar - Total,male,65-69,-
Airport Road,male,65-69,-
Paya Lebar East,male,65-69,-
Paya Lebar North,male,65-69,-
Paya Lebar West,male,65-69,-
Plab,male,65-69,-
Pioneer - Total,male,65-69,-
Benoi Sector,male,65-69,-
Gul Basin,male,65-69,-
Gul Circle,male,65-69,-
Joo Koon,male,65-69,-
Pioneer Sector,male,65-69,-
Punggol - Total,male,65-69,2490
Coney Island,male,65-69,-
Matilda,male,65-69,700
Northshore,male,65-69,10
Punggol Canal,male,65-69,-
Punggol Field,male,65-69,930
Punggol Town Centre,male,65-69,230
Waterway East,male,65-69,620
Queenstown - Total,male,65-69,2600
Commonwealth,male,65-69,220
Dover,male,65-69,270
Ghim Moh,male,65-69,340
Holland Drive,male,65-69,350
Kent Ridge,male,65-69,-
Margaret Drive,male,65-69,310
Mei Chin,male,65-69,520
National University Of S'pore,male,65-69,-
One North,male,65-69,10
Pasir Panjang 1,male,65-69,120
Pasir Panjang 2,male,65-69,150
Port,male,65-69,-
Queensway,male,65-69,10
Singapore Polytechnic,male,65-69,-
Tanglin Halt,male,65-69,290
River Valley - Total,male,65-69,230
Institution Hill,male,65-69,70
Leonie Hill,male,65-69,70
One Tree Hill,male,65-69,60
Oxley,male,65-69,30
Paterson,male,65-69,10
Rochor - Total,male,65-69,440
Bencoolen,male,65-69,40
Farrer Park,male,65-69,90
Kampong Glam,male,65-69,10
Little India,male,65-69,130
Mackenzie,male,65-69,-
Mount Emily,male,65-69,30
Rochor Canal,male,65-69,-
Selegie,male,65-69,10
Sungei Road,male,65-69,70
Victoria,male,65-69,70
Seletar - Total,male,65-69,10
Pulau Punggol Barat,male,65-69,-
Pulau Punggol Timor,male,65-69,-
Seletar,male,65-69,10
Seletar Aerospace Park,male,65-69,-
Sembawang - Total,male,65-69,1920
Admiralty,male,65-69,260
Sembawang Central,male,65-69,730
Sembawang East,male,65-69,190
Sembawang North,male,65-69,570
Sembawang Springs,male,65-69,140
Sembawang Straits,male,65-69,40
Senoko North,male,65-69,-
Senoko South,male,65-69,-
The Wharves,male,65-69,-
Sengkang - Total,male,65-69,4950
Anchorvale,male,65-69,820
Compassvale,male,65-69,340
Fernvale,male,65-69,880
Lorong Halus North,male,65-69,-
Rivervale,male,65-69,1540
Sengkang Town Centre,male,65-69,1370
Sengkang West,male,65-69,-
Serangoon - Total,male,65-69,4140
Lorong Chuan,male,65-69,240
Seletar Hills,male,65-69,510
Serangoon Central,male,65-69,960
Serangoon Garden,male,65-69,1390
Serangoon North,male,65-69,500
Serangoon North Ind Estate,male,65-69,-
Upper Paya Lebar,male,65-69,540
Simpang - Total,male,65-69,-
Pulau Seletar,male,65-69,-
Simpang North,male,65-69,-
Simpang South,male,65-69,-
Tanjong Irau,male,65-69,-
Singapore River - Total,male,65-69,50
Boat Quay,male,65-69,-
Clarke Quay,male,65-69,-
Robertson Quay,male,65-69,40
Southern Islands - Total,male,65-69,40
Sentosa,male,65-69,40
Southern Group,male,65-69,-
Straits View - Total,male,65-69,-
Straits View,male,65-69,-
Sungei Kadut - Total,male,65-69,30
Gali Batu,male,65-69,-
Kranji,male,65-69,-
Pang Sua,male,65-69,-
Reservoir View,male,65-69,-
Turf Club,male,65-69,20
Tampines - Total,male,65-69,8230
Simei,male,65-69,1240
Tampines East,male,65-69,4330
Tampines North,male,65-69,120
Tampines West,male,65-69,2480
Xilin,male,65-69,60
Tanglin - Total,male,65-69,530
Chatsworth,male,65-69,150
Nassim,male,65-69,240
Ridout,male,65-69,40
Tyersall,male,65-69,100
Tengah - Total,male,65-69,-
Brickland,male,65-69,-
Forest Hill,male,65-69,-
Garden,male,65-69,-
Park,male,65-69,-
Plantation,male,65-69,-
Tengah Industrial Estate,male,65-69,-
Toa Payoh - Total,male,65-69,3740
Bidadari,male,65-69,-
Boon Teck,male,65-69,510
Braddell,male,65-69,310
Joo Seng,male,65-69,220
Kim Keat,male,65-69,300
Lorong 8 Toa Payoh,male,65-69,240
Pei Chun,male,65-69,330
Potong Pasir,male,65-69,450
Sennett,male,65-69,180
Toa Payoh Central,male,65-69,700
Toa Payoh West,male,65-69,420
Woodleigh,male,65-69,70
Tuas - Total,male,65-69,-
Tengeh,male,65-69,-
Tuas Bay,male,65-69,-
Tuas North,male,65-69,-
Tuas Promenade,male,65-69,-
Tuas View,male,65-69,-
Tuas View Extension,male,65-69,-
Western Islands - Total,male,65-69,-
Jurong Island And Bukom,male,65-69,-
Semakau,male,65-69,-
Sudong,male,65-69,-
Western Water Catchment - Total,male,65-69,10
Bahar,male,65-69,-
Cleantech,male,65-69,-
Murai,male,65-69,10
Woodlands - Total,male,65-69,5590
Greenwood Park,male,65-69,-
Midview,male,65-69,750
North Coast,male,65-69,400
Senoko West,male,65-69,-
Woodgrove,male,65-69,800
Woodlands East,male,65-69,1860
Woodlands Regional Centre,male,65-69,-
Woodlands South,male,65-69,780
Woodlands West,male,65-69,1010
Yishun - Total,male,65-69,6050
Khatib,male,65-69,370
Lower Seletar,male,65-69,170
Nee Soon,male,65-69,30
Northland,male,65-69,910
Springleaf,male,65-69,140
Yishun Central,male,65-69,80
Yishun East,male,65-69,1310
Yishun South,male,65-69,1270
Yishun West,male,65-69,1770
Total,male,70-74,80820
Ang Mo Kio - Total,male,70-74,4570
Ang Mo Kio Town Centre,male,70-74,100
Cheng San,male,70-74,820
Chong Boon,male,70-74,820
Kebun Bahru,male,70-74,640
Sembawang Hills,male,70-74,170
Shangri-La,male,70-74,410
Tagore,male,70-74,200
Townsville,male,70-74,620
Yio Chu Kang,male,70-74,-
Yio Chu Kang East,male,70-74,110
Yio Chu Kang North,male,70-74,-
Yio Chu Kang West,male,70-74,690
Bedok - Total,male,70-74,7300
Bayshore,male,70-74,150
Bedok North,male,70-74,2300
Bedok Reservoir,male,70-74,530
Bedok South,male,70-74,1330
Frankel,male,70-74,800
Kaki Bukit,male,70-74,950
Kembangan,male,70-74,1020
Siglap,male,70-74,220
Bishan - Total,male,70-74,2050
Bishan East,male,70-74,700
Marymount,male,70-74,600
Upper Thomson,male,70-74,750
Boon Lay - Total,male,70-74,-
Liu Fang,male,70-74,-
Samulun,male,70-74,-
Shipyard,male,70-74,-
Tukang,male,70-74,-
Bukit Batok - Total,male,70-74,2870
Brickworks,male,70-74,120
Bukit Batok Central,male,70-74,550
Bukit Batok East,male,70-74,300
Bukit Batok South,male,70-74,220
Bukit Batok West,male,70-74,330
Gombak,male,70-74,200
Guilin,male,70-74,230
Hillview,male,70-74,370
Hong Kah North,male,70-74,560
Bukit Merah - Total,male,70-74,4060
Alexandra Hill,male,70-74,470
Alexandra North,male,70-74,20
Bukit Ho Swee,male,70-74,430
Bukit Merah,male,70-74,40
City Terminals,male,70-74,-
Depot Road,male,70-74,140
Everton Park,male,70-74,220
Henderson Hill,male,70-74,410
Kampong Tiong Bahru,male,70-74,320
Maritime Square,male,70-74,60
Redhill,male,70-74,200
Singapore General Hospital,male,70-74,-
Telok Blangah Drive,male,70-74,470
Telok Blangah Rise,male,70-74,420
Telok Blangah Way,male,70-74,280
Tiong Bahru,male,70-74,280
Tiong Bahru Station,male,70-74,320
Bukit Panjang - Total,male,70-74,2370
Bangkit,male,70-74,460
Dairy Farm,male,70-74,110
Fajar,male,70-74,430
Jelebu,male,70-74,630
Nature Reserve,male,70-74,80
Saujana,male,70-74,380
Senja,male,70-74,300
Bukit Timah - Total,male,70-74,1760
Anak Bukit,male,70-74,510
Coronation Road,male,70-74,140
Farrer Court,male,70-74,110
Hillcrest,male,70-74,190
Holland Road,male,70-74,200
Leedon Park,male,70-74,190
Swiss Club,male,70-74,110
Ulu Pandan,male,70-74,320
Central Water Catchment - Total,male,70-74,-
Central Water Catchment,male,70-74,-
Changi- Total,male,70-74,40
Changi Airport,male,70-74,-
Changi Point,male,70-74,20
Changi West,male,70-74,10
Changi Bay - Total,male,70-74,-
Changi Bay,male,70-74,-
Choa Chu Kang - Total,male,70-74,2640
Choa Chu Kang Central,male,70-74,300
Choa Chu Kang North,male,70-74,430
Keat Hong,male,70-74,350
Peng Siang,male,70-74,560
Teck Whye,male,70-74,510
Yew Tee,male,70-74,510
Clementi - Total,male,70-74,2610
Clementi Central,male,70-74,390
Clementi North,male,70-74,880
Clementi West,male,70-74,430
Clementi Woods,male,70-74,470
Faber,male,70-74,90
Pandan,male,70-74,-
Sunset Way,male,70-74,200
Toh Tuck,male,70-74,-
West Coast,male,70-74,150
Downtown Core - Total,male,70-74,70
Anson,male,70-74,-
Bayfront Subzone,male,70-74,-
Bugis,male,70-74,30
Cecil,male,70-74,-
Central Subzone,male,70-74,10
City Hall,male,70-74,-
Clifford Pier,male,70-74,-
Marina Centre,male,70-74,-
Maxwell,male,70-74,-
Nicoll,male,70-74,10
Phillip,male,70-74,-
Raffles Place,male,70-74,-
Tanjong Pagar,male,70-74,10
Geylang - Total,male,70-74,2690
Aljunied,male,70-74,980
Geylang East,male,70-74,820
Kallang Way,male,70-74,-
Kampong Ubi,male,70-74,260
Macpherson,male,70-74,630
Hougang - Total,male,70-74,4950
Defu Industrial Park,male,70-74,-
Hougang Central,male,70-74,100
Hougang East,male,70-74,430
Hougang West,male,70-74,1110
Kangkar,male,70-74,600
Kovan,male,70-74,560
Lorong Ah Soo,male,70-74,840
Lorong Halus,male,70-74,-
Tai Seng,male,70-74,330
Trafalgar,male,70-74,980
Jurong East - Total,male,70-74,2190
International Business Park,male,70-74,-
Jurong Gateway,male,70-74,10
Jurong Port,male,70-74,-
Jurong River,male,70-74,-
Lakeside (Business),male,70-74,-
Lakeside (Leisure),male,70-74,60
Penjuru Crescent,male,70-74,-
Teban Gardens,male,70-74,560
Toh Guan,male,70-74,300
Yuhua East,male,70-74,740
Yuhua West,male,70-74,520
Jurong West - Total,male,70-74,4910
Boon Lay Place,male,70-74,550
Chin Bee,male,70-74,-
Hong Kah,male,70-74,1390
Jurong West Central,male,70-74,980
Kian Teck,male,70-74,-
Safti,male,70-74,-
Taman Jurong,male,70-74,660
Wenya,male,70-74,110
Yunnan,male,70-74,1230
Kallang - Total,male,70-74,2760
Bendemeer,male,70-74,930
Boon Keng,male,70-74,330
Crawford,male,70-74,400
Geylang Bahru,male,70-74,310
Kallang Bahru,male,70-74,-
Kampong Bugis,male,70-74,30
Kampong Java,male,70-74,280
Lavender,male,70-74,290
Tanjong Rhu,male,70-74,190
Lim Chu Kang - Total,male,70-74,10
Lim Chu Kang,male,70-74,10
Mandai - Total,male,70-74,40
Mandai East,male,70-74,-
Mandai Estate,male,70-74,40
Mandai West,male,70-74,-
Marina East - Total,male,70-74,-
Marina East,male,70-74,-
Marina South - Total,male,70-74,-
Marina South,male,70-74,-
Marine Parade - Total,male,70-74,1090
East Coast,male,70-74,-
Katong,male,70-74,180
Marina East (Mp),male,70-74,-
Marine Parade,male,70-74,650
Mountbatten,male,70-74,260
Museum - Total,male,70-74,10
Bras Basah,male,70-74,-
Dhoby Ghaut,male,70-74,-
Fort Canning,male,70-74,10
Newton - Total,male,70-74,190
Cairnhill,male,70-74,90
Goodwood Park,male,70-74,20
Istana Negara,male,70-74,-
Monk's Hill,male,70-74,20
Newton Circus,male,70-74,-
Orange Grove,male,70-74,60
North-Eastern Islands - Total,male,70-74,-
North-Eastern Islands,male,70-74,-
Novena - Total,male,70-74,1040
Balestier,male,70-74,730
Dunearn,male,70-74,90
Malcolm,male,70-74,70
Moulmein,male,70-74,130
Mount Pleasant,male,70-74,20
Orchard - Total,male,70-74,30
Boulevard,male,70-74,20
Somerset,male,70-74,10
Tanglin,male,70-74,10
Outram - Total,male,70-74,630
China Square,male,70-74,60
Chinatown,male,70-74,240
Pearl's Hill,male,70-74,330
People's Park,male,70-74,-
Pasir Ris - Total,male,70-74,2100
Flora Drive,male,70-74,250
Loyang East,male,70-74,60
Loyang West,male,70-74,10
Pasir Ris Central,male,70-74,390
Pasir Ris Drive,male,70-74,910
Pasir Ris Park,male,70-74,50
Pasir Ris Wafer Fab Park,male,70-74,-
Pasir Ris West,male,70-74,430
Paya Lebar - Total,male,70-74,-
Airport Road,male,70-74,-
Paya Lebar East,male,70-74,-
Paya Lebar North,male,70-74,-
Paya Lebar West,male,70-74,-
Plab,male,70-74,-
Pioneer - Total,male,70-74,-
Benoi Sector,male,70-74,-
Gul Basin,male,70-74,-
Gul Circle,male,70-74,-
Joo Koon,male,70-74,-
Pioneer Sector,male,70-74,-
Punggol - Total,male,70-74,1840
Coney Island,male,70-74,-
Matilda,male,70-74,500
Northshore,male,70-74,10
Punggol Canal,male,70-74,-
Punggol Field,male,70-74,680
Punggol Town Centre,male,70-74,170
Waterway East,male,70-74,470
Queenstown - Total,male,70-74,2280
Commonwealth,male,70-74,160
Dover,male,70-74,260
Ghim Moh,male,70-74,370
Holland Drive,male,70-74,370
Kent Ridge,male,70-74,-
Margaret Drive,male,70-74,300
Mei Chin,male,70-74,360
National University Of S'pore,male,70-74,-
One North,male,70-74,10
Pasir Panjang 1,male,70-74,100
Pasir Panjang 2,male,70-74,90
Port,male,70-74,10
Queensway,male,70-74,10
Singapore Polytechnic,male,70-74,-
Tanglin Halt,male,70-74,260
River Valley - Total,male,70-74,200
Institution Hill,male,70-74,50
Leonie Hill,male,70-74,60
One Tree Hill,male,70-74,50
Oxley,male,70-74,50
Paterson,male,70-74,-
Rochor - Total,male,70-74,350
Bencoolen,male,70-74,30
Farrer Park,male,70-74,60
Kampong Glam,male,70-74,-
Little India,male,70-74,110
Mackenzie,male,70-74,-
Mount Emily,male,70-74,20
Rochor Canal,male,70-74,-
Selegie,male,70-74,-
Sungei Road,male,70-74,70
Victoria,male,70-74,70
Seletar - Total,male,70-74,-
Pulau Punggol Barat,male,70-74,-
Pulau Punggol Timor,male,70-74,-
Seletar,male,70-74,-
Seletar Aerospace Park,male,70-74,-
Sembawang - Total,male,70-74,1120
Admiralty,male,70-74,170
Sembawang Central,male,70-74,360
Sembawang East,male,70-74,130
Sembawang North,male,70-74,330
Sembawang Springs,male,70-74,100
Sembawang Straits,male,70-74,30
Senoko North,male,70-74,-
Senoko South,male,70-74,-
The Wharves,male,70-74,-
Sengkang - Total,male,70-74,3230
Anchorvale,male,70-74,570
Compassvale,male,70-74,230
Fernvale,male,70-74,640
Lorong Halus North,male,70-74,-
Rivervale,male,70-74,980
Sengkang Town Centre,male,70-74,810
Sengkang West,male,70-74,-
Serangoon - Total,male,70-74,2970
Lorong Chuan,male,70-74,160
Seletar Hills,male,70-74,380
Serangoon Central,male,70-74,670
Serangoon Garden,male,70-74,1010
Serangoon North,male,70-74,330
Serangoon North Ind Estate,male,70-74,-
Upper Paya Lebar,male,70-74,420
Simpang - Total,male,70-74,-
Pulau Seletar,male,70-74,-
Simpang North,male,70-74,-
Simpang South,male,70-74,-
Tanjong Irau,male,70-74,-
Singapore River - Total,male,70-74,50
Boat Quay,male,70-74,10
Clarke Quay,male,70-74,-
Robertson Quay,male,70-74,40
Southern Islands - Total,male,70-74,20
Sentosa,male,70-74,20
Southern Group,male,70-74,-
Straits View - Total,male,70-74,-
Straits View,male,70-74,-
Sungei Kadut - Total,male,70-74,20
Gali Batu,male,70-74,-
Kranji,male,70-74,-
Pang Sua,male,70-74,-
Reservoir View,male,70-74,-
Turf Club,male,70-74,20
Tampines - Total,male,70-74,5160
Simei,male,70-74,830
Tampines East,male,70-74,2650
Tampines North,male,70-74,110
Tampines West,male,70-74,1550
Xilin,male,70-74,30
Tanglin - Total,male,70-74,450
Chatsworth,male,70-74,130
Nassim,male,70-74,200
Ridout,male,70-74,40
Tyersall,male,70-74,70
Tengah - Total,male,70-74,-
Brickland,male,70-74,-
Forest Hill,male,70-74,-
Garden,male,70-74,-
Park,male,70-74,-
Plantation,male,70-74,-
Tengah Industrial Estate,male,70-74,-
Toa Payoh - Total,male,70-74,2980
Bidadari,male,70-74,-
Boon Teck,male,70-74,380
Braddell,male,70-74,240
Joo Seng,male,70-74,170
Kim Keat,male,70-74,210
Lorong 8 Toa Payoh,male,70-74,230
Pei Chun,male,70-74,260
Potong Pasir,male,70-74,340
Sennett,male,70-74,160
Toa Payoh Central,male,70-74,560
Toa Payoh West,male,70-74,390
Woodleigh,male,70-74,40
Tuas - Total,male,70-74,-
Tengeh,male,70-74,-
Tuas Bay,male,70-74,-
Tuas North,male,70-74,-
Tuas Promenade,male,70-74,-
Tuas View,male,70-74,-
Tuas View Extension,male,70-74,-
Western Islands - Total,male,70-74,-
Jurong Island And Bukom,male,70-74,-
Semakau,male,70-74,-
Sudong,male,70-74,-
Western Water Catchment - Total,male,70-74,-
Bahar,male,70-74,-
Cleantech,male,70-74,-
Murai,male,70-74,-
Woodlands - Total,male,70-74,3380
Greenwood Park,male,70-74,-
Midview,male,70-74,400
North Coast,male,70-74,320
Senoko West,male,70-74,-
Woodgrove,male,70-74,440
Woodlands East,male,70-74,1070
Woodlands Regional Centre,male,70-74,-
Woodlands South,male,70-74,480
Woodlands West,male,70-74,670
Yishun - Total,male,70-74,3830
Khatib,male,70-74,260
Lower Seletar,male,70-74,110
Nee Soon,male,70-74,20
Northland,male,70-74,560
Springleaf,male,70-74,130
Yishun Central,male,70-74,40
Yishun East,male,70-74,770
Yishun South,male,70-74,850
Yishun West,male,70-74,1110
Total,male,75-79,40770
Ang Mo Kio - Total,male,75-79,2570
Ang Mo Kio Town Centre,male,75-79,60
Cheng San,male,75-79,420
Chong Boon,male,75-79,520
Kebun Bahru,male,75-79,370
Sembawang Hills,male,75-79,100
Shangri-La,male,75-79,250
Tagore,male,75-79,100
Townsville,male,75-79,370
Yio Chu Kang,male,75-79,-
Yio Chu Kang East,male,75-79,70
Yio Chu Kang North,male,75-79,-
Yio Chu Kang West,male,75-79,300
Bedok - Total,male,75-79,3660
Bayshore,male,75-79,50
Bedok North,male,75-79,1160
Bedok Reservoir,male,75-79,230
Bedok South,male,75-79,730
Frankel,male,75-79,380
Kaki Bukit,male,75-79,380
Kembangan,male,75-79,580
Siglap,male,75-79,140
Bishan - Total,male,75-79,1080
Bishan East,male,75-79,370
Marymount,male,75-79,300
Upper Thomson,male,75-79,410
Boon Lay - Total,male,75-79,-
Liu Fang,male,75-79,-
Samulun,male,75-79,-
Shipyard,male,75-79,-
Tukang,male,75-79,-
Bukit Batok - Total,male,75-79,1340
Brickworks,male,75-79,50
Bukit Batok Central,male,75-79,260
Bukit Batok East,male,75-79,120
Bukit Batok South,male,75-79,80
Bukit Batok West,male,75-79,140
Gombak,male,75-79,100
Guilin,male,75-79,130
Hillview,male,75-79,200
Hong Kah North,male,75-79,250
Bukit Merah - Total,male,75-79,2400
Alexandra Hill,male,75-79,220
Alexandra North,male,75-79,20
Bukit Ho Swee,male,75-79,280
Bukit Merah,male,75-79,30
City Terminals,male,75-79,-
Depot Road,male,75-79,80
Everton Park,male,75-79,130
Henderson Hill,male,75-79,250
Kampong Tiong Bahru,male,75-79,180
Maritime Square,male,75-79,40
Redhill,male,75-79,110
Singapore General Hospital,male,75-79,-
Telok Blangah Drive,male,75-79,270
Telok Blangah Rise,male,75-79,240
Telok Blangah Way,male,75-79,180
Tiong Bahru,male,75-79,180
Tiong Bahru Station,male,75-79,200
Bukit Panjang - Total,male,75-79,1100
Bangkit,male,75-79,250
Dairy Farm,male,75-79,40
Fajar,male,75-79,210
Jelebu,male,75-79,290
Nature Reserve,male,75-79,20
Saujana,male,75-79,140
Senja,male,75-79,130
Bukit Timah - Total,male,75-79,1010
Anak Bukit,male,75-79,310
Coronation Road,male,75-79,100
Farrer Court,male,75-79,60
Hillcrest,male,75-79,120
Holland Road,male,75-79,110
Leedon Park,male,75-79,90
Swiss Club,male,75-79,70
Ulu Pandan,male,75-79,150
Central Water Catchment - Total,male,75-79,-
Central Water Catchment,male,75-79,-
Changi- Total,male,75-79,10
Changi Airport,male,75-79,-
Changi Point,male,75-79,10
Changi West,male,75-79,-
Changi Bay - Total,male,75-79,-
Changi Bay,male,75-79,-
Choa Chu Kang - Total,male,75-79,1200
Choa Chu Kang Central,male,75-79,160
Choa Chu Kang North,male,75-79,160
Keat Hong,male,75-79,150
Peng Siang,male,75-79,230
Teck Whye,male,75-79,290
Yew Tee,male,75-79,210
Clementi - Total,male,75-79,1360
Clementi Central,male,75-79,240
Clementi North,male,75-79,470
Clementi West,male,75-79,220
Clementi Woods,male,75-79,240
Faber,male,75-79,40
Pandan,male,75-79,-
Sunset Way,male,75-79,90
Toh Tuck,male,75-79,-
West Coast,male,75-79,60
Downtown Core - Total,male,75-79,20
Anson,male,75-79,-
Bayfront Subzone,male,75-79,-
Bugis,male,75-79,10
Cecil,male,75-79,-
Central Subzone,male,75-79,-
City Hall,male,75-79,-
Clifford Pier,male,75-79,-
Marina Centre,male,75-79,-
Maxwell,male,75-79,-
Nicoll,male,75-79,-
Phillip,male,75-79,-
Raffles Place,male,75-79,-
Tanjong Pagar,male,75-79,-
Geylang - Total,male,75-79,1470
Aljunied,male,75-79,560
Geylang East,male,75-79,420
Kallang Way,male,75-79,-
Kampong Ubi,male,75-79,130
Macpherson,male,75-79,370
Hougang - Total,male,75-79,2410
Defu Industrial Park,male,75-79,-
Hougang Central,male,75-79,60
Hougang East,male,75-79,230
Hougang West,male,75-79,470
Kangkar,male,75-79,320
Kovan,male,75-79,270
Lorong Ah Soo,male,75-79,440
Lorong Halus,male,75-79,-
Tai Seng,male,75-79,200
Trafalgar,male,75-79,430
Jurong East - Total,male,75-79,990
International Business Park,male,75-79,-
Jurong Gateway,male,75-79,-
Jurong Port,male,75-79,-
Jurong River,male,75-79,-
Lakeside (Business),male,75-79,-
Lakeside (Leisure),male,75-79,30
Penjuru Crescent,male,75-79,-
Teban Gardens,male,75-79,280
Toh Guan,male,75-79,120
Yuhua East,male,75-79,340
Yuhua West,male,75-79,230
Jurong West - Total,male,75-79,2120
Boon Lay Place,male,75-79,280
Chin Bee,male,75-79,-
Hong Kah,male,75-79,630
Jurong West Central,male,75-79,370
Kian Teck,male,75-79,-
Safti,male,75-79,-
Taman Jurong,male,75-79,280
Wenya,male,75-79,50
Yunnan,male,75-79,520
Kallang - Total,male,75-79,1580
Bendemeer,male,75-79,540
Boon Keng,male,75-79,180
Crawford,male,75-79,230
Geylang Bahru,male,75-79,180
Kallang Bahru,male,75-79,-
Kampong Bugis,male,75-79,10
Kampong Java,male,75-79,160
Lavender,male,75-79,140
Tanjong Rhu,male,75-79,130
Lim Chu Kang - Total,male,75-79,-
Lim Chu Kang,male,75-79,-
Mandai - Total,male,75-79,20
Mandai East,male,75-79,-
Mandai Estate,male,75-79,20
Mandai West,male,75-79,-
Marina East - Total,male,75-79,-
Marina East,male,75-79,-
Marina South - Total,male,75-79,-
Marina South,male,75-79,-
Marine Parade - Total,male,75-79,680
East Coast,male,75-79,-
Katong,male,75-79,110
Marina East (Mp),male,75-79,-
Marine Parade,male,75-79,450
Mountbatten,male,75-79,120
Museum - Total,male,75-79,-
Bras Basah,male,75-79,-
Dhoby Ghaut,male,75-79,-
Fort Canning,male,75-79,-
Newton - Total,male,75-79,80
Cairnhill,male,75-79,30
Goodwood Park,male,75-79,10
Istana Negara,male,75-79,-
Monk's Hill,male,75-79,10
Newton Circus,male,75-79,-
Orange Grove,male,75-79,30
North-Eastern Islands - Total,male,75-79,-
North-Eastern Islands,male,75-79,-
Novena - Total,male,75-79,640
Balestier,male,75-79,450
Dunearn,male,75-79,70
Malcolm,male,75-79,40
Moulmein,male,75-79,70
Mount Pleasant,male,75-79,10
Orchard - Total,male,75-79,10
Boulevard,male,75-79,10
Somerset,male,75-79,-
Tanglin,male,75-79,-
Outram - Total,male,75-79,330
China Square,male,75-79,20
Chinatown,male,75-79,140
Pearl's Hill,male,75-79,170
People's Park,male,75-79,-
Pasir Ris - Total,male,75-79,960
Flora Drive,male,75-79,110
Loyang East,male,75-79,20
Loyang West,male,75-79,10
Pasir Ris Central,male,75-79,200
Pasir Ris Drive,male,75-79,380
Pasir Ris Park,male,75-79,30
Pasir Ris Wafer Fab Park,male,75-79,-
Pasir Ris West,male,75-79,210
Paya Lebar - Total,male,75-79,-
Airport Road,male,75-79,-
Paya Lebar East,male,75-79,-
Paya Lebar North,male,75-79,-
Paya Lebar West,male,75-79,-
Plab,male,75-79,-
Pioneer - Total,male,75-79,-
Benoi Sector,male,75-79,-
Gul Basin,male,75-79,-
Gul Circle,male,75-79,-
Joo Koon,male,75-79,-
Pioneer Sector,male,75-79,-
Punggol - Total,male,75-79,850
Coney Island,male,75-79,-
Matilda,male,75-79,240
Northshore,male,75-79,-
Punggol Canal,male,75-79,-
Punggol Field,male,75-79,290
Punggol Town Centre,male,75-79,80
Waterway East,male,75-79,240
Queenstown - Total,male,75-79,1390
Commonwealth,male,75-79,110
Dover,male,75-79,160
Ghim Moh,male,75-79,240
Holland Drive,male,75-79,250
Kent Ridge,male,75-79,-
Margaret Drive,male,75-79,170
Mei Chin,male,75-79,190
National University Of S'pore,male,75-79,-
One North,male,75-79,-
Pasir Panjang 1,male,75-79,40
Pasir Panjang 2,male,75-79,40
Port,male,75-79,-
Queensway,male,75-79,10
Singapore Polytechnic,male,75-79,-
Tanglin Halt,male,75-79,180
River Valley - Total,male,75-79,100
Institution Hill,male,75-79,20
Leonie Hill,male,75-79,20
One Tree Hill,male,75-79,30
Oxley,male,75-79,20
Paterson,male,75-79,-
Rochor - Total,male,75-79,220
Bencoolen,male,75-79,20
Farrer Park,male,75-79,40
Kampong Glam,male,75-79,-
Little India,male,75-79,60
Mackenzie,male,75-79,-
Mount Emily,male,75-79,10
Rochor Canal,male,75-79,-
Selegie,male,75-79,10
Sungei Road,male,75-79,50
Victoria,male,75-79,50
Seletar - Total,male,75-79,-
Pulau Punggol Barat,male,75-79,-
Pulau Punggol Timor,male,75-79,-
Seletar,male,75-79,-
Seletar Aerospace Park,male,75-79,-
Sembawang - Total,male,75-79,550
Admiralty,male,75-79,100
Sembawang Central,male,75-79,160
Sembawang East,male,75-79,60
Sembawang North,male,75-79,150
Sembawang Springs,male,75-79,70
Sembawang Straits,male,75-79,20
Senoko North,male,75-79,-
Senoko South,male,75-79,-
The Wharves,male,75-79,-
Sengkang - Total,male,75-79,1520
Anchorvale,male,75-79,270
Compassvale,male,75-79,130
Fernvale,male,75-79,330
Lorong Halus North,male,75-79,-
Rivervale,male,75-79,410
Sengkang Town Centre,male,75-79,390
Sengkang West,male,75-79,-
Serangoon - Total,male,75-79,1430
Lorong Chuan,male,75-79,80
Seletar Hills,male,75-79,210
Serangoon Central,male,75-79,300
Serangoon Garden,male,75-79,540
Serangoon North,male,75-79,110
Serangoon North Ind Estate,male,75-79,-
Upper Paya Lebar,male,75-79,200
Simpang - Total,male,75-79,-
Pulau Seletar,male,75-79,-
Simpang North,male,75-79,-
Simpang South,male,75-79,-
Tanjong Irau,male,75-79,-
Singapore River - Total,male,75-79,30
Boat Quay,male,75-79,10
Clarke Quay,male,75-79,-
Robertson Quay,male,75-79,20
Southern Islands - Total,male,75-79,10
Sentosa,male,75-79,10
Southern Group,male,75-79,-
Straits View - Total,male,75-79,-
Straits View,male,75-79,-
Sungei Kadut - Total,male,75-79,10
Gali Batu,male,75-79,-
Kranji,male,75-79,-
Pang Sua,male,75-79,-
Reservoir View,male,75-79,-
Turf Club,male,75-79,10
Tampines - Total,male,75-79,2150
Simei,male,75-79,320
Tampines East,male,75-79,1140
Tampines North,male,75-79,50
Tampines West,male,75-79,630
Xilin,male,75-79,10
Tanglin - Total,male,75-79,250
Chatsworth,male,75-79,80
Nassim,male,75-79,90
Ridout,male,75-79,20
Tyersall,male,75-79,60
Tengah - Total,male,75-79,-
Brickland,male,75-79,-
Forest Hill,male,75-79,-
Garden,male,75-79,-
Park,male,75-79,-
Plantation,male,75-79,-
Tengah Industrial Estate,male,75-79,-
Toa Payoh - Total,male,75-79,1830
Bidadari,male,75-79,-
Boon Teck,male,75-79,240
Braddell,male,75-79,150
Joo Seng,male,75-79,100
Kim Keat,male,75-79,120
Lorong 8 Toa Payoh,male,75-79,160
Pei Chun,male,75-79,180
Potong Pasir,male,75-79,180
Sennett,male,75-79,70
Toa Payoh Central,male,75-79,370
Toa Payoh West,male,75-79,240
Woodleigh,male,75-79,10
Tuas - Total,male,75-79,-
Tengeh,male,75-79,-
Tuas Bay,male,75-79,-
Tuas North,male,75-79,-
Tuas Promenade,male,75-79,-
Tuas View,male,75-79,-
Tuas View Extension,male,75-79,-
Western Islands - Total,male,75-79,-
Jurong Island And Bukom,male,75-79,-
Semakau,male,75-79,-
Sudong,male,75-79,-
Western Water Catchment - Total,male,75-79,-
Bahar,male,75-79,-
Cleantech,male,75-79,-
Murai,male,75-79,-
Woodlands - Total,male,75-79,1600
Greenwood Park,male,75-79,-
Midview,male,75-79,210
North Coast,male,75-79,170
Senoko West,male,75-79,-
Woodgrove,male,75-79,190
Woodlands East,male,75-79,470
Woodlands Regional Centre,male,75-79,-
Woodlands South,male,75-79,220
Woodlands West,male,75-79,350
Yishun - Total,male,75-79,1790
Khatib,male,75-79,120
Lower Seletar,male,75-79,60
Nee Soon,male,75-79,20
Northland,male,75-79,210
Springleaf,male,75-79,60
Yishun Central,male,75-79,20
Yishun East,male,75-79,350
Yishun South,male,75-79,380
Yishun West,male,75-79,580
Total,male,80-84,27890
Ang Mo Kio - Total,male,80-84,1800
Ang Mo Kio Town Centre,male,80-84,40
Cheng San,male,80-84,290
Chong Boon,male,80-84,340
Kebun Bahru,male,80-84,280
Sembawang Hills,male,80-84,70
Shangri-La,male,80-84,180
Tagore,male,80-84,90
Townsville,male,80-84,280
Yio Chu Kang,male,80-84,-
Yio Chu Kang East,male,80-84,40
Yio Chu Kang North,male,80-84,-
Yio Chu Kang West,male,80-84,200
Bedok - Total,male,80-84,2440
Bayshore,male,80-84,40
Bedok North,male,80-84,730
Bedok Reservoir,male,80-84,130
Bedok South,male,80-84,520
Frankel,male,80-84,300
Kaki Bukit,male,80-84,240
Kembangan,male,80-84,360
Siglap,male,80-84,120
Bishan - Total,male,80-84,750
Bishan East,male,80-84,250
Marymount,male,80-84,180
Upper Thomson,male,80-84,320
Boon Lay - Total,male,80-84,-
Liu Fang,male,80-84,-
Samulun,male,80-84,-
Shipyard,male,80-84,-
Tukang,male,80-84,-
Bukit Batok - Total,male,80-84,860
Brickworks,male,80-84,40
Bukit Batok Central,male,80-84,180
Bukit Batok East,male,80-84,90
Bukit Batok South,male,80-84,60
Bukit Batok West,male,80-84,80
Gombak,male,80-84,80
Guilin,male,80-84,80
Hillview,male,80-84,100
Hong Kah North,male,80-84,150
Bukit Merah - Total,male,80-84,1820
Alexandra Hill,male,80-84,190
Alexandra North,male,80-84,10
Bukit Ho Swee,male,80-84,190
Bukit Merah,male,80-84,20
City Terminals,male,80-84,-
Depot Road,male,80-84,50
Everton Park,male,80-84,100
Henderson Hill,male,80-84,200
Kampong Tiong Bahru,male,80-84,160
Maritime Square,male,80-84,30
Redhill,male,80-84,90
Singapore General Hospital,male,80-84,-
Telok Blangah Drive,male,80-84,190
Telok Blangah Rise,male,80-84,170
Telok Blangah Way,male,80-84,130
Tiong Bahru,male,80-84,130
Tiong Bahru Station,male,80-84,180
Bukit Panjang - Total,male,80-84,700
Bangkit,male,80-84,170
Dairy Farm,male,80-84,30
Fajar,male,80-84,120
Jelebu,male,80-84,200
Nature Reserve,male,80-84,20
Saujana,male,80-84,80
Senja,male,80-84,70
Bukit Timah - Total,male,80-84,690
Anak Bukit,male,80-84,200
Coronation Road,male,80-84,70
Farrer Court,male,80-84,40
Hillcrest,male,80-84,100
Holland Road,male,80-84,90
Leedon Park,male,80-84,40
Swiss Club,male,80-84,50
Ulu Pandan,male,80-84,90
Central Water Catchment - Total,male,80-84,-
Central Water Catchment,male,80-84,-
Changi- Total,male,80-84,10
Changi Airport,male,80-84,-
Changi Point,male,80-84,10
Changi West,male,80-84,-
Changi Bay - Total,male,80-84,-
Changi Bay,male,80-84,-
Choa Chu Kang - Total,male,80-84,780
Choa Chu Kang Central,male,80-84,100
Choa Chu Kang North,male,80-84,130
Keat Hong,male,80-84,100
Peng Siang,male,80-84,130
Teck Whye,male,80-84,160
Yew Tee,male,80-84,150
Clementi - Total,male,80-84,960
Clementi Central,male,80-84,140
Clementi North,male,80-84,360
Clementi West,male,80-84,140
Clementi Woods,male,80-84,180
Faber,male,80-84,30
Pandan,male,80-84,-
Sunset Way,male,80-84,70
Toh Tuck,male,80-84,-
West Coast,male,80-84,50
Downtown Core - Total,male,80-84,20
Anson,male,80-84,-
Bayfront Subzone,male,80-84,-
Bugis,male,80-84,20
Cecil,male,80-84,-
Central Subzone,male,80-84,-
City Hall,male,80-84,-
Clifford Pier,male,80-84,-
Marina Centre,male,80-84,-
Maxwell,male,80-84,-
Nicoll,male,80-84,-
Phillip,male,80-84,-
Raffles Place,male,80-84,-
Tanjong Pagar,male,80-84,-
Geylang - Total,male,80-84,1060
Aljunied,male,80-84,410
Geylang East,male,80-84,290
Kallang Way,male,80-84,-
Kampong Ubi,male,80-84,60
Macpherson,male,80-84,300
Hougang - Total,male,80-84,1590
Defu Industrial Park,male,80-84,-
Hougang Central,male,80-84,30
Hougang East,male,80-84,120
Hougang West,male,80-84,310
Kangkar,male,80-84,230
Kovan,male,80-84,180
Lorong Ah Soo,male,80-84,300
Lorong Halus,male,80-84,-
Tai Seng,male,80-84,160
Trafalgar,male,80-84,260
Jurong East - Total,male,80-84,610
International Business Park,male,80-84,-
Jurong Gateway,male,80-84,-
Jurong Port,male,80-84,-
Jurong River,male,80-84,-
Lakeside (Business),male,80-84,-
Lakeside (Leisure),male,80-84,30
Penjuru Crescent,male,80-84,-
Teban Gardens,male,80-84,150
Toh Guan,male,80-84,60
Yuhua East,male,80-84,230
Yuhua West,male,80-84,130
Jurong West - Total,male,80-84,1260
Boon Lay Place,male,80-84,180
Chin Bee,male,80-84,-
Hong Kah,male,80-84,380
Jurong West Central,male,80-84,200
Kian Teck,male,80-84,-
Safti,male,80-84,-
Taman Jurong,male,80-84,160
Wenya,male,80-84,40
Yunnan,male,80-84,300
Kallang - Total,male,80-84,1190
Bendemeer,male,80-84,420
Boon Keng,male,80-84,140
Crawford,male,80-84,180
Geylang Bahru,male,80-84,150
Kallang Bahru,male,80-84,-
Kampong Bugis,male,80-84,10
Kampong Java,male,80-84,120
Lavender,male,80-84,120
Tanjong Rhu,male,80-84,70
Lim Chu Kang - Total,male,80-84,-
Lim Chu Kang,male,80-84,-
Mandai - Total,male,80-84,20
Mandai East,male,80-84,-
Mandai Estate,male,80-84,20
Mandai West,male,80-84,-
Marina East - Total,male,80-84,-
Marina East,male,80-84,-
Marina South - Total,male,80-84,-
Marina South,male,80-84,-
Marine Parade - Total,male,80-84,550
East Coast,male,80-84,-
Katong,male,80-84,80
Marina East (Mp),male,80-84,-
Marine Parade,male,80-84,390
Mountbatten,male,80-84,80
Museum - Total,male,80-84,-
Bras Basah,male,80-84,-
Dhoby Ghaut,male,80-84,-
Fort Canning,male,80-84,-
Newton - Total,male,80-84,50
Cairnhill,male,80-84,30
Goodwood Park,male,80-84,10
Istana Negara,male,80-84,-
Monk's Hill,male,80-84,10
Newton Circus,male,80-84,-
Orange Grove,male,80-84,20
North-Eastern Islands - Total,male,80-84,-
North-Eastern Islands,male,80-84,-
Novena - Total,male,80-84,470
Balestier,male,80-84,340
Dunearn,male,80-84,50
Malcolm,male,80-84,20
Moulmein,male,80-84,50
Mount Pleasant,male,80-84,10
Orchard - Total,male,80-84,10
Boulevard,male,80-84,10
Somerset,male,80-84,-
Tanglin,male,80-84,-
Outram - Total,male,80-84,290
China Square,male,80-84,20
Chinatown,male,80-84,130
Pearl's Hill,male,80-84,140
People's Park,male,80-84,-
Pasir Ris - Total,male,80-84,620
Flora Drive,male,80-84,90
Loyang East,male,80-84,20
Loyang West,male,80-84,20
Pasir Ris Central,male,80-84,130
Pasir Ris Drive,male,80-84,220
Pasir Ris Park,male,80-84,10
Pasir Ris Wafer Fab Park,male,80-84,-
Pasir Ris West,male,80-84,130
Paya Lebar - Total,male,80-84,-
Airport Road,male,80-84,-
Paya Lebar East,male,80-84,-
Paya Lebar North,male,80-84,-
Paya Lebar West,male,80-84,-
Plab,male,80-84,-
Pioneer - Total,male,80-84,-
Benoi Sector,male,80-84,-
Gul Basin,male,80-84,-
Gul Circle,male,80-84,-
Joo Koon,male,80-84,-
Pioneer Sector,male,80-84,-
Punggol - Total,male,80-84,510
Coney Island,male,80-84,-
Matilda,male,80-84,150
Northshore,male,80-84,-
Punggol Canal,male,80-84,-
Punggol Field,male,80-84,200
Punggol Town Centre,male,80-84,50
Waterway East,male,80-84,110
Queenstown - Total,male,80-84,1200
Commonwealth,male,80-84,110
Dover,male,80-84,140
Ghim Moh,male,80-84,200
Holland Drive,male,80-84,220
Kent Ridge,male,80-84,-
Margaret Drive,male,80-84,140
Mei Chin,male,80-84,190
National University Of S'pore,male,80-84,-
One North,male,80-84,-
Pasir Panjang 1,male,80-84,30
Pasir Panjang 2,male,80-84,20
Port,male,80-84,-
Queensway,male,80-84,-
Singapore Polytechnic,male,80-84,-
Tanglin Halt,male,80-84,160
River Valley - Total,male,80-84,50
Institution Hill,male,80-84,10
Leonie Hill,male,80-84,10
One Tree Hill,male,80-84,20
Oxley,male,80-84,10
Paterson,male,80-84,-
Rochor - Total,male,80-84,150
Bencoolen,male,80-84,10
Farrer Park,male,80-84,30
Kampong Glam,male,80-84,-
Little India,male,80-84,40
Mackenzie,male,80-84,-
Mount Emily,male,80-84,10
Rochor Canal,male,80-84,-
Selegie,male,80-84,-
Sungei Road,male,80-84,30
Victoria,male,80-84,30
Seletar - Total,male,80-84,-
Pulau Punggol Barat,male,80-84,-
Pulau Punggol Timor,male,80-84,-
Seletar,male,80-84,-
Seletar Aerospace Park,male,80-84,-
Sembawang - Total,male,80-84,380
Admiralty,male,80-84,60
Sembawang Central,male,80-84,130
Sembawang East,male,80-84,30
Sembawang North,male,80-84,100
Sembawang Springs,male,80-84,50
Sembawang Straits,male,80-84,10
Senoko North,male,80-84,-
Senoko South,male,80-84,-
The Wharves,male,80-84,-
Sengkang - Total,male,80-84,890
Anchorvale,male,80-84,130
Compassvale,male,80-84,70
Fernvale,male,80-84,230
Lorong Halus North,male,80-84,-
Rivervale,male,80-84,220
Sengkang Town Centre,male,80-84,240
Sengkang West,male,80-84,-
Serangoon - Total,male,80-84,1020
Lorong Chuan,male,80-84,70
Seletar Hills,male,80-84,150
Serangoon Central,male,80-84,230
Serangoon Garden,male,80-84,360
Serangoon North,male,80-84,80
Serangoon North Ind Estate,male,80-84,-
Upper Paya Lebar,male,80-84,140
Simpang - Total,male,80-84,-
Pulau Seletar,male,80-84,-
Simpang North,male,80-84,-
Simpang South,male,80-84,-
Tanjong Irau,male,80-84,-
Singapore River - Total,male,80-84,20
Boat Quay,male,80-84,-
Clarke Quay,male,80-84,-
Robertson Quay,male,80-84,10
Southern Islands - Total,male,80-84,-
Sentosa,male,80-84,-
Southern Group,male,80-84,-
Straits View - Total,male,80-84,-
Straits View,male,80-84,-
Sungei Kadut - Total,male,80-84,20
Gali Batu,male,80-84,-
Kranji,male,80-84,-
Pang Sua,male,80-84,-
Reservoir View,male,80-84,-
Turf Club,male,80-84,20
Tampines - Total,male,80-84,1390
Simei,male,80-84,250
Tampines East,male,80-84,710
Tampines North,male,80-84,40
Tampines West,male,80-84,390
Xilin,male,80-84,10
Tanglin - Total,male,80-84,160
Chatsworth,male,80-84,40
Nassim,male,80-84,70
Ridout,male,80-84,10
Tyersall,male,80-84,40
Tengah - Total,male,80-84,-
Brickland,male,80-84,-
Forest Hill,male,80-84,-
Garden,male,80-84,-
Park,male,80-84,-
Plantation,male,80-84,-
Tengah Industrial Estate,male,80-84,-
Toa Payoh - Total,male,80-84,1440
Bidadari,male,80-84,-
Boon Teck,male,80-84,190
Braddell,male,80-84,120
Joo Seng,male,80-84,70
Kim Keat,male,80-84,100
Lorong 8 Toa Payoh,male,80-84,120
Pei Chun,male,80-84,160
Potong Pasir,male,80-84,110
Sennett,male,80-84,60
Toa Payoh Central,male,80-84,290
Toa Payoh West,male,80-84,220
Woodleigh,male,80-84,10
Tuas - Total,male,80-84,-
Tengeh,male,80-84,-
Tuas Bay,male,80-84,-
Tuas North,male,80-84,-
Tuas Promenade,male,80-84,-
Tuas View,male,80-84,-
Tuas View Extension,male,80-84,-
Western Islands - Total,male,80-84,-
Jurong Island And Bukom,male,80-84,-
Semakau,male,80-84,-
Sudong,male,80-84,-
Western Water Catchment - Total,male,80-84,-
Bahar,male,80-84,-
Cleantech,male,80-84,-
Murai,male,80-84,-
Woodlands - Total,male,80-84,1020
Greenwood Park,male,80-84,-
Midview,male,80-84,130
North Coast,male,80-84,100
Senoko West,male,80-84,-
Woodgrove,male,80-84,140
Woodlands East,male,80-84,270
Woodlands Regional Centre,male,80-84,-
Woodlands South,male,80-84,140
Woodlands West,male,80-84,250
Yishun - Total,male,80-84,1110
Khatib,male,80-84,50
Lower Seletar,male,80-84,40
Nee Soon,male,80-84,-
Northland,male,80-84,150
Springleaf,male,80-84,40
Yishun Central,male,80-84,10
Yishun East,male,80-84,210
Yishun South,male,80-84,250
Yishun West,male,80-84,360
Total,male,85-89,13520
Ang Mo Kio - Total,male,85-89,890
Ang Mo Kio Town Centre,male,85-89,10
Cheng San,male,85-89,130
Chong Boon,male,85-89,180
Kebun Bahru,male,85-89,150
Sembawang Hills,male,85-89,40
Shangri-La,male,85-89,90
Tagore,male,85-89,50
Townsville,male,85-89,130
Yio Chu Kang,male,85-89,-
Yio Chu Kang East,male,85-89,20
Yio Chu Kang North,male,85-89,-
Yio Chu Kang West,male,85-89,100
Bedok - Total,male,85-89,1230
Bayshore,male,85-89,20
Bedok North,male,85-89,370
Bedok Reservoir,male,85-89,60
Bedok South,male,85-89,260
Frankel,male,85-89,170
Kaki Bukit,male,85-89,100
Kembangan,male,85-89,200
Siglap,male,85-89,60
Bishan - Total,male,85-89,360
Bishan East,male,85-89,100
Marymount,male,85-89,80
Upper Thomson,male,85-89,190
Boon Lay - Total,male,85-89,-
Liu Fang,male,85-89,-
Samulun,male,85-89,-
Shipyard,male,85-89,-
Tukang,male,85-89,-
Bukit Batok - Total,male,85-89,420
Brickworks,male,85-89,30
Bukit Batok Central,male,85-89,60
Bukit Batok East,male,85-89,40
Bukit Batok South,male,85-89,20
Bukit Batok West,male,85-89,50
Gombak,male,85-89,50
Guilin,male,85-89,50
Hillview,male,85-89,60
Hong Kah North,male,85-89,70
Bukit Merah - Total,male,85-89,900
Alexandra Hill,male,85-89,110
Alexandra North,male,85-89,-
Bukit Ho Swee,male,85-89,80
Bukit Merah,male,85-89,10
City Terminals,male,85-89,-
Depot Road,male,85-89,20
Everton Park,male,85-89,50
Henderson Hill,male,85-89,100
Kampong Tiong Bahru,male,85-89,70
Maritime Square,male,85-89,20
Redhill,male,85-89,40
Singapore General Hospital,male,85-89,-
Telok Blangah Drive,male,85-89,110
Telok Blangah Rise,male,85-89,80
Telok Blangah Way,male,85-89,70
Tiong Bahru,male,85-89,60
Tiong Bahru Station,male,85-89,80
Bukit Panjang - Total,male,85-89,320
Bangkit,male,85-89,80
Dairy Farm,male,85-89,10
Fajar,male,85-89,50
Jelebu,male,85-89,80
Nature Reserve,male,85-89,10
Saujana,male,85-89,40
Senja,male,85-89,40
Bukit Timah - Total,male,85-89,400
Anak Bukit,male,85-89,130
Coronation Road,male,85-89,40
Farrer Court,male,85-89,30
Hillcrest,male,85-89,50
Holland Road,male,85-89,50
Leedon Park,male,85-89,20
Swiss Club,male,85-89,30
Ulu Pandan,male,85-89,60
Central Water Catchment - Total,male,85-89,-
Central Water Catchment,male,85-89,-
Changi- Total,male,85-89,-
Changi Airport,male,85-89,-
Changi Point,male,85-89,-
Changi West,male,85-89,-
Changi Bay - Total,male,85-89,-
Changi Bay,male,85-89,-
Choa Chu Kang - Total,male,85-89,350
Choa Chu Kang Central,male,85-89,40
Choa Chu Kang North,male,85-89,70
Keat Hong,male,85-89,40
Peng Siang,male,85-89,70
Teck Whye,male,85-89,80
Yew Tee,male,85-89,50
Clementi - Total,male,85-89,400
Clementi Central,male,85-89,70
Clementi North,male,85-89,140
Clementi West,male,85-89,50
Clementi Woods,male,85-89,70
Faber,male,85-89,20
Pandan,male,85-89,-
Sunset Way,male,85-89,30
Toh Tuck,male,85-89,-
West Coast,male,85-89,10
Downtown Core - Total,male,85-89,10
Anson,male,85-89,-
Bayfront Subzone,male,85-89,-
Bugis,male,85-89,-
Cecil,male,85-89,-
Central Subzone,male,85-89,-
City Hall,male,85-89,-
Clifford Pier,male,85-89,-
Marina Centre,male,85-89,-
Maxwell,male,85-89,-
Nicoll,male,85-89,-
Phillip,male,85-89,-
Raffles Place,male,85-89,-
Tanjong Pagar,male,85-89,-
Geylang - Total,male,85-89,530
Aljunied,male,85-89,210
Geylang East,male,85-89,150
Kallang Way,male,85-89,-
Kampong Ubi,male,85-89,20
Macpherson,male,85-89,150
Hougang - Total,male,85-89,740
Defu Industrial Park,male,85-89,-
Hougang Central,male,85-89,20
Hougang East,male,85-89,40
Hougang West,male,85-89,150
Kangkar,male,85-89,90
Kovan,male,85-89,90
Lorong Ah Soo,male,85-89,150
Lorong Halus,male,85-89,-
Tai Seng,male,85-89,80
Trafalgar,male,85-89,120
Jurong East - Total,male,85-89,300
International Business Park,male,85-89,-
Jurong Gateway,male,85-89,-
Jurong Port,male,85-89,-
Jurong River,male,85-89,-
Lakeside (Business),male,85-89,-
Lakeside (Leisure),male,85-89,10
Penjuru Crescent,male,85-89,-
Teban Gardens,male,85-89,60
Toh Guan,male,85-89,40
Yuhua East,male,85-89,110
Yuhua West,male,85-89,70
Jurong West - Total,male,85-89,540
Boon Lay Place,male,85-89,80
Chin Bee,male,85-89,-
Hong Kah,male,85-89,170
Jurong West Central,male,85-89,70
Kian Teck,male,85-89,-
Safti,male,85-89,-
Taman Jurong,male,85-89,100
Wenya,male,85-89,20
Yunnan,male,85-89,110
Kallang - Total,male,85-89,530
Bendemeer,male,85-89,180
Boon Keng,male,85-89,60
Crawford,male,85-89,70
Geylang Bahru,male,85-89,70
Kallang Bahru,male,85-89,-
Kampong Bugis,male,85-89,-
Kampong Java,male,85-89,50
Lavender,male,85-89,60
Tanjong Rhu,male,85-89,30
Lim Chu Kang - Total,male,85-89,-
Lim Chu Kang,male,85-89,-
Mandai - Total,male,85-89,10
Mandai East,male,85-89,-
Mandai Estate,male,85-89,10
Mandai West,male,85-89,-
Marina East - Total,male,85-89,-
Marina East,male,85-89,-
Marina South - Total,male,85-89,-
Marina South,male,85-89,-
Marine Parade - Total,male,85-89,290
East Coast,male,85-89,-
Katong,male,85-89,40
Marina East (Mp),male,85-89,-
Marine Parade,male,85-89,190
Mountbatten,male,85-89,50
Museum - Total,male,85-89,-
Bras Basah,male,85-89,-
Dhoby Ghaut,male,85-89,-
Fort Canning,male,85-89,-
Newton - Total,male,85-89,40
Cairnhill,male,85-89,20
Goodwood Park,male,85-89,-
Istana Negara,male,85-89,-
Monk's Hill,male,85-89,-
Newton Circus,male,85-89,-
Orange Grove,male,85-89,10
North-Eastern Islands - Total,male,85-89,-
North-Eastern Islands,male,85-89,-
Novena - Total,male,85-89,260
Balestier,male,85-89,180
Dunearn,male,85-89,30
Malcolm,male,85-89,20
Moulmein,male,85-89,40
Mount Pleasant,male,85-89,10
Orchard - Total,male,85-89,-
Boulevard,male,85-89,-
Somerset,male,85-89,-
Tanglin,male,85-89,-
Outram - Total,male,85-89,130
China Square,male,85-89,10
Chinatown,male,85-89,60
Pearl's Hill,male,85-89,50
People's Park,male,85-89,-
Pasir Ris - Total,male,85-89,320
Flora Drive,male,85-89,40
Loyang East,male,85-89,10
Loyang West,male,85-89,20
Pasir Ris Central,male,85-89,60
Pasir Ris Drive,male,85-89,120
Pasir Ris Park,male,85-89,10
Pasir Ris Wafer Fab Park,male,85-89,-
Pasir Ris West,male,85-89,70
Paya Lebar - Total,male,85-89,-
Airport Road,male,85-89,-
Paya Lebar East,male,85-89,-
Paya Lebar North,male,85-89,-
Paya Lebar West,male,85-89,-
Plab,male,85-89,-
Pioneer - Total,male,85-89,-
Benoi Sector,male,85-89,-
Gul Basin,male,85-89,-
Gul Circle,male,85-89,-
Joo Koon,male,85-89,-
Pioneer Sector,male,85-89,-
Punggol - Total,male,85-89,240
Coney Island,male,85-89,-
Matilda,male,85-89,60
Northshore,male,85-89,-
Punggol Canal,male,85-89,-
Punggol Field,male,85-89,100
Punggol Town Centre,male,85-89,20
Waterway East,male,85-89,60
Queenstown - Total,male,85-89,660
Commonwealth,male,85-89,70
Dover,male,85-89,50
Ghim Moh,male,85-89,120
Holland Drive,male,85-89,130
Kent Ridge,male,85-89,-
Margaret Drive,male,85-89,60
Mei Chin,male,85-89,110
National University Of S'pore,male,85-89,-
One North,male,85-89,-
Pasir Panjang 1,male,85-89,20
Pasir Panjang 2,male,85-89,10
Port,male,85-89,-
Queensway,male,85-89,-
Singapore Polytechnic,male,85-89,-
Tanglin Halt,male,85-89,100
River Valley - Total,male,85-89,30
Institution Hill,male,85-89,10
Leonie Hill,male,85-89,10
One Tree Hill,male,85-89,10
Oxley,male,85-89,-
Paterson,male,85-89,-
Rochor - Total,male,85-89,110
Bencoolen,male,85-89,10
Farrer Park,male,85-89,20
Kampong Glam,male,85-89,10
Little India,male,85-89,40
Mackenzie,male,85-89,-
Mount Emily,male,85-89,-
Rochor Canal,male,85-89,-
Selegie,male,85-89,-
Sungei Road,male,85-89,20
Victoria,male,85-89,10
Seletar - Total,male,85-89,-
Pulau Punggol Barat,male,85-89,-
Pulau Punggol Timor,male,85-89,-
Seletar,male,85-89,-
Seletar Aerospace Park,male,85-89,-
Sembawang - Total,male,85-89,180
Admiralty,male,85-89,30
Sembawang Central,male,85-89,60
Sembawang East,male,85-89,20
Sembawang North,male,85-89,40
Sembawang Springs,male,85-89,40
Sembawang Straits,male,85-89,10
Senoko North,male,85-89,-
Senoko South,male,85-89,-
The Wharves,male,85-89,-
Sengkang - Total,male,85-89,340
Anchorvale,male,85-89,60
Compassvale,male,85-89,20
Fernvale,male,85-89,80
Lorong Halus North,male,85-89,-
Rivervale,male,85-89,90
Sengkang Town Centre,male,85-89,90
Sengkang West,male,85-89,-
Serangoon - Total,male,85-89,520
Lorong Chuan,male,85-89,50
Seletar Hills,male,85-89,70
Serangoon Central,male,85-89,100
Serangoon Garden,male,85-89,210
Serangoon North,male,85-89,40
Serangoon North Ind Estate,male,85-89,-
Upper Paya Lebar,male,85-89,60
Simpang - Total,male,85-89,-
Pulau Seletar,male,85-89,-
Simpang North,male,85-89,-
Simpang South,male,85-89,-
Tanjong Irau,male,85-89,-
Singapore River - Total,male,85-89,10
Boat Quay,male,85-89,-
Clarke Quay,male,85-89,-
Robertson Quay,male,85-89,-
Southern Islands - Total,male,85-89,-
Sentosa,male,85-89,-
Southern Group,male,85-89,-
Straits View - Total,male,85-89,-
Straits View,male,85-89,-
Sungei Kadut - Total,male,85-89,10
Gali Batu,male,85-89,-
Kranji,male,85-89,-
Pang Sua,male,85-89,-
Reservoir View,male,85-89,-
Turf Club,male,85-89,10
Tampines - Total,male,85-89,650
Simei,male,85-89,90
Tampines East,male,85-89,350
Tampines North,male,85-89,30
Tampines West,male,85-89,180
Xilin,male,85-89,-
Tanglin - Total,male,85-89,90
Chatsworth,male,85-89,30
Nassim,male,85-89,30
Ridout,male,85-89,10
Tyersall,male,85-89,20
Tengah - Total,male,85-89,-
Brickland,male,85-89,-
Forest Hill,male,85-89,-
Garden,male,85-89,-
Park,male,85-89,-
Plantation,male,85-89,-
Tengah Industrial Estate,male,85-89,-
Toa Payoh - Total,male,85-89,720
Bidadari,male,85-89,-
Boon Teck,male,85-89,100
Braddell,male,85-89,60
Joo Seng,male,85-89,30
Kim Keat,male,85-89,40
Lorong 8 Toa Payoh,male,85-89,70
Pei Chun,male,85-89,60
Potong Pasir,male,85-89,70
Sennett,male,85-89,40
Toa Payoh Central,male,85-89,150
Toa Payoh West,male,85-89,100
Woodleigh,male,85-89,10
Tuas - Total,male,85-89,-
Tengeh,male,85-89,-
Tuas Bay,male,85-89,-
Tuas North,male,85-89,-
Tuas Promenade,male,85-89,-
Tuas View,male,85-89,-
Tuas View Extension,male,85-89,-
Western Islands - Total,male,85-89,-
Jurong Island And Bukom,male,85-89,-
Semakau,male,85-89,-
Sudong,male,85-89,-
Western Water Catchment - Total,male,85-89,-
Bahar,male,85-89,-
Cleantech,male,85-89,-
Murai,male,85-89,-
Woodlands - Total,male,85-89,500
Greenwood Park,male,85-89,-
Midview,male,85-89,70
North Coast,male,85-89,60
Senoko West,male,85-89,-
Woodgrove,male,85-89,70
Woodlands East,male,85-89,130
Woodlands Regional Centre,male,85-89,-
Woodlands South,male,85-89,60
Woodlands West,male,85-89,120
Yishun - Total,male,85-89,530
Khatib,male,85-89,40
Lower Seletar,male,85-89,10
Nee Soon,male,85-89,10
Northland,male,85-89,50
Springleaf,male,85-89,10
Yishun Central,male,85-89,10
Yishun East,male,85-89,80
Yishun South,male,85-89,110
Yishun West,male,85-89,190
Total,male,90andover,6310
Ang Mo Kio - Total,male,90andover,320
Ang Mo Kio Town Centre,male,90andover,10
Cheng San,male,90andover,50
Chong Boon,male,90andover,60
Kebun Bahru,male,90andover,50
Sembawang Hills,male,90andover,30
Shangri-La,male,90andover,30
Tagore,male,90andover,20
Townsville,male,90andover,50
Yio Chu Kang,male,90andover,-
Yio Chu Kang East,male,90andover,10
Yio Chu Kang North,male,90andover,-
Yio Chu Kang West,male,90andover,30
Bedok - Total,male,90andover,600
Bayshore,male,90andover,10
Bedok North,male,90andover,160
Bedok Reservoir,male,90andover,30
Bedok South,male,90andover,120
Frankel,male,90andover,90
Kaki Bukit,male,90andover,50
Kembangan,male,90andover,110
Siglap,male,90andover,30
Bishan - Total,male,90andover,160
Bishan East,male,90andover,40
Marymount,male,90andover,50
Upper Thomson,male,90andover,80
Boon Lay - Total,male,90andover,-
Liu Fang,male,90andover,-
Samulun,male,90andover,-
Shipyard,male,90andover,-
Tukang,male,90andover,-
Bukit Batok - Total,male,90andover,170
Brickworks,male,90andover,10
Bukit Batok Central,male,90andover,30
Bukit Batok East,male,90andover,20
Bukit Batok South,male,90andover,10
Bukit Batok West,male,90andover,20
Gombak,male,90andover,10
Guilin,male,90andover,20
Hillview,male,90andover,30
Hong Kah North,male,90andover,30
Bukit Merah - Total,male,90andover,480
Alexandra Hill,male,90andover,50
Alexandra North,male,90andover,-
Bukit Ho Swee,male,90andover,70
Bukit Merah,male,90andover,-
City Terminals,male,90andover,-
Depot Road,male,90andover,10
Everton Park,male,90andover,30
Henderson Hill,male,90andover,40
Kampong Tiong Bahru,male,90andover,30
Maritime Square,male,90andover,10
Redhill,male,90andover,40
Singapore General Hospital,male,90andover,-
Telok Blangah Drive,male,90andover,30
Telok Blangah Rise,male,90andover,30
Telok Blangah Way,male,90andover,50
Tiong Bahru,male,90andover,40
Tiong Bahru Station,male,90andover,40
Bukit Panjang - Total,male,90andover,130
Bangkit,male,90andover,40
Dairy Farm,male,90andover,10
Fajar,male,90andover,20
Jelebu,male,90andover,20
Nature Reserve,male,90andover,-
Saujana,male,90andover,20
Senja,male,90andover,20
Bukit Timah - Total,male,90andover,180
Anak Bukit,male,90andover,50
Coronation Road,male,90andover,20
Farrer Court,male,90andover,20
Hillcrest,male,90andover,20
Holland Road,male,90andover,20
Leedon Park,male,90andover,20
Swiss Club,male,90andover,20
Ulu Pandan,male,90andover,20
Central Water Catchment - Total,male,90andover,-
Central Water Catchment,male,90andover,-
Changi- Total,male,90andover,10
Changi Airport,male,90andover,-
Changi Point,male,90andover,-
Changi West,male,90andover,-
Changi Bay - Total,male,90andover,-
Changi Bay,male,90andover,-
Choa Chu Kang - Total,male,90andover,150
Choa Chu Kang Central,male,90andover,20
Choa Chu Kang North,male,90andover,30
Keat Hong,male,90andover,10
Peng Siang,male,90andover,40
Teck Whye,male,90andover,30
Yew Tee,male,90andover,30
Clementi - Total,male,90andover,170
Clementi Central,male,90andover,30
Clementi North,male,90andover,70
Clementi West,male,90andover,20
Clementi Woods,male,90andover,30
Faber,male,90andover,10
Pandan,male,90andover,-
Sunset Way,male,90andover,10
Toh Tuck,male,90andover,-
West Coast,male,90andover,10
Downtown Core - Total,male,90andover,50
Anson,male,90andover,-
Bayfront Subzone,male,90andover,-
Bugis,male,90andover,10
Cecil,male,90andover,-
Central Subzone,male,90andover,-
City Hall,male,90andover,-
Clifford Pier,male,90andover,-
Marina Centre,male,90andover,-
Maxwell,male,90andover,-
Nicoll,male,90andover,-
Phillip,male,90andover,-
Raffles Place,male,90andover,-
Tanjong Pagar,male,90andover,30
Geylang - Total,male,90andover,310
Aljunied,male,90andover,140
Geylang East,male,90andover,70
Kallang Way,male,90andover,-
Kampong Ubi,male,90andover,10
Macpherson,male,90andover,80
Hougang - Total,male,90andover,290
Defu Industrial Park,male,90andover,-
Hougang Central,male,90andover,10
Hougang East,male,90andover,20
Hougang West,male,90andover,50
Kangkar,male,90andover,30
Kovan,male,90andover,60
Lorong Ah Soo,male,90andover,50
Lorong Halus,male,90andover,-
Tai Seng,male,90andover,30
Trafalgar,male,90andover,40
Jurong East - Total,male,90andover,120
International Business Park,male,90andover,-
Jurong Gateway,male,90andover,-
Jurong Port,male,90andover,-
Jurong River,male,90andover,-
Lakeside (Business),male,90andover,-
Lakeside (Leisure),male,90andover,-
Penjuru Crescent,male,90andover,-
Teban Gardens,male,90andover,30
Toh Guan,male,90andover,10
Yuhua East,male,90andover,50
Yuhua West,male,90andover,30
Jurong West - Total,male,90andover,210
Boon Lay Place,male,90andover,30
Chin Bee,male,90andover,-
Hong Kah,male,90andover,50
Jurong West Central,male,90andover,30
Kian Teck,male,90andover,-
Safti,male,90andover,-
Taman Jurong,male,90andover,40
Wenya,male,90andover,10
Yunnan,male,90andover,50
Kallang - Total,male,90andover,320
Bendemeer,male,90andover,90
Boon Keng,male,90andover,40
Crawford,male,90andover,60
Geylang Bahru,male,90andover,40
Kallang Bahru,male,90andover,-
Kampong Bugis,male,90andover,-
Kampong Java,male,90andover,30
Lavender,male,90andover,40
Tanjong Rhu,male,90andover,20
Lim Chu Kang - Total,male,90andover,-
Lim Chu Kang,male,90andover,-
Mandai - Total,male,90andover,-
Mandai East,male,90andover,-
Mandai Estate,male,90andover,-
Mandai West,male,90andover,-
Marina East - Total,male,90andover,-
Marina East,male,90andover,-
Marina South - Total,male,90andover,-
Marina South,male,90andover,-
Marine Parade - Total,male,90andover,160
East Coast,male,90andover,-
Katong,male,90andover,20
Marina East (Mp),male,90andover,-
Marine Parade,male,90andover,110
Mountbatten,male,90andover,30
Museum - Total,male,90andover,-
Bras Basah,male,90andover,-
Dhoby Ghaut,male,90andover,-
Fort Canning,male,90andover,-
Newton - Total,male,90andover,30
Cairnhill,male,90andover,10
Goodwood Park,male,90andover,-
Istana Negara,male,90andover,-
Monk's Hill,male,90andover,10
Newton Circus,male,90andover,-
Orange Grove,male,90andover,-
North-Eastern Islands - Total,male,90andover,-
North-Eastern Islands,male,90andover,-
Novena - Total,male,90andover,140
Balestier,male,90andover,90
Dunearn,male,90andover,20
Malcolm,male,90andover,10
Moulmein,male,90andover,20
Mount Pleasant,male,90andover,10
Orchard - Total,male,90andover,-
Boulevard,male,90andover,-
Somerset,male,90andover,-
Tanglin,male,90andover,-
Outram - Total,male,90andover,120
China Square,male,90andover,-
Chinatown,male,90andover,50
Pearl's Hill,male,90andover,60
People's Park,male,90andover,-
Pasir Ris - Total,male,90andover,140
Flora Drive,male,90andover,20
Loyang East,male,90andover,-
Loyang West,male,90andover,10
Pasir Ris Central,male,90andover,30
Pasir Ris Drive,male,90andover,60
Pasir Ris Park,male,90andover,-
Pasir Ris Wafer Fab Park,male,90andover,-
Pasir Ris West,male,90andover,30
Paya Lebar - Total,male,90andover,-
Airport Road,male,90andover,-
Paya Lebar East,male,90andover,-
Paya Lebar North,male,90andover,-
Paya Lebar West,male,90andover,-
Plab,male,90andover,-
Pioneer - Total,male,90andover,-
Benoi Sector,male,90andover,-
Gul Basin,male,90andover,-
Gul Circle,male,90andover,-
Joo Koon,male,90andover,-
Pioneer Sector,male,90andover,-
Punggol - Total,male,90andover,80
Coney Island,male,90andover,-
Matilda,male,90andover,10
Northshore,male,90andover,-
Punggol Canal,male,90andover,-
Punggol Field,male,90andover,40
Punggol Town Centre,male,90andover,10
Waterway East,male,90andover,20
Queenstown - Total,male,90andover,300
Commonwealth,male,90andover,40
Dover,male,90andover,20
Ghim Moh,male,90andover,40
Holland Drive,male,90andover,70
Kent Ridge,male,90andover,-
Margaret Drive,male,90andover,30
Mei Chin,male,90andover,50
National University Of S'pore,male,90andover,-
One North,male,90andover,-
Pasir Panjang 1,male,90andover,-
Pasir Panjang 2,male,90andover,10
Port,male,90andover,-
Queensway,male,90andover,-
Singapore Polytechnic,male,90andover,-
Tanglin Halt,male,90andover,40
River Valley - Total,male,90andover,20
Institution Hill,male,90andover,-
Leonie Hill,male,90andover,-
One Tree Hill,male,90andover,10
Oxley,male,90andover,10
Paterson,male,90andover,-
Rochor - Total,male,90andover,130
Bencoolen,male,90andover,10
Farrer Park,male,90andover,30
Kampong Glam,male,90andover,20
Little India,male,90andover,40
Mackenzie,male,90andover,-
Mount Emily,male,90andover,10
Rochor Canal,male,90andover,-
Selegie,male,90andover,-
Sungei Road,male,90andover,-
Victoria,male,90andover,20
Seletar - Total,male,90andover,-
Pulau Punggol Barat,male,90andover,-
Pulau Punggol Timor,male,90andover,-
Seletar,male,90andover,-
Seletar Aerospace Park,male,90andover,-
Sembawang - Total,male,90andover,70
Admiralty,male,90andover,10
Sembawang Central,male,90andover,20
Sembawang East,male,90andover,10
Sembawang North,male,90andover,20
Sembawang Springs,male,90andover,10
Sembawang Straits,male,90andover,-
Senoko North,male,90andover,-
Senoko South,male,90andover,-
The Wharves,male,90andover,-
Sengkang - Total,male,90andover,150
Anchorvale,male,90andover,20
Compassvale,male,90andover,10
Fernvale,male,90andover,40
Lorong Halus North,male,90andover,-
Rivervale,male,90andover,40
Sengkang Town Centre,male,90andover,40
Sengkang West,male,90andover,-
Serangoon - Total,male,90andover,230
Lorong Chuan,male,90andover,20
Seletar Hills,male,90andover,20
Serangoon Central,male,90andover,50
Serangoon Garden,male,90andover,100
Serangoon North,male,90andover,10
Serangoon North Ind Estate,male,90andover,-
Upper Paya Lebar,male,90andover,30
Simpang - Total,male,90andover,-
Pulau Seletar,male,90andover,-
Simpang North,male,90andover,-
Simpang South,male,90andover,-
Tanjong Irau,male,90andover,-
Singapore River - Total,male,90andover,10
Boat Quay,male,90andover,-
Clarke Quay,male,90andover,10
Robertson Quay,male,90andover,-
Southern Islands - Total,male,90andover,-
Sentosa,male,90andover,-
Southern Group,male,90andover,-
Straits View - Total,male,90andover,-
Straits View,male,90andover,-
Sungei Kadut - Total,male,90andover,-
Gali Batu,male,90andover,-
Kranji,male,90andover,-
Pang Sua,male,90andover,-
Reservoir View,male,90andover,-
Turf Club,male,90andover,-
Tampines - Total,male,90andover,290
Simei,male,90andover,60
Tampines East,male,90andover,140
Tampines North,male,90andover,10
Tampines West,male,90andover,70
Xilin,male,90andover,-
Tanglin - Total,male,90andover,50
Chatsworth,male,90andover,10
Nassim,male,90andover,30
Ridout,male,90andover,10
Tyersall,male,90andover,10
Tengah - Total,male,90andover,-
Brickland,male,90andover,-
Forest Hill,male,90andover,-
Garden,male,90andover,-
Park,male,90andover,-
Plantation,male,90andover,-
Tengah Industrial Estate,male,90andover,-
Toa Payoh - Total,male,90andover,350
Bidadari,male,90andover,-
Boon Teck,male,90andover,60
Braddell,male,90andover,30
Joo Seng,male,90andover,20
Kim Keat,male,90andover,20
Lorong 8 Toa Payoh,male,90andover,20
Pei Chun,male,90andover,30
Potong Pasir,male,90andover,10
Sennett,male,90andover,30
Toa Payoh Central,male,90andover,80
Toa Payoh West,male,90andover,40
Woodleigh,male,90andover,-
Tuas - Total,male,90andover,-
Tengeh,male,90andover,-
Tuas Bay,male,90andover,-
Tuas North,male,90andover,-
Tuas Promenade,male,90andover,-
Tuas View,male,90andover,-
Tuas View Extension,male,90andover,-
Western Islands - Total,male,90andover,-
Jurong Island And Bukom,male,90andover,-
Semakau,male,90andover,-
Sudong,male,90andover,-
Western Water Catchment - Total,male,90andover,-
Bahar,male,90andover,-
Cleantech,male,90andover,-
Murai,male,90andover,-
Woodlands - Total,male,90andover,180
Greenwood Park,male,90andover,-
Midview,male,90andover,30
North Coast,male,90andover,10
Senoko West,male,90andover,-
Woodgrove,male,90andover,30
Woodlands East,male,90andover,50
Woodlands Regional Centre,male,90andover,-
Woodlands South,male,90andover,20
Woodlands West,male,90andover,40
Yishun - Total,male,90andover,210
Khatib,male,90andover,10
Lower Seletar,male,90andover,10
Nee Soon,male,90andover,-
Northland,male,90andover,30
Springleaf,male,90andover,10
Yishun Central,male,90andover,-
Yishun East,male,90andover,30
Yishun South,male,90andover,50
Yishun West,male,90andover,70
Total,female,fetotal,2066650
Ang Mo Kio - Total,female,fetotal,84700
Ang Mo Kio Town Centre,female,fetotal,2550
Cheng San,female,fetotal,14600
Chong Boon,female,fetotal,13640
Kebun Bahru,female,fetotal,11970
Sembawang Hills,female,fetotal,3650
Shangri-La,female,fetotal,8180
Tagore,female,fetotal,4160
Townsville,female,fetotal,11210
Yio Chu Kang,female,fetotal,-
Yio Chu Kang East,female,fetotal,2120
Yio Chu Kang North,female,fetotal,-
Yio Chu Kang West,female,fetotal,12630
Bedok - Total,female,fetotal,142790
Bayshore,female,fetotal,3870
Bedok North,female,fetotal,42140
Bedok Reservoir,female,fetotal,12990
Bedok South,female,fetotal,24160
Frankel,female,fetotal,18230
Kaki Bukit,female,fetotal,18940
Kembangan,female,fetotal,19010
Siglap,female,fetotal,3460
Bishan - Total,female,fetotal,45060
Bishan East,female,fetotal,14880
Marymount,female,fetotal,14940
Upper Thomson,female,fetotal,15230
Boon Lay - Total,female,fetotal,-
Liu Fang,female,fetotal,-
Samulun,female,fetotal,-
Shipyard,female,fetotal,-
Tukang,female,fetotal,-
Bukit Batok - Total,female,fetotal,80550
Brickworks,female,fetotal,10020
Bukit Batok Central,female,fetotal,14000
Bukit Batok East,female,fetotal,6410
Bukit Batok South,female,fetotal,7570
Bukit Batok West,female,fetotal,7700
Gombak,female,fetotal,5090
Guilin,female,fetotal,6650
Hillview,female,fetotal,10000
Hong Kah North,female,fetotal,13120
Bukit Merah - Total,female,fetotal,78520
Alexandra Hill,female,fetotal,6860
Alexandra North,female,fetotal,1400
Bukit Ho Swee,female,fetotal,7340
Bukit Merah,female,fetotal,570
City Terminals,female,fetotal,-
Depot Road,female,fetotal,3450
Everton Park,female,fetotal,4120
Henderson Hill,female,fetotal,6830
Kampong Tiong Bahru,female,fetotal,4560
Maritime Square,female,fetotal,1850
Redhill,female,fetotal,5470
Singapore General Hospital,female,fetotal,-
Telok Blangah Drive,female,fetotal,10140
Telok Blangah Rise,female,fetotal,6420
Telok Blangah Way,female,fetotal,4620
Tiong Bahru,female,fetotal,6900
Tiong Bahru Station,female,fetotal,7980
Bukit Panjang - Total,female,fetotal,70120
Bangkit,female,fetotal,11260
Dairy Farm,female,fetotal,3590
Fajar,female,fetotal,13950
Jelebu,female,fetotal,15940
Nature Reserve,female,fetotal,2040
Saujana,female,fetotal,13090
Senja,female,fetotal,10260
Bukit Timah - Total,female,fetotal,41880
Anak Bukit,female,fetotal,11500
Coronation Road,female,fetotal,3650
Farrer Court,female,fetotal,3280
Hillcrest,female,fetotal,5300
Holland Road,female,fetotal,6040
Leedon Park,female,fetotal,3480
Swiss Club,female,fetotal,2880
Ulu Pandan,female,fetotal,5740
Central Water Catchment - Total,female,fetotal,-
Central Water Catchment,female,fetotal,-
Changi- Total,female,fetotal,890
Changi Airport,female,fetotal,-
Changi Point,female,fetotal,240
Changi West,female,fetotal,650
Changi Bay - Total,female,fetotal,-
Changi Bay,female,fetotal,-
Choa Chu Kang - Total,female,fetotal,96380
Choa Chu Kang Central,female,fetotal,11340
Choa Chu Kang North,female,fetotal,16070
Keat Hong,female,fetotal,19170
Peng Siang,female,fetotal,17390
Teck Whye,female,fetotal,12140
Yew Tee,female,fetotal,20280
Clementi - Total,female,fetotal,48360
Clementi Central,female,fetotal,7400
Clementi North,female,fetotal,15410
Clementi West,female,fetotal,7950
Clementi Woods,female,fetotal,8340
Faber,female,fetotal,2740
Pandan,female,fetotal,-
Sunset Way,female,fetotal,3010
Toh Tuck,female,fetotal,-
West Coast,female,fetotal,3500
Downtown Core - Total,female,fetotal,1600
Anson,female,fetotal,-
Bayfront Subzone,female,fetotal,-
Bugis,female,fetotal,450
Cecil,female,fetotal,130
Central Subzone,female,fetotal,470
City Hall,female,fetotal,-
Clifford Pier,female,fetotal,-
Marina Centre,female,fetotal,-
Maxwell,female,fetotal,-
Nicoll,female,fetotal,140
Phillip,female,fetotal,-
Raffles Place,female,fetotal,-
Tanjong Pagar,female,fetotal,320
Geylang - Total,female,fetotal,55860
Aljunied,female,fetotal,20250
Geylang East,female,fetotal,15380
Kallang Way,female,fetotal,-
Kampong Ubi,female,fetotal,5910
Macpherson,female,fetotal,14300
Hougang - Total,female,fetotal,116070
Defu Industrial Park,female,fetotal,-
Hougang Central,female,fetotal,2370
Hougang East,female,fetotal,12810
Hougang West,female,fetotal,23050
Kangkar,female,fetotal,16540
Kovan,female,fetotal,12840
Lorong Ah Soo,female,fetotal,17050
Lorong Halus,female,fetotal,-
Tai Seng,female,fetotal,7160
Trafalgar,female,fetotal,24240
Jurong East - Total,female,fetotal,39670
International Business Park,female,fetotal,-
Jurong Gateway,female,fetotal,240
Jurong Port,female,fetotal,-
Jurong River,female,fetotal,-
Lakeside (Business),female,fetotal,-
Lakeside (Leisure),female,fetotal,500
Penjuru Crescent,female,fetotal,-
Teban Gardens,female,fetotal,9280
Toh Guan,female,fetotal,7360
Yuhua East,female,fetotal,12650
Yuhua West,female,fetotal,9630
Jurong West - Total,female,fetotal,130840
Boon Lay Place,female,fetotal,14270
Chin Bee,female,fetotal,-
Hong Kah,female,fetotal,27230
Jurong West Central,female,fetotal,31950
Kian Teck,female,fetotal,-
Safti,female,fetotal,-
Taman Jurong,female,fetotal,20000
Wenya,female,fetotal,4110
Yunnan,female,fetotal,33250
Kallang - Total,female,fetotal,51260
Bendemeer,female,fetotal,19330
Boon Keng,female,fetotal,6160
Crawford,female,fetotal,3750
Geylang Bahru,female,fetotal,5660
Kallang Bahru,female,fetotal,-
Kampong Bugis,female,fetotal,460
Kampong Java,female,fetotal,5390
Lavender,female,fetotal,4610
Tanjong Rhu,female,fetotal,5880
Lim Chu Kang - Total,female,fetotal,50
Lim Chu Kang,female,fetotal,50
Mandai - Total,female,fetotal,1100
Mandai East,female,fetotal,-
Mandai Estate,female,fetotal,1100
Mandai West,female,fetotal,-
Marina East - Total,female,fetotal,-
Marina East,female,fetotal,-
Marina South - Total,female,fetotal,-
Marina South,female,fetotal,-
Marine Parade - Total,female,fetotal,24520
East Coast,female,fetotal,-
Katong,female,fetotal,4910
Marina East (Mp),female,fetotal,-
Marine Parade,female,fetotal,14350
Mountbatten,female,fetotal,5260
Museum - Total,female,fetotal,250
Bras Basah,female,fetotal,-
Dhoby Ghaut,female,fetotal,160
Fort Canning,female,fetotal,90
Newton - Total,female,fetotal,4310
Cairnhill,female,fetotal,2060
Goodwood Park,female,fetotal,660
Istana Negara,female,fetotal,-
Monk's Hill,female,fetotal,510
Newton Circus,female,fetotal,110
Orange Grove,female,fetotal,950
North-Eastern Islands - Total,female,fetotal,-
North-Eastern Islands,female,fetotal,-
Novena - Total,female,fetotal,25400
Balestier,female,fetotal,16760
Dunearn,female,fetotal,2150
Malcolm,female,fetotal,1570
Moulmein,female,fetotal,4580
Mount Pleasant,female,fetotal,340
Orchard - Total,female,fetotal,490
Boulevard,female,fetotal,200
Somerset,female,fetotal,80
Tanglin,female,fetotal,210
Outram - Total,female,fetotal,9130
China Square,female,fetotal,760
Chinatown,female,fetotal,5450
Pearl's Hill,female,fetotal,2750
People's Park,female,fetotal,160
Pasir Ris - Total,female,fetotal,74570
Flora Drive,female,fetotal,7470
Loyang East,female,fetotal,1080
Loyang West,female,fetotal,120
Pasir Ris Central,female,fetotal,16490
Pasir Ris Drive,female,fetotal,27480
Pasir Ris Park,female,fetotal,3860
Pasir Ris Wafer Fab Park,female,fetotal,-
Pasir Ris West,female,fetotal,18070
Paya Lebar - Total,female,fetotal,-
Airport Road,female,fetotal,-
Paya Lebar East,female,fetotal,-
Paya Lebar North,female,fetotal,-
Paya Lebar West,female,fetotal,-
Plab,female,fetotal,-
Pioneer - Total,female,fetotal,-
Benoi Sector,female,fetotal,-
Gul Basin,female,fetotal,-
Gul Circle,female,fetotal,-
Joo Koon,female,fetotal,-
Pioneer Sector,female,fetotal,-
Punggol - Total,female,fetotal,88520
Coney Island,female,fetotal,-
Matilda,female,fetotal,26590
Northshore,female,fetotal,220
Punggol Canal,female,fetotal,-
Punggol Field,female,fetotal,24840
Punggol Town Centre,female,fetotal,11340
Waterway East,female,fetotal,25530
Queenstown - Total,female,fetotal,50820
Commonwealth,female,fetotal,3770
Dover,female,fetotal,5820
Ghim Moh,female,fetotal,7380
Holland Drive,female,fetotal,6920
Kent Ridge,female,fetotal,-
Margaret Drive,female,fetotal,8380
Mei Chin,female,fetotal,8210
National University Of S'pore,female,fetotal,170
One North,female,fetotal,370
Pasir Panjang 1,female,fetotal,2300
Pasir Panjang 2,female,fetotal,1570
Port,female,fetotal,60
Queensway,female,fetotal,140
Singapore Polytechnic,female,fetotal,-
Tanglin Halt,female,fetotal,5630
River Valley - Total,female,fetotal,5450
Institution Hill,female,fetotal,1650
Leonie Hill,female,fetotal,1690
One Tree Hill,female,fetotal,1150
Oxley,female,fetotal,820
Paterson,female,fetotal,130
Rochor - Total,female,fetotal,6590
Bencoolen,female,fetotal,690
Farrer Park,female,fetotal,1310
Kampong Glam,female,fetotal,40
Little India,female,fetotal,1580
Mackenzie,female,fetotal,50
Mount Emily,female,fetotal,860
Rochor Canal,female,fetotal,-
Selegie,female,fetotal,100
Sungei Road,female,fetotal,1030
Victoria,female,fetotal,920
Seletar - Total,female,fetotal,160
Pulau Punggol Barat,female,fetotal,-
Pulau Punggol Timor,female,fetotal,-
Seletar,female,fetotal,150
Seletar Aerospace Park,female,fetotal,-
Sembawang - Total,female,fetotal,51930
Admiralty,female,fetotal,7060
Sembawang Central,female,fetotal,17740
Sembawang East,female,fetotal,8790
Sembawang North,female,fetotal,12790
Sembawang Springs,female,fetotal,4610
Sembawang Straits,female,fetotal,930
Senoko North,female,fetotal,-
Senoko South,female,fetotal,-
The Wharves,female,fetotal,-
Sengkang - Total,female,fetotal,126890
Anchorvale,female,fetotal,24420
Compassvale,female,fetotal,10790
Fernvale,female,fetotal,29950
Lorong Halus North,female,fetotal,-
Rivervale,female,fetotal,30230
Sengkang Town Centre,female,fetotal,31500
Sengkang West,female,fetotal,-
Serangoon - Total,female,fetotal,60530
Lorong Chuan,female,fetotal,4400
Seletar Hills,female,fetotal,7460
Serangoon Central,female,fetotal,12960
Serangoon Garden,female,fetotal,18860
Serangoon North,female,fetotal,8100
Serangoon North Ind Estate,female,fetotal,-
Upper Paya Lebar,female,fetotal,8760
Simpang - Total,female,fetotal,-
Pulau Seletar,female,fetotal,-
Simpang North,female,fetotal,-
Simpang South,female,fetotal,-
Tanjong Irau,female,fetotal,-
Singapore River - Total,female,fetotal,1730
Boat Quay,female,fetotal,60
Clarke Quay,female,fetotal,50
Robertson Quay,female,fetotal,1610
Southern Islands - Total,female,fetotal,1020
Sentosa,female,fetotal,1020
Southern Group,female,fetotal,-
Straits View - Total,female,fetotal,-
Straits View,female,fetotal,-
Sungei Kadut - Total,female,fetotal,370
Gali Batu,female,fetotal,-
Kranji,female,fetotal,-
Pang Sua,female,fetotal,-
Reservoir View,female,fetotal,-
Turf Club,female,fetotal,340
Tampines - Total,female,fetotal,132900
Simei,female,fetotal,20400
Tampines East,female,fetotal,67010
Tampines North,female,fetotal,4090
Tampines West,female,fetotal,40510
Xilin,female,fetotal,880
Tanglin - Total,female,fetotal,11700
Chatsworth,female,fetotal,3690
Nassim,female,fetotal,5110
Ridout,female,fetotal,830
Tyersall,female,fetotal,2070
Tengah - Total,female,fetotal,-
Brickland,female,fetotal,-
Forest Hill,female,fetotal,-
Garden,female,fetotal,-
Park,female,fetotal,-
Plantation,female,fetotal,-
Tengah Industrial Estate,female,fetotal,-
Toa Payoh - Total,female,fetotal,63960
Bidadari,female,fetotal,-
Boon Teck,female,fetotal,7450
Braddell,female,fetotal,5210
Joo Seng,female,fetotal,4120
Kim Keat,female,fetotal,4130
Lorong 8 Toa Payoh,female,fetotal,3730
Pei Chun,female,fetotal,5420
Potong Pasir,female,fetotal,6060
Sennett,female,fetotal,3720
Toa Payoh Central,female,fetotal,15070
Toa Payoh West,female,fetotal,7780
Woodleigh,female,fetotal,1260
Tuas - Total,female,fetotal,-
Tengeh,female,fetotal,-
Tuas Bay,female,fetotal,-
Tuas North,female,fetotal,-
Tuas Promenade,female,fetotal,-
Tuas View,female,fetotal,-
Tuas View Extension,female,fetotal,-
Western Islands - Total,female,fetotal,-
Jurong Island And Bukom,female,fetotal,-
Semakau,female,fetotal,-
Sudong,female,fetotal,-
Western Water Catchment - Total,female,fetotal,350
Bahar,female,fetotal,-
Cleantech,female,fetotal,-
Murai,female,fetotal,350
Woodlands - Total,female,fetotal,127150
Greenwood Park,female,fetotal,-
Midview,female,fetotal,17610
North Coast,female,fetotal,5970
Senoko West,female,fetotal,-
Woodgrove,female,fetotal,16920
Woodlands East,female,fetotal,49500
Woodlands Regional Centre,female,fetotal,-
Woodlands South,female,fetotal,20470
Woodlands West,female,fetotal,16650
Yishun - Total,female,fetotal,112140
Khatib,female,fetotal,5270
Lower Seletar,female,fetotal,9420
Nee Soon,female,fetotal,450
Northland,female,fetotal,14070
Springleaf,female,fetotal,2190
Yishun Central,female,fetotal,1340
Yishun East,female,fetotal,30640
Yishun South,female,fetotal,21580
Yishun West,female,fetotal,27190
Total,female,fe0-4,89690
Ang Mo Kio - Total,female,fe0-4,2570
Ang Mo Kio Town Centre,female,fe0-4,80
Cheng San,female,fe0-4,490
Chong Boon,female,fe0-4,420
Kebun Bahru,female,fe0-4,350
Sembawang Hills,female,fe0-4,100
Shangri-La,female,fe0-4,260
Tagore,female,fe0-4,110
Townsville,female,fe0-4,340
Yio Chu Kang,female,fe0-4,-
Yio Chu Kang East,female,fe0-4,70
Yio Chu Kang North,female,fe0-4,-
Yio Chu Kang West,female,fe0-4,350
Bedok - Total,female,fe0-4,4810
Bayshore,female,fe0-4,150
Bedok North,female,fe0-4,1310
Bedok Reservoir,female,fe0-4,520
Bedok South,female,fe0-4,730
Frankel,female,fe0-4,770
Kaki Bukit,female,fe0-4,600
Kembangan,female,fe0-4,670
Siglap,female,fe0-4,80
Bishan - Total,female,fe0-4,1320
Bishan East,female,fe0-4,410
Marymount,female,fe0-4,470
Upper Thomson,female,fe0-4,440
Boon Lay - Total,female,fe0-4,-
Liu Fang,female,fe0-4,-
Samulun,female,fe0-4,-
Shipyard,female,fe0-4,-
Tukang,female,fe0-4,-
Bukit Batok - Total,female,fe0-4,3890
Brickworks,female,fe0-4,1300
Bukit Batok Central,female,fe0-4,640
Bukit Batok East,female,fe0-4,180
Bukit Batok South,female,fe0-4,330
Bukit Batok West,female,fe0-4,330
Gombak,female,fe0-4,190
Guilin,female,fe0-4,210
Hillview,female,fe0-4,270
Hong Kah North,female,fe0-4,430
Bukit Merah - Total,female,fe0-4,2920
Alexandra Hill,female,fe0-4,190
Alexandra North,female,fe0-4,90
Bukit Ho Swee,female,fe0-4,230
Bukit Merah,female,fe0-4,20
City Terminals,female,fe0-4,-
Depot Road,female,fe0-4,190
Everton Park,female,fe0-4,100
Henderson Hill,female,fe0-4,220
Kampong Tiong Bahru,female,fe0-4,100
Maritime Square,female,fe0-4,100
Redhill,female,fe0-4,230
Singapore General Hospital,female,fe0-4,-
Telok Blangah Drive,female,fe0-4,560
Telok Blangah Rise,female,fe0-4,160
Telok Blangah Way,female,fe0-4,120
Tiong Bahru,female,fe0-4,340
Tiong Bahru Station,female,fe0-4,290
Bukit Panjang - Total,female,fe0-4,3060
Bangkit,female,fe0-4,330
Dairy Farm,female,fe0-4,160
Fajar,female,fe0-4,720
Jelebu,female,fe0-4,470
Nature Reserve,female,fe0-4,80
Saujana,female,fe0-4,750
Senja,female,fe0-4,550
Bukit Timah - Total,female,fe0-4,1630
Anak Bukit,female,fe0-4,330
Coronation Road,female,fe0-4,150
Farrer Court,female,fe0-4,150
Hillcrest,female,fe0-4,250
Holland Road,female,fe0-4,250
Leedon Park,female,fe0-4,150
Swiss Club,female,fe0-4,130
Ulu Pandan,female,fe0-4,210
Central Water Catchment - Total,female,fe0-4,-
Central Water Catchment,female,fe0-4,-
Changi- Total,female,fe0-4,70
Changi Airport,female,fe0-4,-
Changi Point,female,fe0-4,-
Changi West,female,fe0-4,70
Changi Bay - Total,female,fe0-4,-
Changi Bay,female,fe0-4,-
Choa Chu Kang - Total,female,fe0-4,4400
Choa Chu Kang Central,female,fe0-4,380
Choa Chu Kang North,female,fe0-4,410
Keat Hong,female,fe0-4,1740
Peng Siang,female,fe0-4,810
Teck Whye,female,fe0-4,380
Yew Tee,female,fe0-4,680
Clementi - Total,female,fe0-4,1860
Clementi Central,female,fe0-4,230
Clementi North,female,fe0-4,680
Clementi West,female,fe0-4,250
Clementi Woods,female,fe0-4,330
Faber,female,fe0-4,150
Pandan,female,fe0-4,-
Sunset Way,female,fe0-4,80
Toh Tuck,female,fe0-4,-
West Coast,female,fe0-4,150
Downtown Core - Total,female,fe0-4,50
Anson,female,fe0-4,-
Bayfront Subzone,female,fe0-4,-
Bugis,female,fe0-4,10
Cecil,female,fe0-4,-
Central Subzone,female,fe0-4,20
City Hall,female,fe0-4,-
Clifford Pier,female,fe0-4,-
Marina Centre,female,fe0-4,-
Maxwell,female,fe0-4,-
Nicoll,female,fe0-4,10
Phillip,female,fe0-4,-
Raffles Place,female,fe0-4,-
Tanjong Pagar,female,fe0-4,10
Geylang - Total,female,fe0-4,1910
Aljunied,female,fe0-4,590
Geylang East,female,fe0-4,530
Kallang Way,female,fe0-4,-
Kampong Ubi,female,fe0-4,190
Macpherson,female,fe0-4,600
Hougang - Total,female,fe0-4,4440
Defu Industrial Park,female,fe0-4,-
Hougang Central,female,fe0-4,60
Hougang East,female,fe0-4,650
Hougang West,female,fe0-4,680
Kangkar,female,fe0-4,830
Kovan,female,fe0-4,460
Lorong Ah Soo,female,fe0-4,470
Lorong Halus,female,fe0-4,-
Tai Seng,female,fe0-4,230
Trafalgar,female,fe0-4,1060
Jurong East - Total,female,fe0-4,1200
International Business Park,female,fe0-4,-
Jurong Gateway,female,fe0-4,10
Jurong Port,female,fe0-4,-
Jurong River,female,fe0-4,-
Lakeside (Business),female,fe0-4,-
Lakeside (Leisure),female,fe0-4,10
Penjuru Crescent,female,fe0-4,-
Teban Gardens,female,fe0-4,370
Toh Guan,female,fe0-4,190
Yuhua East,female,fe0-4,340
Yuhua West,female,fe0-4,280
Jurong West - Total,female,fe0-4,5150
Boon Lay Place,female,fe0-4,720
Chin Bee,female,fe0-4,-
Hong Kah,female,fe0-4,910
Jurong West Central,female,fe0-4,1250
Kian Teck,female,fe0-4,-
Safti,female,fe0-4,-
Taman Jurong,female,fe0-4,980
Wenya,female,fe0-4,220
Yunnan,female,fe0-4,1070
Kallang - Total,female,fe0-4,1960
Bendemeer,female,fe0-4,950
Boon Keng,female,fe0-4,220
Crawford,female,fe0-4,110
Geylang Bahru,female,fe0-4,130
Kallang Bahru,female,fe0-4,-
Kampong Bugis,female,fe0-4,20
Kampong Java,female,fe0-4,160
Lavender,female,fe0-4,160
Tanjong Rhu,female,fe0-4,200
Lim Chu Kang - Total,female,fe0-4,-
Lim Chu Kang,female,fe0-4,-
Mandai - Total,female,fe0-4,40
Mandai East,female,fe0-4,-
Mandai Estate,female,fe0-4,40
Mandai West,female,fe0-4,-
Marina East - Total,female,fe0-4,-
Marina East,female,fe0-4,-
Marina South - Total,female,fe0-4,-
Marina South,female,fe0-4,-
Marine Parade - Total,female,fe0-4,990
East Coast,female,fe0-4,-
Katong,female,fe0-4,210
Marina East (Mp),female,fe0-4,-
Marine Parade,female,fe0-4,540
Mountbatten,female,fe0-4,240
Museum - Total,female,fe0-4,10
Bras Basah,female,fe0-4,-
Dhoby Ghaut,female,fe0-4,10
Fort Canning,female,fe0-4,10
Newton - Total,female,fe0-4,190
Cairnhill,female,fe0-4,90
Goodwood Park,female,fe0-4,40
Istana Negara,female,fe0-4,-
Monk's Hill,female,fe0-4,20
Newton Circus,female,fe0-4,-
Orange Grove,female,fe0-4,30
North-Eastern Islands - Total,female,fe0-4,-
North-Eastern Islands,female,fe0-4,-
Novena - Total,female,fe0-4,1030
Balestier,female,fe0-4,620
Dunearn,female,fe0-4,80
Malcolm,female,fe0-4,70
Moulmein,female,fe0-4,240
Mount Pleasant,female,fe0-4,10
Orchard - Total,female,fe0-4,30
Boulevard,female,fe0-4,10
Somerset,female,fe0-4,-
Tanglin,female,fe0-4,10
Outram - Total,female,fe0-4,300
China Square,female,fe0-4,20
Chinatown,female,fe0-4,200
Pearl's Hill,female,fe0-4,80
People's Park,female,fe0-4,-
Pasir Ris - Total,female,fe0-4,2800
Flora Drive,female,fe0-4,280
Loyang East,female,fe0-4,30
Loyang West,female,fe0-4,-
Pasir Ris Central,female,fe0-4,800
Pasir Ris Drive,female,fe0-4,860
Pasir Ris Park,female,fe0-4,230
Pasir Ris Wafer Fab Park,female,fe0-4,-
Pasir Ris West,female,fe0-4,610
Paya Lebar - Total,female,fe0-4,-
Airport Road,female,fe0-4,-
Paya Lebar East,female,fe0-4,-
Paya Lebar North,female,fe0-4,-
Paya Lebar West,female,fe0-4,-
Plab,female,fe0-4,-
Pioneer - Total,female,fe0-4,-
Benoi Sector,female,fe0-4,-
Gul Basin,female,fe0-4,-
Gul Circle,female,fe0-4,-
Joo Koon,female,fe0-4,-
Pioneer Sector,female,fe0-4,-
Punggol - Total,female,fe0-4,7960
Coney Island,female,fe0-4,-
Matilda,female,fe0-4,2690
Northshore,female,fe0-4,20
Punggol Canal,female,fe0-4,-
Punggol Field,female,fe0-4,1180
Punggol Town Centre,female,fe0-4,1370
Waterway East,female,fe0-4,2710
Queenstown - Total,female,fe0-4,1910
Commonwealth,female,fe0-4,80
Dover,female,fe0-4,160
Ghim Moh,female,fe0-4,380
Holland Drive,female,fe0-4,180
Kent Ridge,female,fe0-4,-
Margaret Drive,female,fe0-4,560
Mei Chin,female,fe0-4,210
National University Of S'pore,female,fe0-4,-
One North,female,fe0-4,20
Pasir Panjang 1,female,fe0-4,80
Pasir Panjang 2,female,fe0-4,40
Port,female,fe0-4,-
Queensway,female,fe0-4,-
Singapore Polytechnic,female,fe0-4,-
Tanglin Halt,female,fe0-4,210
River Valley - Total,female,fe0-4,240
Institution Hill,female,fe0-4,100
Leonie Hill,female,fe0-4,60
One Tree Hill,female,fe0-4,50
Oxley,female,fe0-4,20
Paterson,female,fe0-4,10
Rochor - Total,female,fe0-4,200
Bencoolen,female,fe0-4,20
Farrer Park,female,fe0-4,40
Kampong Glam,female,fe0-4,-
Little India,female,fe0-4,40
Mackenzie,female,fe0-4,-
Mount Emily,female,fe0-4,40
Rochor Canal,female,fe0-4,-
Selegie,female,fe0-4,-
Sungei Road,female,fe0-4,40
Victoria,female,fe0-4,10
Seletar - Total,female,fe0-4,10
Pulau Punggol Barat,female,fe0-4,-
Pulau Punggol Timor,female,fe0-4,-
Seletar,female,fe0-4,10
Seletar Aerospace Park,female,fe0-4,-
Sembawang - Total,female,fe0-4,3120
Admiralty,female,fe0-4,350
Sembawang Central,female,fe0-4,900
Sembawang East,female,fe0-4,1030
Sembawang North,female,fe0-4,540
Sembawang Springs,female,fe0-4,290
Sembawang Straits,female,fe0-4,30
Senoko North,female,fe0-4,-
Senoko South,female,fe0-4,-
The Wharves,female,fe0-4,-
Sengkang - Total,female,fe0-4,8010
Anchorvale,female,fe0-4,1870
Compassvale,female,fe0-4,810
Fernvale,female,fe0-4,2360
Lorong Halus North,female,fe0-4,-
Rivervale,female,fe0-4,1220
Sengkang Town Centre,female,fe0-4,1740
Sengkang West,female,fe0-4,-
Serangoon - Total,female,fe0-4,1720
Lorong Chuan,female,fe0-4,140
Seletar Hills,female,fe0-4,200
Serangoon Central,female,fe0-4,350
Serangoon Garden,female,fe0-4,500
Serangoon North,female,fe0-4,230
Serangoon North Ind Estate,female,fe0-4,-
Upper Paya Lebar,female,fe0-4,290
Simpang - Total,female,fe0-4,-
Pulau Seletar,female,fe0-4,-
Simpang North,female,fe0-4,-
Simpang South,female,fe0-4,-
Tanjong Irau,female,fe0-4,-
Singapore River - Total,female,fe0-4,120
Boat Quay,female,fe0-4,-
Clarke Quay,female,fe0-4,10
Robertson Quay,female,fe0-4,120
Southern Islands - Total,female,fe0-4,50
Sentosa,female,fe0-4,50
Southern Group,female,fe0-4,-
Straits View - Total,female,fe0-4,-
Straits View,female,fe0-4,-
Sungei Kadut - Total,female,fe0-4,10
Gali Batu,female,fe0-4,-
Kranji,female,fe0-4,-
Pang Sua,female,fe0-4,-
Reservoir View,female,fe0-4,-
Turf Club,female,fe0-4,10
Tampines - Total,female,fe0-4,5790
Simei,female,fe0-4,650
Tampines East,female,fe0-4,2680
Tampines North,female,fe0-4,560
Tampines West,female,fe0-4,1880
Xilin,female,fe0-4,20
Tanglin - Total,female,fe0-4,540
Chatsworth,female,fe0-4,170
Nassim,female,fe0-4,250
Ridout,female,fe0-4,40
Tyersall,female,fe0-4,80
Tengah - Total,female,fe0-4,-
Brickland,female,fe0-4,-
Forest Hill,female,fe0-4,-
Garden,female,fe0-4,-
Park,female,fe0-4,-
Plantation,female,fe0-4,-
Tengah Industrial Estate,female,fe0-4,-
Toa Payoh - Total,female,fe0-4,2170
Bidadari,female,fe0-4,-
Boon Teck,female,fe0-4,290
Braddell,female,fe0-4,160
Joo Seng,female,fe0-4,180
Kim Keat,female,fe0-4,90
Lorong 8 Toa Payoh,female,fe0-4,60
Pei Chun,female,fe0-4,120
Potong Pasir,female,fe0-4,180
Sennett,female,fe0-4,200
Toa Payoh Central,female,fe0-4,540
Toa Payoh West,female,fe0-4,310
Woodleigh,female,fe0-4,50
Tuas - Total,female,fe0-4,-
Tengeh,female,fe0-4,-
Tuas Bay,female,fe0-4,-
Tuas North,female,fe0-4,-
Tuas Promenade,female,fe0-4,-
Tuas View,female,fe0-4,-
Tuas View Extension,female,fe0-4,-
Western Islands - Total,female,fe0-4,-
Jurong Island And Bukom,female,fe0-4,-
Semakau,female,fe0-4,-
Sudong,female,fe0-4,-
Western Water Catchment - Total,female,fe0-4,20
Bahar,female,fe0-4,-
Cleantech,female,fe0-4,-
Murai,female,fe0-4,20
Woodlands - Total,female,fe0-4,5630
Greenwood Park,female,fe0-4,-
Midview,female,fe0-4,740
North Coast,female,fe0-4,150
Senoko West,female,fe0-4,-
Woodgrove,female,fe0-4,500
Woodlands East,female,fe0-4,2460
Woodlands Regional Centre,female,fe0-4,-
Woodlands South,female,fe0-4,1020
Woodlands West,female,fe0-4,760
Yishun - Total,female,fe0-4,5580
Khatib,female,fe0-4,130
Lower Seletar,female,fe0-4,1040
Nee Soon,female,fe0-4,10
Northland,female,fe0-4,470
Springleaf,female,fe0-4,60
Yishun Central,female,fe0-4,50
Yishun East,female,fe0-4,2030
Yishun South,female,fe0-4,930
Yishun West,female,fe0-4,860
Total,female,fe5-9,97010
Ang Mo Kio - Total,female,fe5-9,3080
Ang Mo Kio Town Centre,female,fe5-9,110
Cheng San,female,fe5-9,510
Chong Boon,female,fe5-9,400
Kebun Bahru,female,fe5-9,470
Sembawang Hills,female,fe5-9,190
Shangri-La,female,fe5-9,270
Tagore,female,fe5-9,170
Townsville,female,fe5-9,400
Yio Chu Kang,female,fe5-9,-
Yio Chu Kang East,female,fe5-9,80
Yio Chu Kang North,female,fe5-9,-
Yio Chu Kang West,female,fe5-9,490
Bedok - Total,female,fe5-9,5680
Bayshore,female,fe5-9,240
Bedok North,female,fe5-9,1500
Bedok Reservoir,female,fe5-9,650
Bedok South,female,fe5-9,830
Frankel,female,fe5-9,1040
Kaki Bukit,female,fe5-9,640
Kembangan,female,fe5-9,660
Siglap,female,fe5-9,120
Bishan - Total,female,fe5-9,1700
Bishan East,female,fe5-9,520
Marymount,female,fe5-9,560
Upper Thomson,female,fe5-9,620
Boon Lay - Total,female,fe5-9,-
Liu Fang,female,fe5-9,-
Samulun,female,fe5-9,-
Shipyard,female,fe5-9,-
Tukang,female,fe5-9,-
Bukit Batok - Total,female,fe5-9,3340
Brickworks,female,fe5-9,590
Bukit Batok Central,female,fe5-9,590
Bukit Batok East,female,fe5-9,150
Bukit Batok South,female,fe5-9,340
Bukit Batok West,female,fe5-9,310
Gombak,female,fe5-9,250
Guilin,female,fe5-9,300
Hillview,female,fe5-9,360
Hong Kah North,female,fe5-9,450
Bukit Merah - Total,female,fe5-9,3180
Alexandra Hill,female,fe5-9,200
Alexandra North,female,fe5-9,100
Bukit Ho Swee,female,fe5-9,280
Bukit Merah,female,fe5-9,30
City Terminals,female,fe5-9,-
Depot Road,female,fe5-9,210
Everton Park,female,fe5-9,140
Henderson Hill,female,fe5-9,220
Kampong Tiong Bahru,female,fe5-9,130
Maritime Square,female,fe5-9,130
Redhill,female,fe5-9,330
Singapore General Hospital,female,fe5-9,-
Telok Blangah Drive,female,fe5-9,430
Telok Blangah Rise,female,fe5-9,170
Telok Blangah Way,female,fe5-9,180
Tiong Bahru,female,fe5-9,320
Tiong Bahru Station,female,fe5-9,320
Bukit Panjang - Total,female,fe5-9,3440
Bangkit,female,fe5-9,360
Dairy Farm,female,fe5-9,180
Fajar,female,fe5-9,830
Jelebu,female,fe5-9,510
Nature Reserve,female,fe5-9,80
Saujana,female,fe5-9,800
Senja,female,fe5-9,670
Bukit Timah - Total,female,fe5-9,2800
Anak Bukit,female,fe5-9,530
Coronation Road,female,fe5-9,300
Farrer Court,female,fe5-9,260
Hillcrest,female,fe5-9,540
Holland Road,female,fe5-9,500
Leedon Park,female,fe5-9,180
Swiss Club,female,fe5-9,200
Ulu Pandan,female,fe5-9,300
Central Water Catchment - Total,female,fe5-9,-
Central Water Catchment,female,fe5-9,-
Changi- Total,female,fe5-9,80
Changi Airport,female,fe5-9,-
Changi Point,female,fe5-9,-
Changi West,female,fe5-9,70
Changi Bay - Total,female,fe5-9,-
Changi Bay,female,fe5-9,-
Choa Chu Kang - Total,female,fe5-9,4540
Choa Chu Kang Central,female,fe5-9,520
Choa Chu Kang North,female,fe5-9,550
Keat Hong,female,fe5-9,1300
Peng Siang,female,fe5-9,880
Teck Whye,female,fe5-9,380
Yew Tee,female,fe5-9,910
Clementi - Total,female,fe5-9,2180
Clementi Central,female,fe5-9,330
Clementi North,female,fe5-9,600
Clementi West,female,fe5-9,300
Clementi Woods,female,fe5-9,380
Faber,female,fe5-9,200
Pandan,female,fe5-9,-
Sunset Way,female,fe5-9,120
Toh Tuck,female,fe5-9,-
West Coast,female,fe5-9,240
Downtown Core - Total,female,fe5-9,60
Anson,female,fe5-9,-
Bayfront Subzone,female,fe5-9,-
Bugis,female,fe5-9,10
Cecil,female,fe5-9,-
Central Subzone,female,fe5-9,30
City Hall,female,fe5-9,-
Clifford Pier,female,fe5-9,-
Marina Centre,female,fe5-9,-
Maxwell,female,fe5-9,-
Nicoll,female,fe5-9,-
Phillip,female,fe5-9,-
Raffles Place,female,fe5-9,-
Tanjong Pagar,female,fe5-9,10
Geylang - Total,female,fe5-9,2100
Aljunied,female,fe5-9,740
Geylang East,female,fe5-9,650
Kallang Way,female,fe5-9,-
Kampong Ubi,female,fe5-9,210
Macpherson,female,fe5-9,500
Hougang - Total,female,fe5-9,4750
Defu Industrial Park,female,fe5-9,-
Hougang Central,female,fe5-9,80
Hougang East,female,fe5-9,610
Hougang West,female,fe5-9,690
Kangkar,female,fe5-9,880
Kovan,female,fe5-9,560
Lorong Ah Soo,female,fe5-9,640
Lorong Halus,female,fe5-9,-
Tai Seng,female,fe5-9,290
Trafalgar,female,fe5-9,1020
Jurong East - Total,female,fe5-9,1430
International Business Park,female,fe5-9,-
Jurong Gateway,female,fe5-9,10
Jurong Port,female,fe5-9,-
Jurong River,female,fe5-9,-
Lakeside (Business),female,fe5-9,-
Lakeside (Leisure),female,fe5-9,10
Penjuru Crescent,female,fe5-9,-
Teban Gardens,female,fe5-9,410
Toh Guan,female,fe5-9,230
Yuhua East,female,fe5-9,410
Yuhua West,female,fe5-9,350
Jurong West - Total,female,fe5-9,6370
Boon Lay Place,female,fe5-9,750
Chin Bee,female,fe5-9,-
Hong Kah,female,fe5-9,1060
Jurong West Central,female,fe5-9,1770
Kian Teck,female,fe5-9,-
Safti,female,fe5-9,-
Taman Jurong,female,fe5-9,1080
Wenya,female,fe5-9,310
Yunnan,female,fe5-9,1400
Kallang - Total,female,fe5-9,1950
Bendemeer,female,fe5-9,820
Boon Keng,female,fe5-9,220
Crawford,female,fe5-9,100
Geylang Bahru,female,fe5-9,170
Kallang Bahru,female,fe5-9,-
Kampong Bugis,female,fe5-9,10
Kampong Java,female,fe5-9,180
Lavender,female,fe5-9,190
Tanjong Rhu,female,fe5-9,270
Lim Chu Kang - Total,female,fe5-9,-
Lim Chu Kang,female,fe5-9,-
Mandai - Total,female,fe5-9,50
Mandai East,female,fe5-9,-
Mandai Estate,female,fe5-9,50
Mandai West,female,fe5-9,-
Marina East - Total,female,fe5-9,-
Marina East,female,fe5-9,-
Marina South - Total,female,fe5-9,-
Marina South,female,fe5-9,-
Marine Parade - Total,female,fe5-9,1210
East Coast,female,fe5-9,-
Katong,female,fe5-9,250
Marina East (Mp),female,fe5-9,-
Marine Parade,female,fe5-9,710
Mountbatten,female,fe5-9,250
Museum - Total,female,fe5-9,20
Bras Basah,female,fe5-9,-
Dhoby Ghaut,female,fe5-9,10
Fort Canning,female,fe5-9,-
Newton - Total,female,fe5-9,260
Cairnhill,female,fe5-9,110
Goodwood Park,female,fe5-9,70
Istana Negara,female,fe5-9,-
Monk's Hill,female,fe5-9,30
Newton Circus,female,fe5-9,10
Orange Grove,female,fe5-9,50
North-Eastern Islands - Total,female,fe5-9,-
North-Eastern Islands,female,fe5-9,-
Novena - Total,female,fe5-9,1200
Balestier,female,fe5-9,660
Dunearn,female,fe5-9,140
Malcolm,female,fe5-9,120
Moulmein,female,fe5-9,280
Mount Pleasant,female,fe5-9,10
Orchard - Total,female,fe5-9,20
Boulevard,female,fe5-9,10
Somerset,female,fe5-9,-
Tanglin,female,fe5-9,10
Outram - Total,female,fe5-9,410
China Square,female,fe5-9,10
Chinatown,female,fe5-9,300
Pearl's Hill,female,fe5-9,100
People's Park,female,fe5-9,-
Pasir Ris - Total,female,fe5-9,3180
Flora Drive,female,fe5-9,330
Loyang East,female,fe5-9,30
Loyang West,female,fe5-9,-
Pasir Ris Central,female,fe5-9,870
Pasir Ris Drive,female,fe5-9,970
Pasir Ris Park,female,fe5-9,280
Pasir Ris Wafer Fab Park,female,fe5-9,-
Pasir Ris West,female,fe5-9,710
Paya Lebar - Total,female,fe5-9,-
Airport Road,female,fe5-9,-
Paya Lebar East,female,fe5-9,-
Paya Lebar North,female,fe5-9,-
Paya Lebar West,female,fe5-9,-
Plab,female,fe5-9,-
Pioneer - Total,female,fe5-9,-
Benoi Sector,female,fe5-9,-
Gul Basin,female,fe5-9,-
Gul Circle,female,fe5-9,-
Joo Koon,female,fe5-9,-
Pioneer Sector,female,fe5-9,-
Punggol - Total,female,fe5-9,7340
Coney Island,female,fe5-9,-
Matilda,female,fe5-9,2310
Northshore,female,fe5-9,10
Punggol Canal,female,fe5-9,-
Punggol Field,female,fe5-9,1630
Punggol Town Centre,female,fe5-9,1010
Waterway East,female,fe5-9,2380
Queenstown - Total,female,fe5-9,2060
Commonwealth,female,fe5-9,100
Dover,female,fe5-9,270
Ghim Moh,female,fe5-9,320
Holland Drive,female,fe5-9,160
Kent Ridge,female,fe5-9,-
Margaret Drive,female,fe5-9,550
Mei Chin,female,fe5-9,270
National University Of S'pore,female,fe5-9,-
One North,female,fe5-9,30
Pasir Panjang 1,female,fe5-9,90
Pasir Panjang 2,female,fe5-9,70
Port,female,fe5-9,-
Queensway,female,fe5-9,-
Singapore Polytechnic,female,fe5-9,-
Tanglin Halt,female,fe5-9,190
River Valley - Total,female,fe5-9,340
Institution Hill,female,fe5-9,140
Leonie Hill,female,fe5-9,90
One Tree Hill,female,fe5-9,50
Oxley,female,fe5-9,40
Paterson,female,fe5-9,10
Rochor - Total,female,fe5-9,230
Bencoolen,female,fe5-9,20
Farrer Park,female,fe5-9,50
Kampong Glam,female,fe5-9,-
Little India,female,fe5-9,30
Mackenzie,female,fe5-9,-
Mount Emily,female,fe5-9,60
Rochor Canal,female,fe5-9,-
Selegie,female,fe5-9,-
Sungei Road,female,fe5-9,50
Victoria,female,fe5-9,20
Seletar - Total,female,fe5-9,10
Pulau Punggol Barat,female,fe5-9,-
Pulau Punggol Timor,female,fe5-9,-
Seletar,female,fe5-9,10
Seletar Aerospace Park,female,fe5-9,-
Sembawang - Total,female,fe5-9,2830
Admiralty,female,fe5-9,410
Sembawang Central,female,fe5-9,970
Sembawang East,female,fe5-9,400
Sembawang North,female,fe5-9,720
Sembawang Springs,female,fe5-9,290
Sembawang Straits,female,fe5-9,50
Senoko North,female,fe5-9,-
Senoko South,female,fe5-9,-
The Wharves,female,fe5-9,-
Sengkang - Total,female,fe5-9,8470
Anchorvale,female,fe5-9,1840
Compassvale,female,fe5-9,850
Fernvale,female,fe5-9,2530
Lorong Halus North,female,fe5-9,-
Rivervale,female,fe5-9,1510
Sengkang Town Centre,female,fe5-9,1740
Sengkang West,female,fe5-9,-
Serangoon - Total,female,fe5-9,2060
Lorong Chuan,female,fe5-9,180
Seletar Hills,female,fe5-9,270
Serangoon Central,female,fe5-9,390
Serangoon Garden,female,fe5-9,590
Serangoon North,female,fe5-9,300
Serangoon North Ind Estate,female,fe5-9,-
Upper Paya Lebar,female,fe5-9,340
Simpang - Total,female,fe5-9,-
Pulau Seletar,female,fe5-9,-
Simpang North,female,fe5-9,-
Simpang South,female,fe5-9,-
Tanjong Irau,female,fe5-9,-
Singapore River - Total,female,fe5-9,140
Boat Quay,female,fe5-9,-
Clarke Quay,female,fe5-9,-
Robertson Quay,female,fe5-9,130
Southern Islands - Total,female,fe5-9,80
Sentosa,female,fe5-9,80
Southern Group,female,fe5-9,-
Straits View - Total,female,fe5-9,-
Straits View,female,fe5-9,-
Sungei Kadut - Total,female,fe5-9,20
Gali Batu,female,fe5-9,-
Kranji,female,fe5-9,-
Pang Sua,female,fe5-9,-
Reservoir View,female,fe5-9,-
Turf Club,female,fe5-9,10
Tampines - Total,female,fe5-9,5510
Simei,female,fe5-9,850
Tampines East,female,fe5-9,2580
Tampines North,female,fe5-9,250
Tampines West,female,fe5-9,1800
Xilin,female,fe5-9,30
Tanglin - Total,female,fe5-9,850
Chatsworth,female,fe5-9,230
Nassim,female,fe5-9,420
Ridout,female,fe5-9,70
Tyersall,female,fe5-9,130
Tengah - Total,female,fe5-9,-
Brickland,female,fe5-9,-
Forest Hill,female,fe5-9,-
Garden,female,fe5-9,-
Park,female,fe5-9,-
Plantation,female,fe5-9,-
Tengah Industrial Estate,female,fe5-9,-
Toa Payoh - Total,female,fe5-9,2390
Bidadari,female,fe5-9,-
Boon Teck,female,fe5-9,270
Braddell,female,fe5-9,210
Joo Seng,female,fe5-9,130
Kim Keat,female,fe5-9,110
Lorong 8 Toa Payoh,female,fe5-9,90
Pei Chun,female,fe5-9,190
Potong Pasir,female,fe5-9,190
Sennett,female,fe5-9,170
Toa Payoh Central,female,fe5-9,720
Toa Payoh West,female,fe5-9,260
Woodleigh,female,fe5-9,50
Tuas - Total,female,fe5-9,-
Tengeh,female,fe5-9,-
Tuas Bay,female,fe5-9,-
Tuas North,female,fe5-9,-
Tuas Promenade,female,fe5-9,-
Tuas View,female,fe5-9,-
Tuas View Extension,female,fe5-9,-
Western Islands - Total,female,fe5-9,-
Jurong Island And Bukom,female,fe5-9,-
Semakau,female,fe5-9,-
Sudong,female,fe5-9,-
Western Water Catchment - Total,female,fe5-9,20
Bahar,female,fe5-9,-
Cleantech,female,fe5-9,-
Murai,female,fe5-9,20
Woodlands - Total,female,fe5-9,6070
Greenwood Park,female,fe5-9,-
Midview,female,fe5-9,800
North Coast,female,fe5-9,170
Senoko West,female,fe5-9,-
Woodgrove,female,fe5-9,630
Woodlands East,female,fe5-9,2570
Woodlands Regional Centre,female,fe5-9,-
Woodlands South,female,fe5-9,1260
Woodlands West,female,fe5-9,630
Yishun - Total,female,fe5-9,5610
Khatib,female,fe5-9,150
Lower Seletar,female,fe5-9,830
Nee Soon,female,fe5-9,20
Northland,female,fe5-9,510
Springleaf,female,fe5-9,90
Yishun Central,female,fe5-9,60
Yishun East,female,fe5-9,2170
Yishun South,female,fe5-9,820
Yishun West,female,fe5-9,950
Total,female,fe10-14,101430
Ang Mo Kio - Total,female,fe10-14,3440
Ang Mo Kio Town Centre,female,fe10-14,160
Cheng San,female,fe10-14,470
Chong Boon,female,fe10-14,470
Kebun Bahru,female,fe10-14,490
Sembawang Hills,female,fe10-14,220
Shangri-La,female,fe10-14,310
Tagore,female,fe10-14,190
Townsville,female,fe10-14,430
Yio Chu Kang,female,fe10-14,-
Yio Chu Kang East,female,fe10-14,90
Yio Chu Kang North,female,fe10-14,-
Yio Chu Kang West,female,fe10-14,620
Bedok - Total,female,fe10-14,6340
Bayshore,female,fe10-14,240
Bedok North,female,fe10-14,1680
Bedok Reservoir,female,fe10-14,670
Bedok South,female,fe10-14,1060
Frankel,female,fe10-14,1090
Kaki Bukit,female,fe10-14,740
Kembangan,female,fe10-14,740
Siglap,female,fe10-14,130
Bishan - Total,female,fe10-14,2040
Bishan East,female,fe10-14,650
Marymount,female,fe10-14,670
Upper Thomson,female,fe10-14,730
Boon Lay - Total,female,fe10-14,-
Liu Fang,female,fe10-14,-
Samulun,female,fe10-14,-
Shipyard,female,fe10-14,-
Tukang,female,fe10-14,-
Bukit Batok - Total,female,fe10-14,3820
Brickworks,female,fe10-14,440
Bukit Batok Central,female,fe10-14,640
Bukit Batok East,female,fe10-14,260
Bukit Batok South,female,fe10-14,380
Bukit Batok West,female,fe10-14,340
Gombak,female,fe10-14,280
Guilin,female,fe10-14,330
Hillview,female,fe10-14,550
Hong Kah North,female,fe10-14,610
Bukit Merah - Total,female,fe10-14,3300
Alexandra Hill,female,fe10-14,260
Alexandra North,female,fe10-14,80
Bukit Ho Swee,female,fe10-14,270
Bukit Merah,female,fe10-14,30
City Terminals,female,fe10-14,-
Depot Road,female,fe10-14,180
Everton Park,female,fe10-14,160
Henderson Hill,female,fe10-14,250
Kampong Tiong Bahru,female,fe10-14,170
Maritime Square,female,fe10-14,100
Redhill,female,fe10-14,320
Singapore General Hospital,female,fe10-14,-
Telok Blangah Drive,female,fe10-14,380
Telok Blangah Rise,female,fe10-14,210
Telok Blangah Way,female,fe10-14,190
Tiong Bahru,female,fe10-14,300
Tiong Bahru Station,female,fe10-14,420
Bukit Panjang - Total,female,fe10-14,3660
Bangkit,female,fe10-14,440
Dairy Farm,female,fe10-14,230
Fajar,female,fe10-14,790
Jelebu,female,fe10-14,690
Nature Reserve,female,fe10-14,130
Saujana,female,fe10-14,730
Senja,female,fe10-14,650
Bukit Timah - Total,female,fe10-14,2740
Anak Bukit,female,fe10-14,620
Coronation Road,female,fe10-14,280
Farrer Court,female,fe10-14,230
Hillcrest,female,fe10-14,370
Holland Road,female,fe10-14,490
Leedon Park,female,fe10-14,220
Swiss Club,female,fe10-14,190
Ulu Pandan,female,fe10-14,340
Central Water Catchment - Total,female,fe10-14,-
Central Water Catchment,female,fe10-14,-
Changi- Total,female,fe10-14,70
Changi Airport,female,fe10-14,-
Changi Point,female,fe10-14,10
Changi West,female,fe10-14,60
Changi Bay - Total,female,fe10-14,-
Changi Bay,female,fe10-14,-
Choa Chu Kang - Total,female,fe10-14,4920
Choa Chu Kang Central,female,fe10-14,690
Choa Chu Kang North,female,fe10-14,800
Keat Hong,female,fe10-14,970
Peng Siang,female,fe10-14,810
Teck Whye,female,fe10-14,480
Yew Tee,female,fe10-14,1170
Clementi - Total,female,fe10-14,2290
Clementi Central,female,fe10-14,350
Clementi North,female,fe10-14,580
Clementi West,female,fe10-14,380
Clementi Woods,female,fe10-14,380
Faber,female,fe10-14,210
Pandan,female,fe10-14,-
Sunset Way,female,fe10-14,140
Toh Tuck,female,fe10-14,-
West Coast,female,fe10-14,250
Downtown Core - Total,female,fe10-14,30
Anson,female,fe10-14,-
Bayfront Subzone,female,fe10-14,-
Bugis,female,fe10-14,10
Cecil,female,fe10-14,-
Central Subzone,female,fe10-14,20
City Hall,female,fe10-14,-
Clifford Pier,female,fe10-14,-
Marina Centre,female,fe10-14,-
Maxwell,female,fe10-14,-
Nicoll,female,fe10-14,-
Phillip,female,fe10-14,-
Raffles Place,female,fe10-14,-
Tanjong Pagar,female,fe10-14,10
Geylang - Total,female,fe10-14,2290
Aljunied,female,fe10-14,840
Geylang East,female,fe10-14,690
Kallang Way,female,fe10-14,-
Kampong Ubi,female,fe10-14,250
Macpherson,female,fe10-14,510
Hougang - Total,female,fe10-14,5180
Defu Industrial Park,female,fe10-14,-
Hougang Central,female,fe10-14,100
Hougang East,female,fe10-14,530
Hougang West,female,fe10-14,810
Kangkar,female,fe10-14,800
Kovan,female,fe10-14,620
Lorong Ah Soo,female,fe10-14,740
Lorong Halus,female,fe10-14,-
Tai Seng,female,fe10-14,350
Trafalgar,female,fe10-14,1220
Jurong East - Total,female,fe10-14,1700
International Business Park,female,fe10-14,-
Jurong Gateway,female,fe10-14,10
Jurong Port,female,fe10-14,-
Jurong River,female,fe10-14,-
Lakeside (Business),female,fe10-14,-
Lakeside (Leisure),female,fe10-14,10
Penjuru Crescent,female,fe10-14,-
Teban Gardens,female,fe10-14,430
Toh Guan,female,fe10-14,320
Yuhua East,female,fe10-14,510
Yuhua West,female,fe10-14,420
Jurong West - Total,female,fe10-14,7380
Boon Lay Place,female,fe10-14,770
Chin Bee,female,fe10-14,-
Hong Kah,female,fe10-14,1310
Jurong West Central,female,fe10-14,2040
Kian Teck,female,fe10-14,-
Safti,female,fe10-14,-
Taman Jurong,female,fe10-14,1120
Wenya,female,fe10-14,330
Yunnan,female,fe10-14,1810
Kallang - Total,female,fe10-14,2020
Bendemeer,female,fe10-14,710
Boon Keng,female,fe10-14,210
Crawford,female,fe10-14,120
Geylang Bahru,female,fe10-14,220
Kallang Bahru,female,fe10-14,-
Kampong Bugis,female,fe10-14,10
Kampong Java,female,fe10-14,190
Lavender,female,fe10-14,220
Tanjong Rhu,female,fe10-14,340
Lim Chu Kang - Total,female,fe10-14,-
Lim Chu Kang,female,fe10-14,-
Mandai - Total,female,fe10-14,60
Mandai East,female,fe10-14,-
Mandai Estate,female,fe10-14,60
Mandai West,female,fe10-14,-
Marina East - Total,female,fe10-14,-
Marina East,female,fe10-14,-
Marina South - Total,female,fe10-14,-
Marina South,female,fe10-14,-
Marine Parade - Total,female,fe10-14,1200
East Coast,female,fe10-14,-
Katong,female,fe10-14,250
Marina East (Mp),female,fe10-14,-
Marine Parade,female,fe10-14,660
Mountbatten,female,fe10-14,290
Museum - Total,female,fe10-14,10
Bras Basah,female,fe10-14,-
Dhoby Ghaut,female,fe10-14,-
Fort Canning,female,fe10-14,10
Newton - Total,female,fe10-14,260
Cairnhill,female,fe10-14,120
Goodwood Park,female,fe10-14,40
Istana Negara,female,fe10-14,-
Monk's Hill,female,fe10-14,20
Newton Circus,female,fe10-14,10
Orange Grove,female,fe10-14,70
North-Eastern Islands - Total,female,fe10-14,-
North-Eastern Islands,female,fe10-14,-
Novena - Total,female,fe10-14,1240
Balestier,female,fe10-14,680
Dunearn,female,fe10-14,160
Malcolm,female,fe10-14,110
Moulmein,female,fe10-14,270
Mount Pleasant,female,fe10-14,20
Orchard - Total,female,fe10-14,40
Boulevard,female,fe10-14,10
Somerset,female,fe10-14,-
Tanglin,female,fe10-14,20
Outram - Total,female,fe10-14,380
China Square,female,fe10-14,10
Chinatown,female,fe10-14,270
Pearl's Hill,female,fe10-14,100
People's Park,female,fe10-14,-
Pasir Ris - Total,female,fe10-14,3740
Flora Drive,female,fe10-14,390
Loyang East,female,fe10-14,50
Loyang West,female,fe10-14,-
Pasir Ris Central,female,fe10-14,820
Pasir Ris Drive,female,fe10-14,1240
Pasir Ris Park,female,fe10-14,280
Pasir Ris Wafer Fab Park,female,fe10-14,-
Pasir Ris West,female,fe10-14,960
Paya Lebar - Total,female,fe10-14,-
Airport Road,female,fe10-14,-
Paya Lebar East,female,fe10-14,-
Paya Lebar North,female,fe10-14,-
Paya Lebar West,female,fe10-14,-
Plab,female,fe10-14,-
Pioneer - Total,female,fe10-14,-
Benoi Sector,female,fe10-14,-
Gul Basin,female,fe10-14,-
Gul Circle,female,fe10-14,-
Joo Koon,female,fe10-14,-
Pioneer Sector,female,fe10-14,-
Punggol - Total,female,fe10-14,5510
Coney Island,female,fe10-14,-
Matilda,female,fe10-14,1550
Northshore,female,fe10-14,10
Punggol Canal,female,fe10-14,-
Punggol Field,female,fe10-14,1900
Punggol Town Centre,female,fe10-14,570
Waterway East,female,fe10-14,1490
Queenstown - Total,female,fe10-14,2050
Commonwealth,female,fe10-14,120
Dover,female,fe10-14,310
Ghim Moh,female,fe10-14,290
Holland Drive,female,fe10-14,190
Kent Ridge,female,fe10-14,-
Margaret Drive,female,fe10-14,380
Mei Chin,female,fe10-14,350
National University Of S'pore,female,fe10-14,-
One North,female,fe10-14,30
Pasir Panjang 1,female,fe10-14,120
Pasir Panjang 2,female,fe10-14,80
Port,female,fe10-14,-
Queensway,female,fe10-14,10
Singapore Polytechnic,female,fe10-14,-
Tanglin Halt,female,fe10-14,180
River Valley - Total,female,fe10-14,310
Institution Hill,female,fe10-14,100
Leonie Hill,female,fe10-14,110
One Tree Hill,female,fe10-14,60
Oxley,female,fe10-14,40
Paterson,female,fe10-14,10
Rochor - Total,female,fe10-14,250
Bencoolen,female,fe10-14,30
Farrer Park,female,fe10-14,60
Kampong Glam,female,fe10-14,-
Little India,female,fe10-14,60
Mackenzie,female,fe10-14,-
Mount Emily,female,fe10-14,40
Rochor Canal,female,fe10-14,-
Selegie,female,fe10-14,10
Sungei Road,female,fe10-14,40
Victoria,female,fe10-14,20
Seletar - Total,female,fe10-14,10
Pulau Punggol Barat,female,fe10-14,-
Pulau Punggol Timor,female,fe10-14,-
Seletar,female,fe10-14,10
Seletar Aerospace Park,female,fe10-14,-
Sembawang - Total,female,fe10-14,3150
Admiralty,female,fe10-14,470
Sembawang Central,female,fe10-14,1080
Sembawang East,female,fe10-14,400
Sembawang North,female,fe10-14,850
Sembawang Springs,female,fe10-14,300
Sembawang Straits,female,fe10-14,50
Senoko North,female,fe10-14,-
Senoko South,female,fe10-14,-
The Wharves,female,fe10-14,-
Sengkang - Total,female,fe10-14,7840
Anchorvale,female,fe10-14,1600
Compassvale,female,fe10-14,710
Fernvale,female,fe10-14,1960
Lorong Halus North,female,fe10-14,-
Rivervale,female,fe10-14,1810
Sengkang Town Centre,female,fe10-14,1750
Sengkang West,female,fe10-14,-
Serangoon - Total,female,fe10-14,2520
Lorong Chuan,female,fe10-14,240
Seletar Hills,female,fe10-14,370
Serangoon Central,female,fe10-14,430
Serangoon Garden,female,fe10-14,750
Serangoon North,female,fe10-14,400
Serangoon North Ind Estate,female,fe10-14,-
Upper Paya Lebar,female,fe10-14,330
Simpang - Total,female,fe10-14,-
Pulau Seletar,female,fe10-14,-
Simpang North,female,fe10-14,-
Simpang South,female,fe10-14,-
Tanjong Irau,female,fe10-14,-
Singapore River - Total,female,fe10-14,100
Boat Quay,female,fe10-14,-
Clarke Quay,female,fe10-14,-
Robertson Quay,female,fe10-14,90
Southern Islands - Total,female,fe10-14,70
Sentosa,female,fe10-14,70
Southern Group,female,fe10-14,-
Straits View - Total,female,fe10-14,-
Straits View,female,fe10-14,-
Sungei Kadut - Total,female,fe10-14,20
Gali Batu,female,fe10-14,-
Kranji,female,fe10-14,-
Pang Sua,female,fe10-14,-
Reservoir View,female,fe10-14,-
Turf Club,female,fe10-14,10
Tampines - Total,female,fe10-14,5770
Simei,female,fe10-14,950
Tampines East,female,fe10-14,2880
Tampines North,female,fe10-14,120
Tampines West,female,fe10-14,1800
Xilin,female,fe10-14,30
Tanglin - Total,female,fe10-14,730
Chatsworth,female,fe10-14,210
Nassim,female,fe10-14,340
Ridout,female,fe10-14,50
Tyersall,female,fe10-14,140
Tengah - Total,female,fe10-14,-
Brickland,female,fe10-14,-
Forest Hill,female,fe10-14,-
Garden,female,fe10-14,-
Park,female,fe10-14,-
Plantation,female,fe10-14,-
Tengah Industrial Estate,female,fe10-14,-
Toa Payoh - Total,female,fe10-14,2550
Bidadari,female,fe10-14,-
Boon Teck,female,fe10-14,270
Braddell,female,fe10-14,230
Joo Seng,female,fe10-14,180
Kim Keat,female,fe10-14,150
Lorong 8 Toa Payoh,female,fe10-14,110
Pei Chun,female,fe10-14,230
Potong Pasir,female,fe10-14,190
Sennett,female,fe10-14,180
Toa Payoh Central,female,fe10-14,690
Toa Payoh West,female,fe10-14,250
Woodleigh,female,fe10-14,80
Tuas - Total,female,fe10-14,-
Tengeh,female,fe10-14,-
Tuas Bay,female,fe10-14,-
Tuas North,female,fe10-14,-
Tuas Promenade,female,fe10-14,-
Tuas View,female,fe10-14,-
Tuas View Extension,female,fe10-14,-
Western Islands - Total,female,fe10-14,-
Jurong Island And Bukom,female,fe10-14,-
Semakau,female,fe10-14,-
Sudong,female,fe10-14,-
Western Water Catchment - Total,female,fe10-14,10
Bahar,female,fe10-14,-
Cleantech,female,fe10-14,-
Murai,female,fe10-14,10
Woodlands - Total,female,fe10-14,7040
Greenwood Park,female,fe10-14,-
Midview,female,fe10-14,940
North Coast,female,fe10-14,220
Senoko West,female,fe10-14,-
Woodgrove,female,fe10-14,850
Woodlands East,female,fe10-14,2920
Woodlands Regional Centre,female,fe10-14,-
Woodlands South,female,fe10-14,1390
Woodlands West,female,fe10-14,720
Yishun - Total,female,fe10-14,5310
Khatib,female,fe10-14,180
Lower Seletar,female,fe10-14,560
Nee Soon,female,fe10-14,30
Northland,female,fe10-14,650
Springleaf,female,fe10-14,120
Yishun Central,female,fe10-14,70
Yishun East,female,fe10-14,1620
Yishun South,female,fe10-14,920
Yishun West,female,fe10-14,1160
Total,female,fe15-19,105370
Ang Mo Kio - Total,female,fe15-19,3730
Ang Mo Kio Town Centre,female,fe15-19,160
Cheng San,female,fe15-19,560
Chong Boon,female,fe15-19,470
Kebun Bahru,female,fe15-19,530
Sembawang Hills,female,fe15-19,240
Shangri-La,female,fe15-19,320
Tagore,female,fe15-19,250
Townsville,female,fe15-19,390
Yio Chu Kang,female,fe15-19,-
Yio Chu Kang East,female,fe15-19,130
Yio Chu Kang North,female,fe15-19,-
Yio Chu Kang West,female,fe15-19,680
Bedok - Total,female,fe15-19,6920
Bayshore,female,fe15-19,240
Bedok North,female,fe15-19,1950
Bedok Reservoir,female,fe15-19,770
Bedok South,female,fe15-19,1060
Frankel,female,fe15-19,940
Kaki Bukit,female,fe15-19,920
Kembangan,female,fe15-19,870
Siglap,female,fe15-19,180
Bishan - Total,female,fe15-19,2200
Bishan East,female,fe15-19,660
Marymount,female,fe15-19,760
Upper Thomson,female,fe15-19,790
Boon Lay - Total,female,fe15-19,-
Liu Fang,female,fe15-19,-
Samulun,female,fe15-19,-
Shipyard,female,fe15-19,-
Tukang,female,fe15-19,-
Bukit Batok - Total,female,fe15-19,4220
Brickworks,female,fe15-19,350
Bukit Batok Central,female,fe15-19,740
Bukit Batok East,female,fe15-19,270
Bukit Batok South,female,fe15-19,420
Bukit Batok West,female,fe15-19,390
Gombak,female,fe15-19,280
Guilin,female,fe15-19,390
Hillview,female,fe15-19,690
Hong Kah North,female,fe15-19,700
Bukit Merah - Total,female,fe15-19,2980
Alexandra Hill,female,fe15-19,280
Alexandra North,female,fe15-19,50
Bukit Ho Swee,female,fe15-19,240
Bukit Merah,female,fe15-19,30
City Terminals,female,fe15-19,-
Depot Road,female,fe15-19,140
Everton Park,female,fe15-19,150
Henderson Hill,female,fe15-19,250
Kampong Tiong Bahru,female,fe15-19,160
Maritime Square,female,fe15-19,100
Redhill,female,fe15-19,260
Singapore General Hospital,female,fe15-19,-
Telok Blangah Drive,female,fe15-19,370
Telok Blangah Rise,female,fe15-19,260
Telok Blangah Way,female,fe15-19,160
Tiong Bahru,female,fe15-19,200
Tiong Bahru Station,female,fe15-19,340
Bukit Panjang - Total,female,fe15-19,3990
Bangkit,female,fe15-19,610
Dairy Farm,female,fe15-19,260
Fajar,female,fe15-19,750
Jelebu,female,fe15-19,900
Nature Reserve,female,fe15-19,130
Saujana,female,fe15-19,740
Senja,female,fe15-19,620
Bukit Timah - Total,female,fe15-19,2590
Anak Bukit,female,fe15-19,650
Coronation Road,female,fe15-19,260
Farrer Court,female,fe15-19,190
Hillcrest,female,fe15-19,370
Holland Road,female,fe15-19,440
Leedon Park,female,fe15-19,210
Swiss Club,female,fe15-19,170
Ulu Pandan,female,fe15-19,320
Central Water Catchment - Total,female,fe15-19,-
Central Water Catchment,female,fe15-19,-
Changi- Total,female,fe15-19,50
Changi Airport,female,fe15-19,-
Changi Point,female,fe15-19,20
Changi West,female,fe15-19,30
Changi Bay - Total,female,fe15-19,-
Changi Bay,female,fe15-19,-
Choa Chu Kang - Total,female,fe15-19,5980
Choa Chu Kang Central,female,fe15-19,680
Choa Chu Kang North,female,fe15-19,1200
Keat Hong,female,fe15-19,1020
Peng Siang,female,fe15-19,1010
Teck Whye,female,fe15-19,670
Yew Tee,female,fe15-19,1400
Clementi - Total,female,fe15-19,2230
Clementi Central,female,fe15-19,320
Clementi North,female,fe15-19,550
Clementi West,female,fe15-19,390
Clementi Woods,female,fe15-19,410
Faber,female,fe15-19,160
Pandan,female,fe15-19,-
Sunset Way,female,fe15-19,160
Toh Tuck,female,fe15-19,-
West Coast,female,fe15-19,250
Downtown Core - Total,female,fe15-19,60
Anson,female,fe15-19,-
Bayfront Subzone,female,fe15-19,-
Bugis,female,fe15-19,20
Cecil,female,fe15-19,-
Central Subzone,female,fe15-19,20
City Hall,female,fe15-19,-
Clifford Pier,female,fe15-19,-
Marina Centre,female,fe15-19,-
Maxwell,female,fe15-19,-
Nicoll,female,fe15-19,10
Phillip,female,fe15-19,-
Raffles Place,female,fe15-19,-
Tanjong Pagar,female,fe15-19,10
Geylang - Total,female,fe15-19,2390
Aljunied,female,fe15-19,810
Geylang East,female,fe15-19,650
Kallang Way,female,fe15-19,-
Kampong Ubi,female,fe15-19,280
Macpherson,female,fe15-19,660
Hougang - Total,female,fe15-19,5660
Defu Industrial Park,female,fe15-19,-
Hougang Central,female,fe15-19,140
Hougang East,female,fe15-19,530
Hougang West,female,fe15-19,940
Kangkar,female,fe15-19,810
Kovan,female,fe15-19,680
Lorong Ah Soo,female,fe15-19,880
Lorong Halus,female,fe15-19,-
Tai Seng,female,fe15-19,380
Trafalgar,female,fe15-19,1310
Jurong East - Total,female,fe15-19,1990
International Business Park,female,fe15-19,-
Jurong Gateway,female,fe15-19,20
Jurong Port,female,fe15-19,-
Jurong River,female,fe15-19,-
Lakeside (Business),female,fe15-19,-
Lakeside (Leisure),female,fe15-19,10
Penjuru Crescent,female,fe15-19,-
Teban Gardens,female,fe15-19,440
Toh Guan,female,fe15-19,410
Yuhua East,female,fe15-19,590
Yuhua West,female,fe15-19,520
Jurong West - Total,female,fe15-19,7800
Boon Lay Place,female,fe15-19,810
Chin Bee,female,fe15-19,-
Hong Kah,female,fe15-19,1500
Jurong West Central,female,fe15-19,1970
Kian Teck,female,fe15-19,-
Safti,female,fe15-19,-
Taman Jurong,female,fe15-19,1180
Wenya,female,fe15-19,260
Yunnan,female,fe15-19,2080
Kallang - Total,female,fe15-19,2100
Bendemeer,female,fe15-19,670
Boon Keng,female,fe15-19,270
Crawford,female,fe15-19,120
Geylang Bahru,female,fe15-19,250
Kallang Bahru,female,fe15-19,-
Kampong Bugis,female,fe15-19,20
Kampong Java,female,fe15-19,190
Lavender,female,fe15-19,210
Tanjong Rhu,female,fe15-19,380
Lim Chu Kang - Total,female,fe15-19,10
Lim Chu Kang,female,fe15-19,10
Mandai - Total,female,fe15-19,70
Mandai East,female,fe15-19,-
Mandai Estate,female,fe15-19,70
Mandai West,female,fe15-19,-
Marina East - Total,female,fe15-19,-
Marina East,female,fe15-19,-
Marina South - Total,female,fe15-19,-
Marina South,female,fe15-19,-
Marine Parade - Total,female,fe15-19,1180
East Coast,female,fe15-19,-
Katong,female,fe15-19,260
Marina East (Mp),female,fe15-19,-
Marine Parade,female,fe15-19,630
Mountbatten,female,fe15-19,280
Museum - Total,female,fe15-19,10
Bras Basah,female,fe15-19,-
Dhoby Ghaut,female,fe15-19,10
Fort Canning,female,fe15-19,-
Newton - Total,female,fe15-19,190
Cairnhill,female,fe15-19,90
Goodwood Park,female,fe15-19,30
Istana Negara,female,fe15-19,-
Monk's Hill,female,fe15-19,20
Newton Circus,female,fe15-19,-
Orange Grove,female,fe15-19,50
North-Eastern Islands - Total,female,fe15-19,-
North-Eastern Islands,female,fe15-19,-
Novena - Total,female,fe15-19,1080
Balestier,female,fe15-19,630
Dunearn,female,fe15-19,140
Malcolm,female,fe15-19,90
Moulmein,female,fe15-19,180
Mount Pleasant,female,fe15-19,30
Orchard - Total,female,fe15-19,30
Boulevard,female,fe15-19,10
Somerset,female,fe15-19,-
Tanglin,female,fe15-19,10
Outram - Total,female,fe15-19,270
China Square,female,fe15-19,10
Chinatown,female,fe15-19,160
Pearl's Hill,female,fe15-19,90
People's Park,female,fe15-19,10
Pasir Ris - Total,female,fe15-19,4540
Flora Drive,female,fe15-19,460
Loyang East,female,fe15-19,80
Loyang West,female,fe15-19,-
Pasir Ris Central,female,fe15-19,870
Pasir Ris Drive,female,fe15-19,1620
Pasir Ris Park,female,fe15-19,260
Pasir Ris Wafer Fab Park,female,fe15-19,-
Pasir Ris West,female,fe15-19,1250
Paya Lebar - Total,female,fe15-19,-
Airport Road,female,fe15-19,-
Paya Lebar East,female,fe15-19,-
Paya Lebar North,female,fe15-19,-
Paya Lebar West,female,fe15-19,-
Plab,female,fe15-19,-
Pioneer - Total,female,fe15-19,-
Benoi Sector,female,fe15-19,-
Gul Basin,female,fe15-19,-
Gul Circle,female,fe15-19,-
Joo Koon,female,fe15-19,-
Pioneer Sector,female,fe15-19,-
Punggol - Total,female,fe15-19,4190
Coney Island,female,fe15-19,-
Matilda,female,fe15-19,1080
Northshore,female,fe15-19,10
Punggol Canal,female,fe15-19,-
Punggol Field,female,fe15-19,1680
Punggol Town Centre,female,fe15-19,400
Waterway East,female,fe15-19,1020
Queenstown - Total,female,fe15-19,2040
Commonwealth,female,fe15-19,140
Dover,female,fe15-19,320
Ghim Moh,female,fe15-19,250
Holland Drive,female,fe15-19,220
Kent Ridge,female,fe15-19,-
Margaret Drive,female,fe15-19,270
Mei Chin,female,fe15-19,400
National University Of S'pore,female,fe15-19,10
One North,female,fe15-19,20
Pasir Panjang 1,female,fe15-19,140
Pasir Panjang 2,female,fe15-19,80
Port,female,fe15-19,-
Queensway,female,fe15-19,-
Singapore Polytechnic,female,fe15-19,-
Tanglin Halt,female,fe15-19,190
River Valley - Total,female,fe15-19,310
Institution Hill,female,fe15-19,70
Leonie Hill,female,fe15-19,110
One Tree Hill,female,fe15-19,90
Oxley,female,fe15-19,40
Paterson,female,fe15-19,10
Rochor - Total,female,fe15-19,280
Bencoolen,female,fe15-19,30
Farrer Park,female,fe15-19,60
Kampong Glam,female,fe15-19,-
Little India,female,fe15-19,70
Mackenzie,female,fe15-19,-
Mount Emily,female,fe15-19,40
Rochor Canal,female,fe15-19,-
Selegie,female,fe15-19,10
Sungei Road,female,fe15-19,60
Victoria,female,fe15-19,20
Seletar - Total,female,fe15-19,10
Pulau Punggol Barat,female,fe15-19,-
Pulau Punggol Timor,female,fe15-19,-
Seletar,female,fe15-19,10
Seletar Aerospace Park,female,fe15-19,-
Sembawang - Total,female,fe15-19,3130
Admiralty,female,fe15-19,430
Sembawang Central,female,fe15-19,1090
Sembawang East,female,fe15-19,400
Sembawang North,female,fe15-19,850
Sembawang Springs,female,fe15-19,290
Sembawang Straits,female,fe15-19,70
Senoko North,female,fe15-19,-
Senoko South,female,fe15-19,-
The Wharves,female,fe15-19,-
Sengkang - Total,female,fe15-19,6620
Anchorvale,female,fe15-19,1290
Compassvale,female,fe15-19,440
Fernvale,female,fe15-19,1370
Lorong Halus North,female,fe15-19,-
Rivervale,female,fe15-19,1850
Sengkang Town Centre,female,fe15-19,1670
Sengkang West,female,fe15-19,-
Serangoon - Total,female,fe15-19,2970
Lorong Chuan,female,fe15-19,270
Seletar Hills,female,fe15-19,450
Serangoon Central,female,fe15-19,540
Serangoon Garden,female,fe15-19,860
Serangoon North,female,fe15-19,490
Serangoon North Ind Estate,female,fe15-19,-
Upper Paya Lebar,female,fe15-19,370
Simpang - Total,female,fe15-19,-
Pulau Seletar,female,fe15-19,-
Simpang North,female,fe15-19,-
Simpang South,female,fe15-19,-
Tanjong Irau,female,fe15-19,-
Singapore River - Total,female,fe15-19,70
Boat Quay,female,fe15-19,-
Clarke Quay,female,fe15-19,-
Robertson Quay,female,fe15-19,70
Southern Islands - Total,female,fe15-19,70
Sentosa,female,fe15-19,70
Southern Group,female,fe15-19,-
Straits View - Total,female,fe15-19,-
Straits View,female,fe15-19,-
Sungei Kadut - Total,female,fe15-19,20
Gali Batu,female,fe15-19,-
Kranji,female,fe15-19,-
Pang Sua,female,fe15-19,-
Reservoir View,female,fe15-19,-
Turf Club,female,fe15-19,20
Tampines - Total,female,fe15-19,6530
Simei,female,fe15-19,1070
Tampines East,female,fe15-19,3310
Tampines North,female,fe15-19,120
Tampines West,female,fe15-19,1980
Xilin,female,fe15-19,50
Tanglin - Total,female,fe15-19,600
Chatsworth,female,fe15-19,160
Nassim,female,fe15-19,300
Ridout,female,fe15-19,40
Tyersall,female,fe15-19,90
Tengah - Total,female,fe15-19,-
Brickland,female,fe15-19,-
Forest Hill,female,fe15-19,-
Garden,female,fe15-19,-
Park,female,fe15-19,-
Plantation,female,fe15-19,-
Tengah Industrial Estate,female,fe15-19,-
Toa Payoh - Total,female,fe15-19,2690
Bidadari,female,fe15-19,-
Boon Teck,female,fe15-19,320
Braddell,female,fe15-19,220
Joo Seng,female,fe15-19,150
Kim Keat,female,fe15-19,150
Lorong 8 Toa Payoh,female,fe15-19,160
Pei Chun,female,fe15-19,270
Potong Pasir,female,fe15-19,240
Sennett,female,fe15-19,190
Toa Payoh Central,female,fe15-19,660
Toa Payoh West,female,fe15-19,240
Woodleigh,female,fe15-19,90
Tuas - Total,female,fe15-19,-
Tengeh,female,fe15-19,-
Tuas Bay,female,fe15-19,-
Tuas North,female,fe15-19,-
Tuas Promenade,female,fe15-19,-
Tuas View,female,fe15-19,-
Tuas View Extension,female,fe15-19,-
Western Islands - Total,female,fe15-19,-
Jurong Island And Bukom,female,fe15-19,-
Semakau,female,fe15-19,-
Sudong,female,fe15-19,-
Western Water Catchment - Total,female,fe15-19,10
Bahar,female,fe15-19,-
Cleantech,female,fe15-19,-
Murai,female,fe15-19,10
Woodlands - Total,female,fe15-19,8210
Greenwood Park,female,fe15-19,-
Midview,female,fe15-19,1210
North Coast,female,fe15-19,300
Senoko West,female,fe15-19,-
Woodgrove,female,fe15-19,1090
Woodlands East,female,fe15-19,3320
Woodlands Regional Centre,female,fe15-19,-
Woodlands South,female,fe15-19,1400
Woodlands West,female,fe15-19,890
Yishun - Total,female,fe15-19,5370
Khatib,female,fe15-19,230
Lower Seletar,female,fe15-19,450
Nee Soon,female,fe15-19,30
Northland,female,fe15-19,680
Springleaf,female,fe15-19,130
Yishun Central,female,fe15-19,50
Yishun East,female,fe15-19,1450
Yishun South,female,fe15-19,1010
Yishun West,female,fe15-19,1350
Total,female,fe20-24,119920
Ang Mo Kio - Total,female,fe20-24,4280
Ang Mo Kio Town Centre,female,fe20-24,140
Cheng San,female,fe20-24,620
Chong Boon,female,fe20-24,610
Kebun Bahru,female,fe20-24,570
Sembawang Hills,female,fe20-24,260
Shangri-La,female,fe20-24,430
Tagore,female,fe20-24,310
Townsville,female,fe20-24,450
Yio Chu Kang,female,fe20-24,-
Yio Chu Kang East,female,fe20-24,160
Yio Chu Kang North,female,fe20-24,-
Yio Chu Kang West,female,fe20-24,730
Bedok - Total,female,fe20-24,7730
Bayshore,female,fe20-24,190
Bedok North,female,fe20-24,2290
Bedok Reservoir,female,fe20-24,720
Bedok South,female,fe20-24,1330
Frankel,female,fe20-24,860
Kaki Bukit,female,fe20-24,1180
Kembangan,female,fe20-24,970
Siglap,female,fe20-24,200
Bishan - Total,female,fe20-24,2510
Bishan East,female,fe20-24,730
Marymount,female,fe20-24,960
Upper Thomson,female,fe20-24,820
Boon Lay - Total,female,fe20-24,-
Liu Fang,female,fe20-24,-
Samulun,female,fe20-24,-
Shipyard,female,fe20-24,-
Tukang,female,fe20-24,-
Bukit Batok - Total,female,fe20-24,4890
Brickworks,female,fe20-24,370
Bukit Batok Central,female,fe20-24,780
Bukit Batok East,female,fe20-24,360
Bukit Batok South,female,fe20-24,550
Bukit Batok West,female,fe20-24,480
Gombak,female,fe20-24,310
Guilin,female,fe20-24,400
Hillview,female,fe20-24,830
Hong Kah North,female,fe20-24,800
Bukit Merah - Total,female,fe20-24,3360
Alexandra Hill,female,fe20-24,390
Alexandra North,female,fe20-24,50
Bukit Ho Swee,female,fe20-24,310
Bukit Merah,female,fe20-24,30
City Terminals,female,fe20-24,-
Depot Road,female,fe20-24,140
Everton Park,female,fe20-24,170
Henderson Hill,female,fe20-24,320
Kampong Tiong Bahru,female,fe20-24,220
Maritime Square,female,fe20-24,60
Redhill,female,fe20-24,260
Singapore General Hospital,female,fe20-24,-
Telok Blangah Drive,female,fe20-24,340
Telok Blangah Rise,female,fe20-24,300
Telok Blangah Way,female,fe20-24,180
Tiong Bahru,female,fe20-24,220
Tiong Bahru Station,female,fe20-24,370
Bukit Panjang - Total,female,fe20-24,4590
Bangkit,female,fe20-24,760
Dairy Farm,female,fe20-24,230
Fajar,female,fe20-24,790
Jelebu,female,fe20-24,1230
Nature Reserve,female,fe20-24,140
Saujana,female,fe20-24,870
Senja,female,fe20-24,570
Bukit Timah - Total,female,fe20-24,2440
Anak Bukit,female,fe20-24,730
Coronation Road,female,fe20-24,210
Farrer Court,female,fe20-24,170
Hillcrest,female,fe20-24,300
Holland Road,female,fe20-24,370
Leedon Park,female,fe20-24,190
Swiss Club,female,fe20-24,150
Ulu Pandan,female,fe20-24,310
Central Water Catchment - Total,female,fe20-24,-
Central Water Catchment,female,fe20-24,-
Changi- Total,female,fe20-24,50
Changi Airport,female,fe20-24,-
Changi Point,female,fe20-24,20
Changi West,female,fe20-24,30
Changi Bay - Total,female,fe20-24,-
Changi Bay,female,fe20-24,-
Choa Chu Kang - Total,female,fe20-24,7440
Choa Chu Kang Central,female,fe20-24,900
Choa Chu Kang North,female,fe20-24,1700
Keat Hong,female,fe20-24,1130
Peng Siang,female,fe20-24,1230
Teck Whye,female,fe20-24,880
Yew Tee,female,fe20-24,1590
Clementi - Total,female,fe20-24,2340
Clementi Central,female,fe20-24,350
Clementi North,female,fe20-24,670
Clementi West,female,fe20-24,430
Clementi Woods,female,fe20-24,410
Faber,female,fe20-24,140
Pandan,female,fe20-24,-
Sunset Way,female,fe20-24,150
Toh Tuck,female,fe20-24,-
West Coast,female,fe20-24,190
Downtown Core - Total,female,fe20-24,60
Anson,female,fe20-24,-
Bayfront Subzone,female,fe20-24,-
Bugis,female,fe20-24,20
Cecil,female,fe20-24,10
Central Subzone,female,fe20-24,10
City Hall,female,fe20-24,-
Clifford Pier,female,fe20-24,-
Marina Centre,female,fe20-24,-
Maxwell,female,fe20-24,-
Nicoll,female,fe20-24,10
Phillip,female,fe20-24,-
Raffles Place,female,fe20-24,-
Tanjong Pagar,female,fe20-24,10
Geylang - Total,female,fe20-24,2820
Aljunied,female,fe20-24,950
Geylang East,female,fe20-24,780
Kallang Way,female,fe20-24,-
Kampong Ubi,female,fe20-24,350
Macpherson,female,fe20-24,740
Hougang - Total,female,fe20-24,6860
Defu Industrial Park,female,fe20-24,-
Hougang Central,female,fe20-24,160
Hougang East,female,fe20-24,720
Hougang West,female,fe20-24,1400
Kangkar,female,fe20-24,800
Kovan,female,fe20-24,820
Lorong Ah Soo,female,fe20-24,980
Lorong Halus,female,fe20-24,-
Tai Seng,female,fe20-24,460
Trafalgar,female,fe20-24,1520
Jurong East - Total,female,fe20-24,2310
International Business Park,female,fe20-24,-
Jurong Gateway,female,fe20-24,10
Jurong Port,female,fe20-24,-
Jurong River,female,fe20-24,-
Lakeside (Business),female,fe20-24,-
Lakeside (Leisure),female,fe20-24,20
Penjuru Crescent,female,fe20-24,-
Teban Gardens,female,fe20-24,500
Toh Guan,female,fe20-24,480
Yuhua East,female,fe20-24,710
Yuhua West,female,fe20-24,590
Jurong West - Total,female,fe20-24,8560
Boon Lay Place,female,fe20-24,890
Chin Bee,female,fe20-24,-
Hong Kah,female,fe20-24,1640
Jurong West Central,female,fe20-24,1880
Kian Teck,female,fe20-24,-
Safti,female,fe20-24,-
Taman Jurong,female,fe20-24,1320
Wenya,female,fe20-24,180
Yunnan,female,fe20-24,2650
Kallang - Total,female,fe20-24,2280
Bendemeer,female,fe20-24,750
Boon Keng,female,fe20-24,270
Crawford,female,fe20-24,170
Geylang Bahru,female,fe20-24,280
Kallang Bahru,female,fe20-24,-
Kampong Bugis,female,fe20-24,20
Kampong Java,female,fe20-24,260
Lavender,female,fe20-24,200
Tanjong Rhu,female,fe20-24,340
Lim Chu Kang - Total,female,fe20-24,10
Lim Chu Kang,female,fe20-24,10
Mandai - Total,female,fe20-24,90
Mandai East,female,fe20-24,-
Mandai Estate,female,fe20-24,90
Mandai West,female,fe20-24,-
Marina East - Total,female,fe20-24,-
Marina East,female,fe20-24,-
Marina South - Total,female,fe20-24,-
Marina South,female,fe20-24,-
Marine Parade - Total,female,fe20-24,1210
East Coast,female,fe20-24,-
Katong,female,fe20-24,240
Marina East (Mp),female,fe20-24,-
Marine Parade,female,fe20-24,670
Mountbatten,female,fe20-24,300
Museum - Total,female,fe20-24,10
Bras Basah,female,fe20-24,-
Dhoby Ghaut,female,fe20-24,-
Fort Canning,female,fe20-24,-
Newton - Total,female,fe20-24,170
Cairnhill,female,fe20-24,80
Goodwood Park,female,fe20-24,20
Istana Negara,female,fe20-24,-
Monk's Hill,female,fe20-24,30
Newton Circus,female,fe20-24,-
Orange Grove,female,fe20-24,40
North-Eastern Islands - Total,female,fe20-24,-
North-Eastern Islands,female,fe20-24,-
Novena - Total,female,fe20-24,1180
Balestier,female,fe20-24,800
Dunearn,female,fe20-24,140
Malcolm,female,fe20-24,60
Moulmein,female,fe20-24,160
Mount Pleasant,female,fe20-24,20
Orchard - Total,female,fe20-24,20
Boulevard,female,fe20-24,10
Somerset,female,fe20-24,10
Tanglin,female,fe20-24,10
Outram - Total,female,fe20-24,340
China Square,female,fe20-24,20
Chinatown,female,fe20-24,190
Pearl's Hill,female,fe20-24,120
People's Park,female,fe20-24,10
Pasir Ris - Total,female,fe20-24,6030
Flora Drive,female,fe20-24,520
Loyang East,female,fe20-24,90
Loyang West,female,fe20-24,-
Pasir Ris Central,female,fe20-24,1160
Pasir Ris Drive,female,fe20-24,2410
Pasir Ris Park,female,fe20-24,210
Pasir Ris Wafer Fab Park,female,fe20-24,-
Pasir Ris West,female,fe20-24,1640
Paya Lebar - Total,female,fe20-24,-
Airport Road,female,fe20-24,-
Paya Lebar East,female,fe20-24,-
Paya Lebar North,female,fe20-24,-
Paya Lebar West,female,fe20-24,-
Plab,female,fe20-24,-
Pioneer - Total,female,fe20-24,-
Benoi Sector,female,fe20-24,-
Gul Basin,female,fe20-24,-
Gul Circle,female,fe20-24,-
Joo Koon,female,fe20-24,-
Pioneer Sector,female,fe20-24,-
Punggol - Total,female,fe20-24,3300
Coney Island,female,fe20-24,-
Matilda,female,fe20-24,920
Northshore,female,fe20-24,20
Punggol Canal,female,fe20-24,-
Punggol Field,female,fe20-24,1280
Punggol Town Centre,female,fe20-24,310
Waterway East,female,fe20-24,760
Queenstown - Total,female,fe20-24,2410
Commonwealth,female,fe20-24,150
Dover,female,fe20-24,340
Ghim Moh,female,fe20-24,290
Holland Drive,female,fe20-24,290
Kent Ridge,female,fe20-24,-
Margaret Drive,female,fe20-24,290
Mei Chin,female,fe20-24,450
National University Of S'pore,female,fe20-24,110
One North,female,fe20-24,20
Pasir Panjang 1,female,fe20-24,150
Pasir Panjang 2,female,fe20-24,110
Port,female,fe20-24,-
Queensway,female,fe20-24,10
Singapore Polytechnic,female,fe20-24,-
Tanglin Halt,female,fe20-24,200
River Valley - Total,female,fe20-24,240
Institution Hill,female,fe20-24,70
Leonie Hill,female,fe20-24,80
One Tree Hill,female,fe20-24,60
Oxley,female,fe20-24,30
Paterson,female,fe20-24,10
Rochor - Total,female,fe20-24,280
Bencoolen,female,fe20-24,30
Farrer Park,female,fe20-24,70
Kampong Glam,female,fe20-24,-
Little India,female,fe20-24,70
Mackenzie,female,fe20-24,-
Mount Emily,female,fe20-24,20
Rochor Canal,female,fe20-24,-
Selegie,female,fe20-24,10
Sungei Road,female,fe20-24,50
Victoria,female,fe20-24,30
Seletar - Total,female,fe20-24,10
Pulau Punggol Barat,female,fe20-24,-
Pulau Punggol Timor,female,fe20-24,-
Seletar,female,fe20-24,10
Seletar Aerospace Park,female,fe20-24,-
Sembawang - Total,female,fe20-24,2960
Admiralty,female,fe20-24,380
Sembawang Central,female,fe20-24,1110
Sembawang East,female,fe20-24,410
Sembawang North,female,fe20-24,770
Sembawang Springs,female,fe20-24,230
Sembawang Straits,female,fe20-24,70
Senoko North,female,fe20-24,-
Senoko South,female,fe20-24,-
The Wharves,female,fe20-24,-
Sengkang - Total,female,fe20-24,6430
Anchorvale,female,fe20-24,1040
Compassvale,female,fe20-24,320
Fernvale,female,fe20-24,1150
Lorong Halus North,female,fe20-24,-
Rivervale,female,fe20-24,2050
Sengkang Town Centre,female,fe20-24,1880
Sengkang West,female,fe20-24,-
Serangoon - Total,female,fe20-24,3580
Lorong Chuan,female,fe20-24,310
Seletar Hills,female,fe20-24,520
Serangoon Central,female,fe20-24,670
Serangoon Garden,female,fe20-24,1090
Serangoon North,female,fe20-24,570
Serangoon North Ind Estate,female,fe20-24,-
Upper Paya Lebar,female,fe20-24,430
Simpang - Total,female,fe20-24,-
Pulau Seletar,female,fe20-24,-
Simpang North,female,fe20-24,-
Simpang South,female,fe20-24,-
Tanjong Irau,female,fe20-24,-
Singapore River - Total,female,fe20-24,60
Boat Quay,female,fe20-24,-
Clarke Quay,female,fe20-24,-
Robertson Quay,female,fe20-24,60
Southern Islands - Total,female,fe20-24,60
Sentosa,female,fe20-24,60
Southern Group,female,fe20-24,-
Straits View - Total,female,fe20-24,-
Straits View,female,fe20-24,-
Sungei Kadut - Total,female,fe20-24,30
Gali Batu,female,fe20-24,-
Kranji,female,fe20-24,-
Pang Sua,female,fe20-24,-
Reservoir View,female,fe20-24,-
Turf Club,female,fe20-24,30
Tampines - Total,female,fe20-24,8570
Simei,female,fe20-24,1290
Tampines East,female,fe20-24,4480
Tampines North,female,fe20-24,110
Tampines West,female,fe20-24,2590
Xilin,female,fe20-24,90
Tanglin - Total,female,fe20-24,560
Chatsworth,female,fe20-24,160
Nassim,female,fe20-24,250
Ridout,female,fe20-24,40
Tyersall,female,fe20-24,110
Tengah - Total,female,fe20-24,-
Brickland,female,fe20-24,-
Forest Hill,female,fe20-24,-
Garden,female,fe20-24,-
Park,female,fe20-24,-
Plantation,female,fe20-24,-
Tengah Industrial Estate,female,fe20-24,-
Toa Payoh - Total,female,fe20-24,3100
Bidadari,female,fe20-24,-
Boon Teck,female,fe20-24,360
Braddell,female,fe20-24,300
Joo Seng,female,fe20-24,180
Kim Keat,female,fe20-24,230
Lorong 8 Toa Payoh,female,fe20-24,210
Pei Chun,female,fe20-24,260
Potong Pasir,female,fe20-24,260
Sennett,female,fe20-24,150
Toa Payoh Central,female,fe20-24,780
Toa Payoh West,female,fe20-24,310
Woodleigh,female,fe20-24,70
Tuas - Total,female,fe20-24,-
Tengeh,female,fe20-24,-
Tuas Bay,female,fe20-24,-
Tuas North,female,fe20-24,-
Tuas Promenade,female,fe20-24,-
Tuas View,female,fe20-24,-
Tuas View Extension,female,fe20-24,-
Western Islands - Total,female,fe20-24,-
Jurong Island And Bukom,female,fe20-24,-
Semakau,female,fe20-24,-
Sudong,female,fe20-24,-
Western Water Catchment - Total,female,fe20-24,110
Bahar,female,fe20-24,-
Cleantech,female,fe20-24,-
Murai,female,fe20-24,110
Woodlands - Total,female,fe20-24,10320
Greenwood Park,female,fe20-24,-
Midview,female,fe20-24,1660
North Coast,female,fe20-24,470
Senoko West,female,fe20-24,-
Woodgrove,female,fe20-24,1620
Woodlands East,female,fe20-24,3840
Woodlands Regional Centre,female,fe20-24,-
Woodlands South,female,fe20-24,1480
Woodlands West,female,fe20-24,1250
Yishun - Total,female,fe20-24,6360
Khatib,female,fe20-24,290
Lower Seletar,female,fe20-24,370
Nee Soon,female,fe20-24,20
Northland,female,fe20-24,920
Springleaf,female,fe20-24,150
Yishun Central,female,fe20-24,80
Yishun East,female,fe20-24,1640
Yishun South,female,fe20-24,1180
Yishun West,female,fe20-24,1700
Total,female,fe25-29,144620
Ang Mo Kio - Total,female,fe25-29,5220
Ang Mo Kio Town Centre,female,fe25-29,140
Cheng San,female,fe25-29,860
Chong Boon,female,fe25-29,820
Kebun Bahru,female,fe25-29,740
Sembawang Hills,female,fe25-29,260
Shangri-La,female,fe25-29,480
Tagore,female,fe25-29,320
Townsville,female,fe25-29,670
Yio Chu Kang,female,fe25-29,-
Yio Chu Kang East,female,fe25-29,150
Yio Chu Kang North,female,fe25-29,-
Yio Chu Kang West,female,fe25-29,780
Bedok - Total,female,fe25-29,9410
Bayshore,female,fe25-29,150
Bedok North,female,fe25-29,2890
Bedok Reservoir,female,fe25-29,770
Bedok South,female,fe25-29,1540
Frankel,female,fe25-29,1030
Kaki Bukit,female,fe25-29,1550
Kembangan,female,fe25-29,1290
Siglap,female,fe25-29,200
Bishan - Total,female,fe25-29,3340
Bishan East,female,fe25-29,1140
Marymount,female,fe25-29,1230
Upper Thomson,female,fe25-29,980
Boon Lay - Total,female,fe25-29,-
Liu Fang,female,fe25-29,-
Samulun,female,fe25-29,-
Shipyard,female,fe25-29,-
Tukang,female,fe25-29,-
Bukit Batok - Total,female,fe25-29,6530
Brickworks,female,fe25-29,1420
Bukit Batok Central,female,fe25-29,1000
Bukit Batok East,female,fe25-29,460
Bukit Batok South,female,fe25-29,600
Bukit Batok West,female,fe25-29,490
Gombak,female,fe25-29,320
Guilin,female,fe25-29,430
Hillview,female,fe25-29,760
Hong Kah North,female,fe25-29,1050
Bukit Merah - Total,female,fe25-29,4590
Alexandra Hill,female,fe25-29,420
Alexandra North,female,fe25-29,70
Bukit Ho Swee,female,fe25-29,420
Bukit Merah,female,fe25-29,30
City Terminals,female,fe25-29,-
Depot Road,female,fe25-29,160
Everton Park,female,fe25-29,230
Henderson Hill,female,fe25-29,440
Kampong Tiong Bahru,female,fe25-29,260
Maritime Square,female,fe25-29,80
Redhill,female,fe25-29,340
Singapore General Hospital,female,fe25-29,-
Telok Blangah Drive,female,fe25-29,570
Telok Blangah Rise,female,fe25-29,400
Telok Blangah Way,female,fe25-29,240
Tiong Bahru,female,fe25-29,400
Tiong Bahru Station,female,fe25-29,550
Bukit Panjang - Total,female,fe25-29,5180
Bangkit,female,fe25-29,920
Dairy Farm,female,fe25-29,230
Fajar,female,fe25-29,1080
Jelebu,female,fe25-29,1310
Nature Reserve,female,fe25-29,160
Saujana,female,fe25-29,900
Senja,female,fe25-29,600
Bukit Timah - Total,female,fe25-29,2380
Anak Bukit,female,fe25-29,850
Coronation Road,female,fe25-29,160
Farrer Court,female,fe25-29,160
Hillcrest,female,fe25-29,220
Holland Road,female,fe25-29,300
Leedon Park,female,fe25-29,200
Swiss Club,female,fe25-29,190
Ulu Pandan,female,fe25-29,320
Central Water Catchment - Total,female,fe25-29,-
Central Water Catchment,female,fe25-29,-
Changi- Total,female,fe25-29,50
Changi Airport,female,fe25-29,-
Changi Point,female,fe25-29,10
Changi West,female,fe25-29,40
Changi Bay - Total,female,fe25-29,-
Changi Bay,female,fe25-29,-
Choa Chu Kang - Total,female,fe25-29,8220
Choa Chu Kang Central,female,fe25-29,940
Choa Chu Kang North,female,fe25-29,1470
Keat Hong,female,fe25-29,1770
Peng Siang,female,fe25-29,1460
Teck Whye,female,fe25-29,1090
Yew Tee,female,fe25-29,1500
Clementi - Total,female,fe25-29,2580
Clementi Central,female,fe25-29,420
Clementi North,female,fe25-29,790
Clementi West,female,fe25-29,410
Clementi Woods,female,fe25-29,460
Faber,female,fe25-29,140
Pandan,female,fe25-29,-
Sunset Way,female,fe25-29,190
Toh Tuck,female,fe25-29,-
West Coast,female,fe25-29,170
Downtown Core - Total,female,fe25-29,130
Anson,female,fe25-29,-
Bayfront Subzone,female,fe25-29,-
Bugis,female,fe25-29,30
Cecil,female,fe25-29,10
Central Subzone,female,fe25-29,40
City Hall,female,fe25-29,-
Clifford Pier,female,fe25-29,-
Marina Centre,female,fe25-29,-
Maxwell,female,fe25-29,-
Nicoll,female,fe25-29,10
Phillip,female,fe25-29,-
Raffles Place,female,fe25-29,-
Tanjong Pagar,female,fe25-29,30
Geylang - Total,female,fe25-29,3960
Aljunied,female,fe25-29,1430
Geylang East,female,fe25-29,1030
Kallang Way,female,fe25-29,-
Kampong Ubi,female,fe25-29,530
Macpherson,female,fe25-29,980
Hougang - Total,female,fe25-29,8740
Defu Industrial Park,female,fe25-29,-
Hougang Central,female,fe25-29,190
Hougang East,female,fe25-29,1030
Hougang West,female,fe25-29,1940
Kangkar,female,fe25-29,1030
Kovan,female,fe25-29,940
Lorong Ah Soo,female,fe25-29,1170
Lorong Halus,female,fe25-29,-
Tai Seng,female,fe25-29,490
Trafalgar,female,fe25-29,1950
Jurong East - Total,female,fe25-29,2730
International Business Park,female,fe25-29,-
Jurong Gateway,female,fe25-29,30
Jurong Port,female,fe25-29,-
Jurong River,female,fe25-29,-
Lakeside (Business),female,fe25-29,-
Lakeside (Leisure),female,fe25-29,20
Penjuru Crescent,female,fe25-29,-
Teban Gardens,female,fe25-29,540
Toh Guan,female,fe25-29,610
Yuhua East,female,fe25-29,860
Yuhua West,female,fe25-29,680
Jurong West - Total,female,fe25-29,9440
Boon Lay Place,female,fe25-29,1000
Chin Bee,female,fe25-29,-
Hong Kah,female,fe25-29,1860
Jurong West Central,female,fe25-29,2040
Kian Teck,female,fe25-29,-
Safti,female,fe25-29,-
Taman Jurong,female,fe25-29,1480
Wenya,female,fe25-29,220
Yunnan,female,fe25-29,2840
Kallang - Total,female,fe25-29,3080
Bendemeer,female,fe25-29,1190
Boon Keng,female,fe25-29,400
Crawford,female,fe25-29,210
Geylang Bahru,female,fe25-29,320
Kallang Bahru,female,fe25-29,-
Kampong Bugis,female,fe25-29,50
Kampong Java,female,fe25-29,340
Lavender,female,fe25-29,300
Tanjong Rhu,female,fe25-29,270
Lim Chu Kang - Total,female,fe25-29,-
Lim Chu Kang,female,fe25-29,-
Mandai - Total,female,fe25-29,90
Mandai East,female,fe25-29,-
Mandai Estate,female,fe25-29,90
Mandai West,female,fe25-29,-
Marina East - Total,female,fe25-29,-
Marina East,female,fe25-29,-
Marina South - Total,female,fe25-29,-
Marina South,female,fe25-29,-
Marine Parade - Total,female,fe25-29,1290
East Coast,female,fe25-29,-
Katong,female,fe25-29,290
Marina East (Mp),female,fe25-29,-
Marine Parade,female,fe25-29,680
Mountbatten,female,fe25-29,320
Museum - Total,female,fe25-29,10
Bras Basah,female,fe25-29,-
Dhoby Ghaut,female,fe25-29,10
Fort Canning,female,fe25-29,10
Newton - Total,female,fe25-29,230
Cairnhill,female,fe25-29,120
Goodwood Park,female,fe25-29,40
Istana Negara,female,fe25-29,-
Monk's Hill,female,fe25-29,20
Newton Circus,female,fe25-29,10
Orange Grove,female,fe25-29,40
North-Eastern Islands - Total,female,fe25-29,-
North-Eastern Islands,female,fe25-29,-
Novena - Total,female,fe25-29,1480
Balestier,female,fe25-29,1020
Dunearn,female,fe25-29,120
Malcolm,female,fe25-29,70
Moulmein,female,fe25-29,240
Mount Pleasant,female,fe25-29,20
Orchard - Total,female,fe25-29,30
Boulevard,female,fe25-29,10
Somerset,female,fe25-29,-
Tanglin,female,fe25-29,10
Outram - Total,female,fe25-29,460
China Square,female,fe25-29,30
Chinatown,female,fe25-29,290
Pearl's Hill,female,fe25-29,120
People's Park,female,fe25-29,20
Pasir Ris - Total,female,fe25-29,6500
Flora Drive,female,fe25-29,480
Loyang East,female,fe25-29,90
Loyang West,female,fe25-29,-
Pasir Ris Central,female,fe25-29,1350
Pasir Ris Drive,female,fe25-29,2830
Pasir Ris Park,female,fe25-29,170
Pasir Ris Wafer Fab Park,female,fe25-29,-
Pasir Ris West,female,fe25-29,1580
Paya Lebar - Total,female,fe25-29,-
Airport Road,female,fe25-29,-
Paya Lebar East,female,fe25-29,-
Paya Lebar North,female,fe25-29,-
Paya Lebar West,female,fe25-29,-
Plab,female,fe25-29,-
Pioneer - Total,female,fe25-29,-
Benoi Sector,female,fe25-29,-
Gul Basin,female,fe25-29,-
Gul Circle,female,fe25-29,-
Joo Koon,female,fe25-29,-
Pioneer Sector,female,fe25-29,-
Punggol - Total,female,fe25-29,4640
Coney Island,female,fe25-29,-
Matilda,female,fe25-29,1520
Northshore,female,fe25-29,20
Punggol Canal,female,fe25-29,-
Punggol Field,female,fe25-29,1250
Punggol Town Centre,female,fe25-29,630
Waterway East,female,fe25-29,1220
Queenstown - Total,female,fe25-29,3010
Commonwealth,female,fe25-29,190
Dover,female,fe25-29,320
Ghim Moh,female,fe25-29,440
Holland Drive,female,fe25-29,390
Kent Ridge,female,fe25-29,-
Margaret Drive,female,fe25-29,450
Mei Chin,female,fe25-29,580
National University Of S'pore,female,fe25-29,20
One North,female,fe25-29,20
Pasir Panjang 1,female,fe25-29,170
Pasir Panjang 2,female,fe25-29,120
Port,female,fe25-29,-
Queensway,female,fe25-29,10
Singapore Polytechnic,female,fe25-29,-
Tanglin Halt,female,fe25-29,290
River Valley - Total,female,fe25-29,310
Institution Hill,female,fe25-29,70
Leonie Hill,female,fe25-29,100
One Tree Hill,female,fe25-29,60
Oxley,female,fe25-29,70
Paterson,female,fe25-29,-
Rochor - Total,female,fe25-29,420
Bencoolen,female,fe25-29,40
Farrer Park,female,fe25-29,70
Kampong Glam,female,fe25-29,10
Little India,female,fe25-29,110
Mackenzie,female,fe25-29,10
Mount Emily,female,fe25-29,60
Rochor Canal,female,fe25-29,-
Selegie,female,fe25-29,10
Sungei Road,female,fe25-29,60
Victoria,female,fe25-29,50
Seletar - Total,female,fe25-29,-
Pulau Punggol Barat,female,fe25-29,-
Pulau Punggol Timor,female,fe25-29,-
Seletar,female,fe25-29,-
Seletar Aerospace Park,female,fe25-29,-
Sembawang - Total,female,fe25-29,4080
Admiralty,female,fe25-29,410
Sembawang Central,female,fe25-29,1340
Sembawang East,female,fe25-29,1240
Sembawang North,female,fe25-29,730
Sembawang Springs,female,fe25-29,300
Sembawang Straits,female,fe25-29,70
Senoko North,female,fe25-29,-
Senoko South,female,fe25-29,-
The Wharves,female,fe25-29,-
Sengkang - Total,female,fe25-29,7500
Anchorvale,female,fe25-29,1340
Compassvale,female,fe25-29,570
Fernvale,female,fe25-29,1430
Lorong Halus North,female,fe25-29,-
Rivervale,female,fe25-29,2020
Sengkang Town Centre,female,fe25-29,2130
Sengkang West,female,fe25-29,-
Serangoon - Total,female,fe25-29,4650
Lorong Chuan,female,fe25-29,320
Seletar Hills,female,fe25-29,570
Serangoon Central,female,fe25-29,1020
Serangoon Garden,female,fe25-29,1330
Serangoon North,female,fe25-29,690
Serangoon North Ind Estate,female,fe25-29,-
Upper Paya Lebar,female,fe25-29,730
Simpang - Total,female,fe25-29,-
Pulau Seletar,female,fe25-29,-
Simpang North,female,fe25-29,-
Simpang South,female,fe25-29,-
Tanjong Irau,female,fe25-29,-
Singapore River - Total,female,fe25-29,70
Boat Quay,female,fe25-29,-
Clarke Quay,female,fe25-29,-
Robertson Quay,female,fe25-29,70
Southern Islands - Total,female,fe25-29,50
Sentosa,female,fe25-29,50
Southern Group,female,fe25-29,-
Straits View - Total,female,fe25-29,-
Straits View,female,fe25-29,-
Sungei Kadut - Total,female,fe25-29,30
Gali Batu,female,fe25-29,-
Kranji,female,fe25-29,-
Pang Sua,female,fe25-29,-
Reservoir View,female,fe25-29,-
Turf Club,female,fe25-29,30
Tampines - Total,female,fe25-29,10770
Simei,female,fe25-29,1620
Tampines East,female,fe25-29,5320
Tampines North,female,fe25-29,680
Tampines West,female,fe25-29,3070
Xilin,female,fe25-29,80
Tanglin - Total,female,fe25-29,570
Chatsworth,female,fe25-29,170
Nassim,female,fe25-29,260
Ridout,female,fe25-29,40
Tyersall,female,fe25-29,110
Tengah - Total,female,fe25-29,-
Brickland,female,fe25-29,-
Forest Hill,female,fe25-29,-
Garden,female,fe25-29,-
Park,female,fe25-29,-
Plantation,female,fe25-29,-
Tengah Industrial Estate,female,fe25-29,-
Toa Payoh - Total,female,fe25-29,4230
Bidadari,female,fe25-29,-
Boon Teck,female,fe25-29,500
Braddell,female,fe25-29,340
Joo Seng,female,fe25-29,300
Kim Keat,female,fe25-29,310
Lorong 8 Toa Payoh,female,fe25-29,260
Pei Chun,female,fe25-29,300
Potong Pasir,female,fe25-29,370
Sennett,female,fe25-29,340
Toa Payoh Central,female,fe25-29,960
Toa Payoh West,female,fe25-29,450
Woodleigh,female,fe25-29,100
Tuas - Total,female,fe25-29,-
Tengeh,female,fe25-29,-
Tuas Bay,female,fe25-29,-
Tuas North,female,fe25-29,-
Tuas Promenade,female,fe25-29,-
Tuas View,female,fe25-29,-
Tuas View Extension,female,fe25-29,-
Western Islands - Total,female,fe25-29,-
Jurong Island And Bukom,female,fe25-29,-
Semakau,female,fe25-29,-
Sudong,female,fe25-29,-
Western Water Catchment - Total,female,fe25-29,20
Bahar,female,fe25-29,-
Cleantech,female,fe25-29,-
Murai,female,fe25-29,20
Woodlands - Total,female,fe25-29,10100
Greenwood Park,female,fe25-29,-
Midview,female,fe25-29,1540
North Coast,female,fe25-29,470
Senoko West,female,fe25-29,-
Woodgrove,female,fe25-29,1480
Woodlands East,female,fe25-29,3850
Woodlands Regional Centre,female,fe25-29,-
Woodlands South,female,fe25-29,1280
Woodlands West,female,fe25-29,1480
Yishun - Total,female,fe25-29,8490
Khatib,female,fe25-29,490
Lower Seletar,female,fe25-29,700
Nee Soon,female,fe25-29,20
Northland,female,fe25-29,1110
Springleaf,female,fe25-29,210
Yishun Central,female,fe25-29,110
Yishun East,female,fe25-29,2140
Yishun South,female,fe25-29,1880
Yishun West,female,fe25-29,1840
Total,female,fe30-34,154780
Ang Mo Kio - Total,female,fe30-34,5460
Ang Mo Kio Town Centre,female,fe30-34,170
Cheng San,female,fe30-34,1080
Chong Boon,female,fe30-34,980
Kebun Bahru,female,fe30-34,740
Sembawang Hills,female,fe30-34,190
Shangri-La,female,fe30-34,520
Tagore,female,fe30-34,240
Townsville,female,fe30-34,710
Yio Chu Kang,female,fe30-34,-
Yio Chu Kang East,female,fe30-34,110
Yio Chu Kang North,female,fe30-34,-
Yio Chu Kang West,female,fe30-34,730
Bedok - Total,female,fe30-34,9340
Bayshore,female,fe30-34,210
Bedok North,female,fe30-34,2620
Bedok Reservoir,female,fe30-34,970
Bedok South,female,fe30-34,1440
Frankel,female,fe30-34,1110
Kaki Bukit,female,fe30-34,1410
Kembangan,female,fe30-34,1400
Siglap,female,fe30-34,190
Bishan - Total,female,fe30-34,2920
Bishan East,female,fe30-34,1080
Marymount,female,fe30-34,950
Upper Thomson,female,fe30-34,890
Boon Lay - Total,female,fe30-34,-
Liu Fang,female,fe30-34,-
Samulun,female,fe30-34,-
Shipyard,female,fe30-34,-
Tukang,female,fe30-34,-
Bukit Batok - Total,female,fe30-34,6870
Brickworks,female,fe30-34,1700
Bukit Batok Central,female,fe30-34,1300
Bukit Batok East,female,fe30-34,420
Bukit Batok South,female,fe30-34,650
Bukit Batok West,female,fe30-34,630
Gombak,female,fe30-34,320
Guilin,female,fe30-34,420
Hillview,female,fe30-34,570
Hong Kah North,female,fe30-34,880
Bukit Merah - Total,female,fe30-34,5590
Alexandra Hill,female,fe30-34,410
Alexandra North,female,fe30-34,150
Bukit Ho Swee,female,fe30-34,480
Bukit Merah,female,fe30-34,30
City Terminals,female,fe30-34,-
Depot Road,female,fe30-34,270
Everton Park,female,fe30-34,280
Henderson Hill,female,fe30-34,480
Kampong Tiong Bahru,female,fe30-34,240
Maritime Square,female,fe30-34,110
Redhill,female,fe30-34,340
Singapore General Hospital,female,fe30-34,-
Telok Blangah Drive,female,fe30-34,1100
Telok Blangah Rise,female,fe30-34,330
Telok Blangah Way,female,fe30-34,220
Tiong Bahru,female,fe30-34,620
Tiong Bahru Station,female,fe30-34,530
Bukit Panjang - Total,female,fe30-34,5440
Bangkit,female,fe30-34,730
Dairy Farm,female,fe30-34,260
Fajar,female,fe30-34,1240
Jelebu,female,fe30-34,1100
Nature Reserve,female,fe30-34,110
Saujana,female,fe30-34,1160
Senja,female,fe30-34,860
Bukit Timah - Total,female,fe30-34,2290
Anak Bukit,female,fe30-34,700
Coronation Road,female,fe30-34,190
Farrer Court,female,fe30-34,200
Hillcrest,female,fe30-34,240
Holland Road,female,fe30-34,300
Leedon Park,female,fe30-34,200
Swiss Club,female,fe30-34,160
Ulu Pandan,female,fe30-34,310
Central Water Catchment - Total,female,fe30-34,-
Central Water Catchment,female,fe30-34,-
Changi- Total,female,fe30-34,80
Changi Airport,female,fe30-34,-
Changi Point,female,fe30-34,10
Changi West,female,fe30-34,70
Changi Bay - Total,female,fe30-34,-
Changi Bay,female,fe30-34,-
Choa Chu Kang - Total,female,fe30-34,7230
Choa Chu Kang Central,female,fe30-34,690
Choa Chu Kang North,female,fe30-34,800
Keat Hong,female,fe30-34,2420
Peng Siang,female,fe30-34,1420
Teck Whye,female,fe30-34,740
Yew Tee,female,fe30-34,1160
Clementi - Total,female,fe30-34,3160
Clementi Central,female,fe30-34,450
Clementi North,female,fe30-34,1220
Clementi West,female,fe30-34,410
Clementi Woods,female,fe30-34,560
Faber,female,fe30-34,210
Pandan,female,fe30-34,-
Sunset Way,female,fe30-34,160
Toh Tuck,female,fe30-34,-
West Coast,female,fe30-34,160
Downtown Core - Total,female,fe30-34,170
Anson,female,fe30-34,-
Bayfront Subzone,female,fe30-34,-
Bugis,female,fe30-34,30
Cecil,female,fe30-34,30
Central Subzone,female,fe30-34,50
City Hall,female,fe30-34,-
Clifford Pier,female,fe30-34,-
Marina Centre,female,fe30-34,-
Maxwell,female,fe30-34,-
Nicoll,female,fe30-34,10
Phillip,female,fe30-34,-
Raffles Place,female,fe30-34,-
Tanjong Pagar,female,fe30-34,50
Geylang - Total,female,fe30-34,4200
Aljunied,female,fe30-34,1540
Geylang East,female,fe30-34,1000
Kallang Way,female,fe30-34,-
Kampong Ubi,female,fe30-34,480
Macpherson,female,fe30-34,1170
Hougang - Total,female,fe30-34,8800
Defu Industrial Park,female,fe30-34,-
Hougang Central,female,fe30-34,160
Hougang East,female,fe30-34,1250
Hougang West,female,fe30-34,1710
Kangkar,female,fe30-34,1450
Kovan,female,fe30-34,870
Lorong Ah Soo,female,fe30-34,1100
Lorong Halus,female,fe30-34,-
Tai Seng,female,fe30-34,440
Trafalgar,female,fe30-34,1820
Jurong East - Total,female,fe30-34,2720
International Business Park,female,fe30-34,-
Jurong Gateway,female,fe30-34,20
Jurong Port,female,fe30-34,-
Jurong River,female,fe30-34,-
Lakeside (Business),female,fe30-34,-
Lakeside (Leisure),female,fe30-34,30
Penjuru Crescent,female,fe30-34,-
Teban Gardens,female,fe30-34,650
Toh Guan,female,fe30-34,550
Yuhua East,female,fe30-34,850
Yuhua West,female,fe30-34,630
Jurong West - Total,female,fe30-34,9330
Boon Lay Place,female,fe30-34,1210
Chin Bee,female,fe30-34,-
Hong Kah,female,fe30-34,1840
Jurong West Central,female,fe30-34,2400
Kian Teck,female,fe30-34,-
Safti,female,fe30-34,-
Taman Jurong,female,fe30-34,1490
Wenya,female,fe30-34,270
Yunnan,female,fe30-34,2110
Kallang - Total,female,fe30-34,3700
Bendemeer,female,fe30-34,1740
Boon Keng,female,fe30-34,420
Crawford,female,fe30-34,190
Geylang Bahru,female,fe30-34,320
Kallang Bahru,female,fe30-34,-
Kampong Bugis,female,fe30-34,40
Kampong Java,female,fe30-34,350
Lavender,female,fe30-34,310
Tanjong Rhu,female,fe30-34,330
Lim Chu Kang - Total,female,fe30-34,-
Lim Chu Kang,female,fe30-34,-
Mandai - Total,female,fe30-34,70
Mandai East,female,fe30-34,-
Mandai Estate,female,fe30-34,70
Mandai West,female,fe30-34,-
Marina East - Total,female,fe30-34,-
Marina East,female,fe30-34,-
Marina South - Total,female,fe30-34,-
Marina South,female,fe30-34,-
Marine Parade - Total,female,fe30-34,1300
East Coast,female,fe30-34,-
Katong,female,fe30-34,280
Marina East (Mp),female,fe30-34,-
Marine Parade,female,fe30-34,710
Mountbatten,female,fe30-34,310
Museum - Total,female,fe30-34,30
Bras Basah,female,fe30-34,-
Dhoby Ghaut,female,fe30-34,20
Fort Canning,female,fe30-34,-
Newton - Total,female,fe30-34,290
Cairnhill,female,fe30-34,150
Goodwood Park,female,fe30-34,40
Istana Negara,female,fe30-34,-
Monk's Hill,female,fe30-34,30
Newton Circus,female,fe30-34,10
Orange Grove,female,fe30-34,50
North-Eastern Islands - Total,female,fe30-34,-
North-Eastern Islands,female,fe30-34,-
Novena - Total,female,fe30-34,1750
Balestier,female,fe30-34,1270
Dunearn,female,fe30-34,90
Malcolm,female,fe30-34,80
Moulmein,female,fe30-34,300
Mount Pleasant,female,fe30-34,20
Orchard - Total,female,fe30-34,40
Boulevard,female,fe30-34,10
Somerset,female,fe30-34,10
Tanglin,female,fe30-34,10
Outram - Total,female,fe30-34,540
China Square,female,fe30-34,30
Chinatown,female,fe30-34,370
Pearl's Hill,female,fe30-34,120
People's Park,female,fe30-34,20
Pasir Ris - Total,female,fe30-34,4610
Flora Drive,female,fe30-34,430
Loyang East,female,fe30-34,50
Loyang West,female,fe30-34,-
Pasir Ris Central,female,fe30-34,1310
Pasir Ris Drive,female,fe30-34,1550
Pasir Ris Park,female,fe30-34,320
Pasir Ris Wafer Fab Park,female,fe30-34,-
Pasir Ris West,female,fe30-34,940
Paya Lebar - Total,female,fe30-34,-
Airport Road,female,fe30-34,-
Paya Lebar East,female,fe30-34,-
Paya Lebar North,female,fe30-34,-
Paya Lebar West,female,fe30-34,-
Plab,female,fe30-34,-
Pioneer - Total,female,fe30-34,-
Benoi Sector,female,fe30-34,-
Gul Basin,female,fe30-34,-
Gul Circle,female,fe30-34,-
Joo Koon,female,fe30-34,-
Pioneer Sector,female,fe30-34,-
Punggol - Total,female,fe30-34,9800
Coney Island,female,fe30-34,-
Matilda,female,fe30-34,3150
Northshore,female,fe30-34,20
Punggol Canal,female,fe30-34,-
Punggol Field,female,fe30-34,1470
Punggol Town Centre,female,fe30-34,1770
Waterway East,female,fe30-34,3400
Queenstown - Total,female,fe30-34,3590
Commonwealth,female,fe30-34,210
Dover,female,fe30-34,300
Ghim Moh,female,fe30-34,730
Holland Drive,female,fe30-34,440
Kent Ridge,female,fe30-34,-
Margaret Drive,female,fe30-34,720
Mei Chin,female,fe30-34,510
National University Of S'pore,female,fe30-34,10
One North,female,fe30-34,30
Pasir Panjang 1,female,fe30-34,150
Pasir Panjang 2,female,fe30-34,90
Port,female,fe30-34,10
Queensway,female,fe30-34,10
Singapore Polytechnic,female,fe30-34,-
Tanglin Halt,female,fe30-34,370
River Valley - Total,female,fe30-34,350
Institution Hill,female,fe30-34,100
Leonie Hill,female,fe30-34,100
One Tree Hill,female,fe30-34,60
Oxley,female,fe30-34,70
Paterson,female,fe30-34,10
Rochor - Total,female,fe30-34,460
Bencoolen,female,fe30-34,50
Farrer Park,female,fe30-34,100
Kampong Glam,female,fe30-34,-
Little India,female,fe30-34,90
Mackenzie,female,fe30-34,10
Mount Emily,female,fe30-34,100
Rochor Canal,female,fe30-34,-
Selegie,female,fe30-34,-
Sungei Road,female,fe30-34,60
Victoria,female,fe30-34,60
Seletar - Total,female,fe30-34,-
Pulau Punggol Barat,female,fe30-34,-
Pulau Punggol Timor,female,fe30-34,-
Seletar,female,fe30-34,-
Seletar Aerospace Park,female,fe30-34,-
Sembawang - Total,female,fe30-34,4640
Admiralty,female,fe30-34,540
Sembawang Central,female,fe30-34,1390
Sembawang East,female,fe30-34,1330
Sembawang North,female,fe30-34,870
Sembawang Springs,female,fe30-34,470
Sembawang Straits,female,fe30-34,50
Senoko North,female,fe30-34,-
Senoko South,female,fe30-34,-
The Wharves,female,fe30-34,-
Sengkang - Total,female,fe30-34,11860
Anchorvale,female,fe30-34,2610
Compassvale,female,fe30-34,1110
Fernvale,female,fe30-34,3160
Lorong Halus North,female,fe30-34,-
Rivervale,female,fe30-34,2090
Sengkang Town Centre,female,fe30-34,2900
Sengkang West,female,fe30-34,-
Serangoon - Total,female,fe30-34,4040
Lorong Chuan,female,fe30-34,260
Seletar Hills,female,fe30-34,420
Serangoon Central,female,fe30-34,950
Serangoon Garden,female,fe30-34,1150
Serangoon North,female,fe30-34,520
Serangoon North Ind Estate,female,fe30-34,-
Upper Paya Lebar,female,fe30-34,730
Simpang - Total,female,fe30-34,-
Pulau Seletar,female,fe30-34,-
Simpang North,female,fe30-34,-
Simpang South,female,fe30-34,-
Tanjong Irau,female,fe30-34,-
Singapore River - Total,female,fe30-34,120
Boat Quay,female,fe30-34,-
Clarke Quay,female,fe30-34,10
Robertson Quay,female,fe30-34,110
Southern Islands - Total,female,fe30-34,60
Sentosa,female,fe30-34,60
Southern Group,female,fe30-34,-
Straits View - Total,female,fe30-34,-
Straits View,female,fe30-34,-
Sungei Kadut - Total,female,fe30-34,20
Gali Batu,female,fe30-34,-
Kranji,female,fe30-34,-
Pang Sua,female,fe30-34,-
Reservoir View,female,fe30-34,-
Turf Club,female,fe30-34,20
Tampines - Total,female,fe30-34,9990
Simei,female,fe30-34,1290
Tampines East,female,fe30-34,4700
Tampines North,female,fe30-34,760
Tampines West,female,fe30-34,3200
Xilin,female,fe30-34,50
Tanglin - Total,female,fe30-34,730
Chatsworth,female,fe30-34,260
Nassim,female,fe30-34,270
Ridout,female,fe30-34,60
Tyersall,female,fe30-34,130
Tengah - Total,female,fe30-34,-
Brickland,female,fe30-34,-
Forest Hill,female,fe30-34,-
Garden,female,fe30-34,-
Park,female,fe30-34,-
Plantation,female,fe30-34,-
Tengah Industrial Estate,female,fe30-34,-
Toa Payoh - Total,female,fe30-34,4320
Bidadari,female,fe30-34,-
Boon Teck,female,fe30-34,520
Braddell,female,fe30-34,300
Joo Seng,female,fe30-34,360
Kim Keat,female,fe30-34,260
Lorong 8 Toa Payoh,female,fe30-34,180
Pei Chun,female,fe30-34,280
Potong Pasir,female,fe30-34,430
Sennett,female,fe30-34,400
Toa Payoh Central,female,fe30-34,940
Toa Payoh West,female,fe30-34,570
Woodleigh,female,fe30-34,80
Tuas - Total,female,fe30-34,-
Tengeh,female,fe30-34,-
Tuas Bay,female,fe30-34,-
Tuas North,female,fe30-34,-
Tuas Promenade,female,fe30-34,-
Tuas View,female,fe30-34,-
Tuas View Extension,female,fe30-34,-
Western Islands - Total,female,fe30-34,-
Jurong Island And Bukom,female,fe30-34,-
Semakau,female,fe30-34,-
Sudong,female,fe30-34,-
Western Water Catchment - Total,female,fe30-34,20
Bahar,female,fe30-34,-
Cleantech,female,fe30-34,-
Murai,female,fe30-34,20
Woodlands - Total,female,fe30-34,9210
Greenwood Park,female,fe30-34,-
Midview,female,fe30-34,1280
North Coast,female,fe30-34,340
Senoko West,female,fe30-34,-
Woodgrove,female,fe30-34,990
Woodlands East,female,fe30-34,3900
Woodlands Regional Centre,female,fe30-34,-
Woodlands South,female,fe30-34,1500
Woodlands West,female,fe30-34,1190
Yishun - Total,female,fe30-34,9670
Khatib,female,fe30-34,400
Lower Seletar,female,fe30-34,1500
Nee Soon,female,fe30-34,30
Northland,female,fe30-34,930
Springleaf,female,fe30-34,120
Yishun Central,female,fe30-34,100
Yishun East,female,fe30-34,3000
Yishun South,female,fe30-34,1830
Yishun West,female,fe30-34,1770
Total,female,fe35-39,158160
Ang Mo Kio - Total,female,fe35-39,5530
Ang Mo Kio Town Centre,female,fe35-39,190
Cheng San,female,fe35-39,1140
Chong Boon,female,fe35-39,910
Kebun Bahru,female,fe35-39,780
Sembawang Hills,female,fe35-39,180
Shangri-La,female,fe35-39,500
Tagore,female,fe35-39,180
Townsville,female,fe35-39,770
Yio Chu Kang,female,fe35-39,-
Yio Chu Kang East,female,fe35-39,140
Yio Chu Kang North,female,fe35-39,-
Yio Chu Kang West,female,fe35-39,750
Bedok - Total,female,fe35-39,9550
Bayshore,female,fe35-39,320
Bedok North,female,fe35-39,2740
Bedok Reservoir,female,fe35-39,1010
Bedok South,female,fe35-39,1420
Frankel,female,fe35-39,1360
Kaki Bukit,female,fe35-39,1200
Kembangan,female,fe35-39,1320
Siglap,female,fe35-39,180
Bishan - Total,female,fe35-39,2800
Bishan East,female,fe35-39,940
Marymount,female,fe35-39,980
Upper Thomson,female,fe35-39,880
Boon Lay - Total,female,fe35-39,-
Liu Fang,female,fe35-39,-
Samulun,female,fe35-39,-
Shipyard,female,fe35-39,-
Tukang,female,fe35-39,-
Bukit Batok - Total,female,fe35-39,5790
Brickworks,female,fe35-39,790
Bukit Batok Central,female,fe35-39,1020
Bukit Batok East,female,fe35-39,430
Bukit Batok South,female,fe35-39,570
Bukit Batok West,female,fe35-39,570
Gombak,female,fe35-39,400
Guilin,female,fe35-39,520
Hillview,female,fe35-39,590
Hong Kah North,female,fe35-39,900
Bukit Merah - Total,female,fe35-39,5590
Alexandra Hill,female,fe35-39,360
Alexandra North,female,fe35-39,180
Bukit Ho Swee,female,fe35-39,520
Bukit Merah,female,fe35-39,30
City Terminals,female,fe35-39,-
Depot Road,female,fe35-39,300
Everton Park,female,fe35-39,280
Henderson Hill,female,fe35-39,390
Kampong Tiong Bahru,female,fe35-39,260
Maritime Square,female,fe35-39,220
Redhill,female,fe35-39,430
Singapore General Hospital,female,fe35-39,-
Telok Blangah Drive,female,fe35-39,830
Telok Blangah Rise,female,fe35-39,350
Telok Blangah Way,female,fe35-39,280
Tiong Bahru,female,fe35-39,580
Tiong Bahru Station,female,fe35-39,590
Bukit Panjang - Total,female,fe35-39,5170
Bangkit,female,fe35-39,600
Dairy Farm,female,fe35-39,240
Fajar,female,fe35-39,1160
Jelebu,female,fe35-39,900
Nature Reserve,female,fe35-39,130
Saujana,female,fe35-39,1170
Senja,female,fe35-39,970
Bukit Timah - Total,female,fe35-39,2700
Anak Bukit,female,fe35-39,660
Coronation Road,female,fe35-39,250
Farrer Court,female,fe35-39,270
Hillcrest,female,fe35-39,370
Holland Road,female,fe35-39,380
Leedon Park,female,fe35-39,230
Swiss Club,female,fe35-39,220
Ulu Pandan,female,fe35-39,310
Central Water Catchment - Total,female,fe35-39,-
Central Water Catchment,female,fe35-39,-
Changi- Total,female,fe35-39,80
Changi Airport,female,fe35-39,-
Changi Point,female,fe35-39,10
Changi West,female,fe35-39,60
Changi Bay - Total,female,fe35-39,-
Changi Bay,female,fe35-39,-
Choa Chu Kang - Total,female,fe35-39,6910
Choa Chu Kang Central,female,fe35-39,810
Choa Chu Kang North,female,fe35-39,840
Keat Hong,female,fe35-39,1770
Peng Siang,female,fe35-39,1320
Teck Whye,female,fe35-39,680
Yew Tee,female,fe35-39,1490
Clementi - Total,female,fe35-39,3660
Clementi Central,female,fe35-39,490
Clementi North,female,fe35-39,1210
Clementi West,female,fe35-39,550
Clementi Woods,female,fe35-39,690
Faber,female,fe35-39,260
Pandan,female,fe35-39,-
Sunset Way,female,fe35-39,180
Toh Tuck,female,fe35-39,-
West Coast,female,fe35-39,280
Downtown Core - Total,female,fe35-39,210
Anson,female,fe35-39,-
Bayfront Subzone,female,fe35-39,-
Bugis,female,fe35-39,40
Cecil,female,fe35-39,30
Central Subzone,female,fe35-39,70
City Hall,female,fe35-39,-
Clifford Pier,female,fe35-39,-
Marina Centre,female,fe35-39,-
Maxwell,female,fe35-39,-
Nicoll,female,fe35-39,10
Phillip,female,fe35-39,-
Raffles Place,female,fe35-39,-
Tanjong Pagar,female,fe35-39,50
Geylang - Total,female,fe35-39,4090
Aljunied,female,fe35-39,1540
Geylang East,female,fe35-39,1210
Kallang Way,female,fe35-39,-
Kampong Ubi,female,fe35-39,400
Macpherson,female,fe35-39,950
Hougang - Total,female,fe35-39,8070
Defu Industrial Park,female,fe35-39,-
Hougang Central,female,fe35-39,130
Hougang East,female,fe35-39,1100
Hougang West,female,fe35-39,1430
Kangkar,female,fe35-39,1420
Kovan,female,fe35-39,860
Lorong Ah Soo,female,fe35-39,1060
Lorong Halus,female,fe35-39,-
Tai Seng,female,fe35-39,410
Trafalgar,female,fe35-39,1650
Jurong East - Total,female,fe35-39,2660
International Business Park,female,fe35-39,-
Jurong Gateway,female,fe35-39,20
Jurong Port,female,fe35-39,-
Jurong River,female,fe35-39,-
Lakeside (Business),female,fe35-39,-
Lakeside (Leisure),female,fe35-39,30
Penjuru Crescent,female,fe35-39,-
Teban Gardens,female,fe35-39,690
Toh Guan,female,fe35-39,470
Yuhua East,female,fe35-39,840
Yuhua West,female,fe35-39,620
Jurong West - Total,female,fe35-39,10560
Boon Lay Place,female,fe35-39,1240
Chin Bee,female,fe35-39,-
Hong Kah,female,fe35-39,2000
Jurong West Central,female,fe35-39,2940
Kian Teck,female,fe35-39,-
Safti,female,fe35-39,-
Taman Jurong,female,fe35-39,1670
Wenya,female,fe35-39,460
Yunnan,female,fe35-39,2250
Kallang - Total,female,fe35-39,3880
Bendemeer,female,fe35-39,1690
Boon Keng,female,fe35-39,430
Crawford,female,fe35-39,200
Geylang Bahru,female,fe35-39,330
Kallang Bahru,female,fe35-39,-
Kampong Bugis,female,fe35-39,40
Kampong Java,female,fe35-39,400
Lavender,female,fe35-39,350
Tanjong Rhu,female,fe35-39,450
Lim Chu Kang - Total,female,fe35-39,-
Lim Chu Kang,female,fe35-39,-
Mandai - Total,female,fe35-39,60
Mandai East,female,fe35-39,-
Mandai Estate,female,fe35-39,60
Mandai West,female,fe35-39,-
Marina East - Total,female,fe35-39,-
Marina East,female,fe35-39,-
Marina South - Total,female,fe35-39,-
Marina South,female,fe35-39,-
Marine Parade - Total,female,fe35-39,1730
East Coast,female,fe35-39,-
Katong,female,fe35-39,390
Marina East (Mp),female,fe35-39,-
Marine Parade,female,fe35-39,960
Mountbatten,female,fe35-39,380
Museum - Total,female,fe35-39,40
Bras Basah,female,fe35-39,-
Dhoby Ghaut,female,fe35-39,30
Fort Canning,female,fe35-39,10
Newton - Total,female,fe35-39,360
Cairnhill,female,fe35-39,180
Goodwood Park,female,fe35-39,60
Istana Negara,female,fe35-39,-
Monk's Hill,female,fe35-39,50
Newton Circus,female,fe35-39,10
Orange Grove,female,fe35-39,60
North-Eastern Islands - Total,female,fe35-39,-
North-Eastern Islands,female,fe35-39,-
Novena - Total,female,fe35-39,2060
Balestier,female,fe35-39,1320
Dunearn,female,fe35-39,100
Malcolm,female,fe35-39,100
Moulmein,female,fe35-39,520
Mount Pleasant,female,fe35-39,20
Orchard - Total,female,fe35-39,40
Boulevard,female,fe35-39,20
Somerset,female,fe35-39,10
Tanglin,female,fe35-39,10
Outram - Total,female,fe35-39,680
China Square,female,fe35-39,60
Chinatown,female,fe35-39,480
Pearl's Hill,female,fe35-39,130
People's Park,female,fe35-39,10
Pasir Ris - Total,female,fe35-39,4710
Flora Drive,female,fe35-39,530
Loyang East,female,fe35-39,50
Loyang West,female,fe35-39,-
Pasir Ris Central,female,fe35-39,1270
Pasir Ris Drive,female,fe35-39,1370
Pasir Ris Park,female,fe35-39,400
Pasir Ris Wafer Fab Park,female,fe35-39,-
Pasir Ris West,female,fe35-39,1090
Paya Lebar - Total,female,fe35-39,-
Airport Road,female,fe35-39,-
Paya Lebar East,female,fe35-39,-
Paya Lebar North,female,fe35-39,-
Paya Lebar West,female,fe35-39,-
Plab,female,fe35-39,-
Pioneer - Total,female,fe35-39,-
Benoi Sector,female,fe35-39,-
Gul Basin,female,fe35-39,-
Gul Circle,female,fe35-39,-
Joo Koon,female,fe35-39,-
Pioneer Sector,female,fe35-39,-
Punggol - Total,female,fe35-39,11590
Coney Island,female,fe35-39,-
Matilda,female,fe35-39,3910
Northshore,female,fe35-39,10
Punggol Canal,female,fe35-39,-
Punggol Field,female,fe35-39,2250
Punggol Town Centre,female,fe35-39,1720
Waterway East,female,fe35-39,3700
Queenstown - Total,female,fe35-39,3800
Commonwealth,female,fe35-39,230
Dover,female,fe35-39,380
Ghim Moh,female,fe35-39,530
Holland Drive,female,fe35-39,390
Kent Ridge,female,fe35-39,-
Margaret Drive,female,fe35-39,1060
Mei Chin,female,fe35-39,480
National University Of S'pore,female,fe35-39,-
One North,female,fe35-39,50
Pasir Panjang 1,female,fe35-39,180
Pasir Panjang 2,female,fe35-39,90
Port,female,fe35-39,-
Queensway,female,fe35-39,10
Singapore Polytechnic,female,fe35-39,-
Tanglin Halt,female,fe35-39,380
River Valley - Total,female,fe35-39,510
Institution Hill,female,fe35-39,200
Leonie Hill,female,fe35-39,150
One Tree Hill,female,fe35-39,90
Oxley,female,fe35-39,60
Paterson,female,fe35-39,10
Rochor - Total,female,fe35-39,480
Bencoolen,female,fe35-39,50
Farrer Park,female,fe35-39,100
Kampong Glam,female,fe35-39,-
Little India,female,fe35-39,80
Mackenzie,female,fe35-39,10
Mount Emily,female,fe35-39,130
Rochor Canal,female,fe35-39,-
Selegie,female,fe35-39,10
Sungei Road,female,fe35-39,60
Victoria,female,fe35-39,50
Seletar - Total,female,fe35-39,10
Pulau Punggol Barat,female,fe35-39,-
Pulau Punggol Timor,female,fe35-39,-
Seletar,female,fe35-39,10
Seletar Aerospace Park,female,fe35-39,-
Sembawang - Total,female,fe35-39,4410
Admiralty,female,fe35-39,630
Sembawang Central,female,fe35-39,1480
Sembawang East,female,fe35-39,690
Sembawang North,female,fe35-39,1140
Sembawang Springs,female,fe35-39,440
Sembawang Straits,female,fe35-39,50
Senoko North,female,fe35-39,-
Senoko South,female,fe35-39,-
The Wharves,female,fe35-39,-
Sengkang - Total,female,fe35-39,13190
Anchorvale,female,fe35-39,2640
Compassvale,female,fe35-39,1470
Fernvale,female,fe35-39,3830
Lorong Halus North,female,fe35-39,-
Rivervale,female,fe35-39,2310
Sengkang Town Centre,female,fe35-39,2940
Sengkang West,female,fe35-39,-
Serangoon - Total,female,fe35-39,3670
Lorong Chuan,female,fe35-39,260
Seletar Hills,female,fe35-39,390
Serangoon Central,female,fe35-39,850
Serangoon Garden,female,fe35-39,1020
Serangoon North,female,fe35-39,500
Serangoon North Ind Estate,female,fe35-39,-
Upper Paya Lebar,female,fe35-39,650
Simpang - Total,female,fe35-39,-
Pulau Seletar,female,fe35-39,-
Simpang North,female,fe35-39,-
Simpang South,female,fe35-39,-
Tanjong Irau,female,fe35-39,-
Singapore River - Total,female,fe35-39,210
Boat Quay,female,fe35-39,10
Clarke Quay,female,fe35-39,10
Robertson Quay,female,fe35-39,200
Southern Islands - Total,female,fe35-39,100
Sentosa,female,fe35-39,100
Southern Group,female,fe35-39,-
Straits View - Total,female,fe35-39,-
Straits View,female,fe35-39,-
Sungei Kadut - Total,female,fe35-39,30
Gali Batu,female,fe35-39,-
Kranji,female,fe35-39,-
Pang Sua,female,fe35-39,-
Reservoir View,female,fe35-39,-
Turf Club,female,fe35-39,20
Tampines - Total,female,fe35-39,9510
Simei,female,fe35-39,1490
Tampines East,female,fe35-39,4580
Tampines North,female,fe35-39,330
Tampines West,female,fe35-39,3070
Xilin,female,fe35-39,40
Tanglin - Total,female,fe35-39,970
Chatsworth,female,fe35-39,350
Nassim,female,fe35-39,430
Ridout,female,fe35-39,50
Tyersall,female,fe35-39,130
Tengah - Total,female,fe35-39,-
Brickland,female,fe35-39,-
Forest Hill,female,fe35-39,-
Garden,female,fe35-39,-
Park,female,fe35-39,-
Plantation,female,fe35-39,-
Tengah Industrial Estate,female,fe35-39,-
Toa Payoh - Total,female,fe35-39,4350
Bidadari,female,fe35-39,-
Boon Teck,female,fe35-39,450
Braddell,female,fe35-39,330
Joo Seng,female,fe35-39,340
Kim Keat,female,fe35-39,230
Lorong 8 Toa Payoh,female,fe35-39,200
Pei Chun,female,fe35-39,310
Potong Pasir,female,fe35-39,420
Sennett,female,fe35-39,310
Toa Payoh Central,female,fe35-39,1130
Toa Payoh West,female,fe35-39,530
Woodleigh,female,fe35-39,110
Tuas - Total,female,fe35-39,-
Tengeh,female,fe35-39,-
Tuas Bay,female,fe35-39,-
Tuas North,female,fe35-39,-
Tuas Promenade,female,fe35-39,-
Tuas View,female,fe35-39,-
Tuas View Extension,female,fe35-39,-
Western Islands - Total,female,fe35-39,-
Jurong Island And Bukom,female,fe35-39,-
Semakau,female,fe35-39,-
Sudong,female,fe35-39,-
Western Water Catchment - Total,female,fe35-39,30
Bahar,female,fe35-39,-
Cleantech,female,fe35-39,-
Murai,female,fe35-39,30
Woodlands - Total,female,fe35-39,9210
Greenwood Park,female,fe35-39,-
Midview,female,fe35-39,1170
North Coast,female,fe35-39,330
Senoko West,female,fe35-39,-
Woodgrove,female,fe35-39,1010
Woodlands East,female,fe35-39,3770
Woodlands Regional Centre,female,fe35-39,-
Woodlands South,female,fe35-39,1850
Woodlands West,female,fe35-39,1090
Yishun - Total,female,fe35-39,9160
Khatib,female,fe35-39,330
Lower Seletar,female,fe35-39,1080
Nee Soon,female,fe35-39,20
Northland,female,fe35-39,930
Springleaf,female,fe35-39,90
Yishun Central,female,fe35-39,100
Yishun East,female,fe35-39,3260
Yishun South,female,fe35-39,1500
Yishun West,female,fe35-39,1860
Total,female,fe40-44,156490
Ang Mo Kio - Total,female,fe40-44,6070
Ang Mo Kio Town Centre,female,fe40-44,230
Cheng San,female,fe40-44,1090
Chong Boon,female,fe40-44,960
Kebun Bahru,female,fe40-44,860
Sembawang Hills,female,fe40-44,210
Shangri-La,female,fe40-44,530
Tagore,female,fe40-44,250
Townsville,female,fe40-44,880
Yio Chu Kang,female,fe40-44,-
Yio Chu Kang East,female,fe40-44,140
Yio Chu Kang North,female,fe40-44,-
Yio Chu Kang West,female,fe40-44,940
Bedok - Total,female,fe40-44,10510
Bayshore,female,fe40-44,430
Bedok North,female,fe40-44,3010
Bedok Reservoir,female,fe40-44,1110
Bedok South,female,fe40-44,1660
Frankel,female,fe40-44,1650
Kaki Bukit,female,fe40-44,1210
Kembangan,female,fe40-44,1200
Siglap,female,fe40-44,240
Bishan - Total,female,fe40-44,3090
Bishan East,female,fe40-44,1030
Marymount,female,fe40-44,1020
Upper Thomson,female,fe40-44,1030
Boon Lay - Total,female,fe40-44,-
Liu Fang,female,fe40-44,-
Samulun,female,fe40-44,-
Shipyard,female,fe40-44,-
Tukang,female,fe40-44,-
Bukit Batok - Total,female,fe40-44,5600
Brickworks,female,fe40-44,730
Bukit Batok Central,female,fe40-44,960
Bukit Batok East,female,fe40-44,420
Bukit Batok South,female,fe40-44,490
Bukit Batok West,female,fe40-44,540
Gombak,female,fe40-44,430
Guilin,female,fe40-44,520
Hillview,female,fe40-44,670
Hong Kah North,female,fe40-44,840
Bukit Merah - Total,female,fe40-44,6180
Alexandra Hill,female,fe40-44,410
Alexandra North,female,fe40-44,180
Bukit Ho Swee,female,fe40-44,490
Bukit Merah,female,fe40-44,40
City Terminals,female,fe40-44,-
Depot Road,female,fe40-44,350
Everton Park,female,fe40-44,330
Henderson Hill,female,fe40-44,400
Kampong Tiong Bahru,female,fe40-44,300
Maritime Square,female,fe40-44,220
Redhill,female,fe40-44,590
Singapore General Hospital,female,fe40-44,-
Telok Blangah Drive,female,fe40-44,770
Telok Blangah Rise,female,fe40-44,440
Telok Blangah Way,female,fe40-44,360
Tiong Bahru,female,fe40-44,650
Tiong Bahru Station,female,fe40-44,650
Bukit Panjang - Total,female,fe40-44,4880
Bangkit,female,fe40-44,690
Dairy Farm,female,fe40-44,310
Fajar,female,fe40-44,1000
Jelebu,female,fe40-44,990
Nature Reserve,female,fe40-44,140
Saujana,female,fe40-44,950
Senja,female,fe40-44,810
Bukit Timah - Total,female,fe40-44,3190
Anak Bukit,female,fe40-44,750
Coronation Road,female,fe40-44,310
Farrer Court,female,fe40-44,280
Hillcrest,female,fe40-44,420
Holland Road,female,fe40-44,490
Leedon Park,female,fe40-44,270
Swiss Club,female,fe40-44,210
Ulu Pandan,female,fe40-44,450
Central Water Catchment - Total,female,fe40-44,-
Central Water Catchment,female,fe40-44,-
Changi- Total,female,fe40-44,70
Changi Airport,female,fe40-44,-
Changi Point,female,fe40-44,10
Changi West,female,fe40-44,60
Changi Bay - Total,female,fe40-44,-
Changi Bay,female,fe40-44,-
Choa Chu Kang - Total,female,fe40-44,6590
Choa Chu Kang Central,female,fe40-44,860
Choa Chu Kang North,female,fe40-44,900
Keat Hong,female,fe40-44,1330
Peng Siang,female,fe40-44,1190
Teck Whye,female,fe40-44,660
Yew Tee,female,fe40-44,1660
Clementi - Total,female,fe40-44,3850
Clementi Central,female,fe40-44,560
Clementi North,female,fe40-44,1150
Clementi West,female,fe40-44,670
Clementi Woods,female,fe40-44,640
Faber,female,fe40-44,270
Pandan,female,fe40-44,-
Sunset Way,female,fe40-44,190
Toh Tuck,female,fe40-44,-
West Coast,female,fe40-44,360
Downtown Core - Total,female,fe40-44,180
Anson,female,fe40-44,-
Bayfront Subzone,female,fe40-44,-
Bugis,female,fe40-44,40
Cecil,female,fe40-44,20
Central Subzone,female,fe40-44,50
City Hall,female,fe40-44,-
Clifford Pier,female,fe40-44,-
Marina Centre,female,fe40-44,-
Maxwell,female,fe40-44,-
Nicoll,female,fe40-44,20
Phillip,female,fe40-44,-
Raffles Place,female,fe40-44,-
Tanjong Pagar,female,fe40-44,40
Geylang - Total,female,fe40-44,4090
Aljunied,female,fe40-44,1590
Geylang East,female,fe40-44,1240
Kallang Way,female,fe40-44,-
Kampong Ubi,female,fe40-44,400
Macpherson,female,fe40-44,860
Hougang - Total,female,fe40-44,8000
Defu Industrial Park,female,fe40-44,-
Hougang Central,female,fe40-44,140
Hougang East,female,fe40-44,880
Hougang West,female,fe40-44,1350
Kangkar,female,fe40-44,1310
Kovan,female,fe40-44,940
Lorong Ah Soo,female,fe40-44,1190
Lorong Halus,female,fe40-44,-
Tai Seng,female,fe40-44,470
Trafalgar,female,fe40-44,1740
Jurong East - Total,female,fe40-44,2750
International Business Park,female,fe40-44,-
Jurong Gateway,female,fe40-44,30
Jurong Port,female,fe40-44,-
Jurong River,female,fe40-44,-
Lakeside (Business),female,fe40-44,-
Lakeside (Leisure),female,fe40-44,30
Penjuru Crescent,female,fe40-44,-
Teban Gardens,female,fe40-44,700
Toh Guan,female,fe40-44,480
Yuhua East,female,fe40-44,900
Yuhua West,female,fe40-44,630
Jurong West - Total,female,fe40-44,10640
Boon Lay Place,female,fe40-44,1030
Chin Bee,female,fe40-44,-
Hong Kah,female,fe40-44,1980
Jurong West Central,female,fe40-44,3210
Kian Teck,female,fe40-44,-
Safti,female,fe40-44,-
Taman Jurong,female,fe40-44,1540
Wenya,female,fe40-44,460
Yunnan,female,fe40-44,2420
Kallang - Total,female,fe40-44,3970
Bendemeer,female,fe40-44,1530
Boon Keng,female,fe40-44,420
Crawford,female,fe40-44,220
Geylang Bahru,female,fe40-44,400
Kallang Bahru,female,fe40-44,-
Kampong Bugis,female,fe40-44,30
Kampong Java,female,fe40-44,430
Lavender,female,fe40-44,380
Tanjong Rhu,female,fe40-44,570
Lim Chu Kang - Total,female,fe40-44,-
Lim Chu Kang,female,fe40-44,-
Mandai - Total,female,fe40-44,80
Mandai East,female,fe40-44,-
Mandai Estate,female,fe40-44,80
Mandai West,female,fe40-44,-
Marina East - Total,female,fe40-44,-
Marina East,female,fe40-44,-
Marina South - Total,female,fe40-44,-
Marina South,female,fe40-44,-
Marine Parade - Total,female,fe40-44,2050
East Coast,female,fe40-44,-
Katong,female,fe40-44,440
Marina East (Mp),female,fe40-44,-
Marine Parade,female,fe40-44,1160
Mountbatten,female,fe40-44,450
Museum - Total,female,fe40-44,30
Bras Basah,female,fe40-44,-
Dhoby Ghaut,female,fe40-44,20
Fort Canning,female,fe40-44,10
Newton - Total,female,fe40-44,440
Cairnhill,female,fe40-44,210
Goodwood Park,female,fe40-44,80
Istana Negara,female,fe40-44,-
Monk's Hill,female,fe40-44,60
Newton Circus,female,fe40-44,20
Orange Grove,female,fe40-44,90
North-Eastern Islands - Total,female,fe40-44,-
North-Eastern Islands,female,fe40-44,-
Novena - Total,female,fe40-44,2230
Balestier,female,fe40-44,1340
Dunearn,female,fe40-44,140
Malcolm,female,fe40-44,140
Moulmein,female,fe40-44,600
Mount Pleasant,female,fe40-44,10
Orchard - Total,female,fe40-44,40
Boulevard,female,fe40-44,10
Somerset,female,fe40-44,-
Tanglin,female,fe40-44,30
Outram - Total,female,fe40-44,790
China Square,female,fe40-44,50
Chinatown,female,fe40-44,610
Pearl's Hill,female,fe40-44,130
People's Park,female,fe40-44,10
Pasir Ris - Total,female,fe40-44,5210
Flora Drive,female,fe40-44,660
Loyang East,female,fe40-44,70
Loyang West,female,fe40-44,-
Pasir Ris Central,female,fe40-44,1190
Pasir Ris Drive,female,fe40-44,1530
Pasir Ris Park,female,fe40-44,460
Pasir Ris Wafer Fab Park,female,fe40-44,-
Pasir Ris West,female,fe40-44,1310
Paya Lebar - Total,female,fe40-44,-
Airport Road,female,fe40-44,-
Paya Lebar East,female,fe40-44,-
Paya Lebar North,female,fe40-44,-
Paya Lebar West,female,fe40-44,-
Plab,female,fe40-44,-
Pioneer - Total,female,fe40-44,-
Benoi Sector,female,fe40-44,-
Gul Basin,female,fe40-44,-
Gul Circle,female,fe40-44,-
Joo Koon,female,fe40-44,-
Pioneer Sector,female,fe40-44,-
Punggol - Total,female,fe40-44,8520
Coney Island,female,fe40-44,-
Matilda,female,fe40-44,2390
Northshore,female,fe40-44,10
Punggol Canal,female,fe40-44,-
Punggol Field,female,fe40-44,2710
Punggol Town Centre,female,fe40-44,1000
Waterway East,female,fe40-44,2410
Queenstown - Total,female,fe40-44,3920
Commonwealth,female,fe40-44,260
Dover,female,fe40-44,470
Ghim Moh,female,fe40-44,490
Holland Drive,female,fe40-44,500
Kent Ridge,female,fe40-44,-
Margaret Drive,female,fe40-44,800
Mei Chin,female,fe40-44,550
National University Of S'pore,female,fe40-44,10
One North,female,fe40-44,40
Pasir Panjang 1,female,fe40-44,220
Pasir Panjang 2,female,fe40-44,110
Port,female,fe40-44,-
Queensway,female,fe40-44,10
Singapore Polytechnic,female,fe40-44,-
Tanglin Halt,female,fe40-44,460
River Valley - Total,female,fe40-44,560
Institution Hill,female,fe40-44,230
Leonie Hill,female,fe40-44,170
One Tree Hill,female,fe40-44,80
Oxley,female,fe40-44,70
Paterson,female,fe40-44,20
Rochor - Total,female,fe40-44,530
Bencoolen,female,fe40-44,50
Farrer Park,female,fe40-44,110
Kampong Glam,female,fe40-44,-
Little India,female,fe40-44,130
Mackenzie,female,fe40-44,10
Mount Emily,female,fe40-44,110
Rochor Canal,female,fe40-44,-
Selegie,female,fe40-44,10
Sungei Road,female,fe40-44,50
Victoria,female,fe40-44,70
Seletar - Total,female,fe40-44,20
Pulau Punggol Barat,female,fe40-44,-
Pulau Punggol Timor,female,fe40-44,-
Seletar,female,fe40-44,20
Seletar Aerospace Park,female,fe40-44,-
Sembawang - Total,female,fe40-44,4550
Admiralty,female,fe40-44,640
Sembawang Central,female,fe40-44,1520
Sembawang East,female,fe40-44,660
Sembawang North,female,fe40-44,1200
Sembawang Springs,female,fe40-44,460
Sembawang Straits,female,fe40-44,80
Senoko North,female,fe40-44,-
Senoko South,female,fe40-44,-
The Wharves,female,fe40-44,-
Sengkang - Total,female,fe40-44,11610
Anchorvale,female,fe40-44,2350
Compassvale,female,fe40-44,1350
Fernvale,female,fe40-44,3040
Lorong Halus North,female,fe40-44,-
Rivervale,female,fe40-44,2370
Sengkang Town Centre,female,fe40-44,2510
Sengkang West,female,fe40-44,-
Serangoon - Total,female,fe40-44,3900
Lorong Chuan,female,fe40-44,300
Seletar Hills,female,fe40-44,480
Serangoon Central,female,fe40-44,790
Serangoon Garden,female,fe40-44,1150
Serangoon North,female,fe40-44,520
Serangoon North Ind Estate,female,fe40-44,-
Upper Paya Lebar,female,fe40-44,660
Simpang - Total,female,fe40-44,-
Pulau Seletar,female,fe40-44,-
Simpang North,female,fe40-44,-
Simpang South,female,fe40-44,-
Tanjong Irau,female,fe40-44,-
Singapore River - Total,female,fe40-44,210
Boat Quay,female,fe40-44,-
Clarke Quay,female,fe40-44,10
Robertson Quay,female,fe40-44,200
Southern Islands - Total,female,fe40-44,90
Sentosa,female,fe40-44,90
Southern Group,female,fe40-44,-
Straits View - Total,female,fe40-44,-
Straits View,female,fe40-44,-
Sungei Kadut - Total,female,fe40-44,20
Gali Batu,female,fe40-44,-
Kranji,female,fe40-44,-
Pang Sua,female,fe40-44,-
Reservoir View,female,fe40-44,-
Turf Club,female,fe40-44,20
Tampines - Total,female,fe40-44,8710
Simei,female,fe40-44,1490
Tampines East,female,fe40-44,4170
Tampines North,female,fe40-44,210
Tampines West,female,fe40-44,2790
Xilin,female,fe40-44,50
Tanglin - Total,female,fe40-44,1110
Chatsworth,female,fe40-44,400
Nassim,female,fe40-44,480
Ridout,female,fe40-44,60
Tyersall,female,fe40-44,180
Tengah - Total,female,fe40-44,-
Brickland,female,fe40-44,-
Forest Hill,female,fe40-44,-
Garden,female,fe40-44,-
Park,female,fe40-44,-
Plantation,female,fe40-44,-
Tengah Industrial Estate,female,fe40-44,-
Toa Payoh - Total,female,fe40-44,4570
Bidadari,female,fe40-44,-
Boon Teck,female,fe40-44,410
Braddell,female,fe40-44,380
Joo Seng,female,fe40-44,330
Kim Keat,female,fe40-44,290
Lorong 8 Toa Payoh,female,fe40-44,230
Pei Chun,female,fe40-44,370
Potong Pasir,female,fe40-44,460
Sennett,female,fe40-44,250
Toa Payoh Central,female,fe40-44,1230
Toa Payoh West,female,fe40-44,510
Woodleigh,female,fe40-44,110
Tuas - Total,female,fe40-44,-
Tengeh,female,fe40-44,-
Tuas Bay,female,fe40-44,-
Tuas North,female,fe40-44,-
Tuas Promenade,female,fe40-44,-
Tuas View,female,fe40-44,-
Tuas View Extension,female,fe40-44,-
Western Islands - Total,female,fe40-44,-
Jurong Island And Bukom,female,fe40-44,-
Semakau,female,fe40-44,-
Sudong,female,fe40-44,-
Western Water Catchment - Total,female,fe40-44,30
Bahar,female,fe40-44,-
Cleantech,female,fe40-44,-
Murai,female,fe40-44,30
Woodlands - Total,female,fe40-44,9280
Greenwood Park,female,fe40-44,-
Midview,female,fe40-44,1080
North Coast,female,fe40-44,360
Senoko West,female,fe40-44,-
Woodgrove,female,fe40-44,1150
Woodlands East,female,fe40-44,3880
Woodlands Regional Centre,female,fe40-44,-
Woodlands South,female,fe40-44,1810
Woodlands West,female,fe40-44,1000
Yishun - Total,female,fe40-44,8280
Khatib,female,fe40-44,320
Lower Seletar,female,fe40-44,770
Nee Soon,female,fe40-44,40
Northland,female,fe40-44,970
Springleaf,female,fe40-44,140
Yishun Central,female,fe40-44,130
Yishun East,female,fe40-44,2470
Yishun South,female,fe40-44,1450
Yishun West,female,fe40-44,2010
Total,female,fe45-49,160050
Ang Mo Kio - Total,female,fe45-49,6500
Ang Mo Kio Town Centre,female,fe45-49,250
Cheng San,female,fe45-49,1140
Chong Boon,female,fe45-49,940
Kebun Bahru,female,fe45-49,940
Sembawang Hills,female,fe45-49,290
Shangri-La,female,fe45-49,620
Tagore,female,fe45-49,330
Townsville,female,fe45-49,810
Yio Chu Kang,female,fe45-49,-
Yio Chu Kang East,female,fe45-49,180
Yio Chu Kang North,female,fe45-49,-
Yio Chu Kang West,female,fe45-49,1010
Bedok - Total,female,fe45-49,10870
Bayshore,female,fe45-49,430
Bedok North,female,fe45-49,3080
Bedok Reservoir,female,fe45-49,1090
Bedok South,female,fe45-49,1840
Frankel,female,fe45-49,1630
Kaki Bukit,female,fe45-49,1270
Kembangan,female,fe45-49,1240
Siglap,female,fe45-49,290
Bishan - Total,female,fe45-49,3560
Bishan East,female,fe45-49,1160
Marymount,female,fe45-49,1190
Upper Thomson,female,fe45-49,1210
Boon Lay - Total,female,fe45-49,-
Liu Fang,female,fe45-49,-
Samulun,female,fe45-49,-
Shipyard,female,fe45-49,-
Tukang,female,fe45-49,-
Bukit Batok - Total,female,fe45-49,6060
Brickworks,female,fe45-49,640
Bukit Batok Central,female,fe45-49,1010
Bukit Batok East,female,fe45-49,480
Bukit Batok South,female,fe45-49,520
Bukit Batok West,female,fe45-49,540
Gombak,female,fe45-49,430
Guilin,female,fe45-49,580
Hillview,female,fe45-49,900
Hong Kah North,female,fe45-49,960
Bukit Merah - Total,female,fe45-49,6040
Alexandra Hill,female,fe45-49,490
Alexandra North,female,fe45-49,150
Bukit Ho Swee,female,fe45-49,510
Bukit Merah,female,fe45-49,50
City Terminals,female,fe45-49,-
Depot Road,female,fe45-49,320
Everton Park,female,fe45-49,350
Henderson Hill,female,fe45-49,480
Kampong Tiong Bahru,female,fe45-49,330
Maritime Square,female,fe45-49,180
Redhill,female,fe45-49,420
Singapore General Hospital,female,fe45-49,-
Telok Blangah Drive,female,fe45-49,730
Telok Blangah Rise,female,fe45-49,500
Telok Blangah Way,female,fe45-49,390
Tiong Bahru,female,fe45-49,500
Tiong Bahru Station,female,fe45-49,630
Bukit Panjang - Total,female,fe45-49,5470
Bangkit,female,fe45-49,790
Dairy Farm,female,fe45-49,340
Fajar,female,fe45-49,1010
Jelebu,female,fe45-49,1280
Nature Reserve,female,fe45-49,210
Saujana,female,fe45-49,970
Senja,female,fe45-49,870
Bukit Timah - Total,female,fe45-49,3580
Anak Bukit,female,fe45-49,910
Coronation Road,female,fe45-49,310
Farrer Court,female,fe45-49,310
Hillcrest,female,fe45-49,440
Holland Road,female,fe45-49,580
Leedon Park,female,fe45-49,310
Swiss Club,female,fe45-49,230
Ulu Pandan,female,fe45-49,490
Central Water Catchment - Total,female,fe45-49,-
Central Water Catchment,female,fe45-49,-
Changi- Total,female,fe45-49,80
Changi Airport,female,fe45-49,-
Changi Point,female,fe45-49,20
Changi West,female,fe45-49,50
Changi Bay - Total,female,fe45-49,-
Changi Bay,female,fe45-49,-
Choa Chu Kang - Total,female,fe45-49,7470
Choa Chu Kang Central,female,fe45-49,960
Choa Chu Kang North,female,fe45-49,1240
Keat Hong,female,fe45-49,1220
Peng Siang,female,fe45-49,1270
Teck Whye,female,fe45-49,880
Yew Tee,female,fe45-49,1900
Clementi - Total,female,fe45-49,3870
Clementi Central,female,fe45-49,610
Clementi North,female,fe45-49,1160
Clementi West,female,fe45-49,640
Clementi Woods,female,fe45-49,610
Faber,female,fe45-49,260
Pandan,female,fe45-49,-
Sunset Way,female,fe45-49,230
Toh Tuck,female,fe45-49,-
West Coast,female,fe45-49,360
Downtown Core - Total,female,fe45-49,160
Anson,female,fe45-49,-
Bayfront Subzone,female,fe45-49,-
Bugis,female,fe45-49,40
Cecil,female,fe45-49,10
Central Subzone,female,fe45-49,60
City Hall,female,fe45-49,-
Clifford Pier,female,fe45-49,-
Marina Centre,female,fe45-49,-
Maxwell,female,fe45-49,-
Nicoll,female,fe45-49,10
Phillip,female,fe45-49,-
Raffles Place,female,fe45-49,-
Tanjong Pagar,female,fe45-49,40
Geylang - Total,female,fe45-49,4160
Aljunied,female,fe45-49,1660
Geylang East,female,fe45-49,1190
Kallang Way,female,fe45-49,-
Kampong Ubi,female,fe45-49,390
Macpherson,female,fe45-49,920
Hougang - Total,female,fe45-49,8460
Defu Industrial Park,female,fe45-49,-
Hougang Central,female,fe45-49,170
Hougang East,female,fe45-49,830
Hougang West,female,fe45-49,1480
Kangkar,female,fe45-49,1290
Kovan,female,fe45-49,1020
Lorong Ah Soo,female,fe45-49,1290
Lorong Halus,female,fe45-49,-
Tai Seng,female,fe45-49,510
Trafalgar,female,fe45-49,1870
Jurong East - Total,female,fe45-49,3020
International Business Park,female,fe45-49,-
Jurong Gateway,female,fe45-49,30
Jurong Port,female,fe45-49,-
Jurong River,female,fe45-49,-
Lakeside (Business),female,fe45-49,-
Lakeside (Leisure),female,fe45-49,30
Penjuru Crescent,female,fe45-49,-
Teban Gardens,female,fe45-49,660
Toh Guan,female,fe45-49,610
Yuhua East,female,fe45-49,910
Yuhua West,female,fe45-49,790
Jurong West - Total,female,fe45-49,10430
Boon Lay Place,female,fe45-49,1100
Chin Bee,female,fe45-49,-
Hong Kah,female,fe45-49,2080
Jurong West Central,female,fe45-49,2850
Kian Teck,female,fe45-49,-
Safti,female,fe45-49,-
Taman Jurong,female,fe45-49,1600
Wenya,female,fe45-49,310
Yunnan,female,fe45-49,2480
Kallang - Total,female,fe45-49,4110
Bendemeer,female,fe45-49,1410
Boon Keng,female,fe45-49,440
Crawford,female,fe45-49,240
Geylang Bahru,female,fe45-49,480
Kallang Bahru,female,fe45-49,-
Kampong Bugis,female,fe45-49,30
Kampong Java,female,fe45-49,490
Lavender,female,fe45-49,390
Tanjong Rhu,female,fe45-49,630
Lim Chu Kang - Total,female,fe45-49,-
Lim Chu Kang,female,fe45-49,-
Mandai - Total,female,fe45-49,100
Mandai East,female,fe45-49,-
Mandai Estate,female,fe45-49,100
Mandai West,female,fe45-49,-
Marina East - Total,female,fe45-49,-
Marina East,female,fe45-49,-
Marina South - Total,female,fe45-49,-
Marina South,female,fe45-49,-
Marine Parade - Total,female,fe45-49,2190
East Coast,female,fe45-49,-
Katong,female,fe45-49,450
Marina East (Mp),female,fe45-49,-
Marine Parade,female,fe45-49,1260
Mountbatten,female,fe45-49,490
Museum - Total,female,fe45-49,30
Bras Basah,female,fe45-49,-
Dhoby Ghaut,female,fe45-49,10
Fort Canning,female,fe45-49,10
Newton - Total,female,fe45-49,440
Cairnhill,female,fe45-49,210
Goodwood Park,female,fe45-49,70
Istana Negara,female,fe45-49,-
Monk's Hill,female,fe45-49,60
Newton Circus,female,fe45-49,10
Orange Grove,female,fe45-49,90
North-Eastern Islands - Total,female,fe45-49,-
North-Eastern Islands,female,fe45-49,-
Novena - Total,female,fe45-49,2200
Balestier,female,fe45-49,1380
Dunearn,female,fe45-49,180
Malcolm,female,fe45-49,140
Moulmein,female,fe45-49,480
Mount Pleasant,female,fe45-49,20
Orchard - Total,female,fe45-49,40
Boulevard,female,fe45-49,20
Somerset,female,fe45-49,10
Tanglin,female,fe45-49,20
Outram - Total,female,fe45-49,670
China Square,female,fe45-49,60
Chinatown,female,fe45-49,420
Pearl's Hill,female,fe45-49,170
People's Park,female,fe45-49,10
Pasir Ris - Total,female,fe45-49,5660
Flora Drive,female,fe45-49,700
Loyang East,female,fe45-49,100
Loyang West,female,fe45-49,-
Pasir Ris Central,female,fe45-49,1190
Pasir Ris Drive,female,fe45-49,1800
Pasir Ris Park,female,fe45-49,390
Pasir Ris Wafer Fab Park,female,fe45-49,-
Pasir Ris West,female,fe45-49,1480
Paya Lebar - Total,female,fe45-49,-
Airport Road,female,fe45-49,-
Paya Lebar East,female,fe45-49,-
Paya Lebar North,female,fe45-49,-
Paya Lebar West,female,fe45-49,-
Plab,female,fe45-49,-
Pioneer - Total,female,fe45-49,-
Benoi Sector,female,fe45-49,-
Gul Basin,female,fe45-49,-
Gul Circle,female,fe45-49,-
Joo Koon,female,fe45-49,-
Pioneer Sector,female,fe45-49,-
Punggol - Total,female,fe45-49,6660
Coney Island,female,fe45-49,-
Matilda,female,fe45-49,1820
Northshore,female,fe45-49,20
Punggol Canal,female,fe45-49,-
Punggol Field,female,fe45-49,2530
Punggol Town Centre,female,fe45-49,660
Waterway East,female,fe45-49,1640
Queenstown - Total,female,fe45-49,3800
Commonwealth,female,fe45-49,310
Dover,female,fe45-49,520
Ghim Moh,female,fe45-49,450
Holland Drive,female,fe45-49,550
Kent Ridge,female,fe45-49,-
Margaret Drive,female,fe45-49,540
Mei Chin,female,fe45-49,610
National University Of S'pore,female,fe45-49,10
One North,female,fe45-49,50
Pasir Panjang 1,female,fe45-49,200
Pasir Panjang 2,female,fe45-49,110
Port,female,fe45-49,-
Queensway,female,fe45-49,20
Singapore Polytechnic,female,fe45-49,-
Tanglin Halt,female,fe45-49,420
River Valley - Total,female,fe45-49,560
Institution Hill,female,fe45-49,160
Leonie Hill,female,fe45-49,210
One Tree Hill,female,fe45-49,110
Oxley,female,fe45-49,70
Paterson,female,fe45-49,10
Rochor - Total,female,fe45-49,510
Bencoolen,female,fe45-49,50
Farrer Park,female,fe45-49,110
Kampong Glam,female,fe45-49,10
Little India,female,fe45-49,120
Mackenzie,female,fe45-49,10
Mount Emily,female,fe45-49,90
Rochor Canal,female,fe45-49,-
Selegie,female,fe45-49,10
Sungei Road,female,fe45-49,60
Victoria,female,fe45-49,70
Seletar - Total,female,fe45-49,20
Pulau Punggol Barat,female,fe45-49,-
Pulau Punggol Timor,female,fe45-49,-
Seletar,female,fe45-49,20
Seletar Aerospace Park,female,fe45-49,-
Sembawang - Total,female,fe45-49,4620
Admiralty,female,fe45-49,650
Sembawang Central,female,fe45-49,1650
Sembawang East,female,fe45-49,600
Sembawang North,female,fe45-49,1230
Sembawang Springs,female,fe45-49,420
Sembawang Straits,female,fe45-49,80
Senoko North,female,fe45-49,-
Senoko South,female,fe45-49,-
The Wharves,female,fe45-49,-
Sengkang - Total,female,fe45-49,10130
Anchorvale,female,fe45-49,2010
Compassvale,female,fe45-49,770
Fernvale,female,fe45-49,2170
Lorong Halus North,female,fe45-49,-
Rivervale,female,fe45-49,2670
Sengkang Town Centre,female,fe45-49,2520
Sengkang West,female,fe45-49,-
Serangoon - Total,female,fe45-49,4430
Lorong Chuan,female,fe45-49,380
Seletar Hills,female,fe45-49,590
Serangoon Central,female,fe45-49,910
Serangoon Garden,female,fe45-49,1350
Serangoon North,female,fe45-49,570
Serangoon North Ind Estate,female,fe45-49,-
Upper Paya Lebar,female,fe45-49,630
Simpang - Total,female,fe45-49,-
Pulau Seletar,female,fe45-49,-
Simpang North,female,fe45-49,-
Simpang South,female,fe45-49,-
Tanjong Irau,female,fe45-49,-
Singapore River - Total,female,fe45-49,190
Boat Quay,female,fe45-49,-
Clarke Quay,female,fe45-49,-
Robertson Quay,female,fe45-49,180
Southern Islands - Total,female,fe45-49,120
Sentosa,female,fe45-49,120
Southern Group,female,fe45-49,-
Straits View - Total,female,fe45-49,-
Straits View,female,fe45-49,-
Sungei Kadut - Total,female,fe45-49,20
Gali Batu,female,fe45-49,-
Kranji,female,fe45-49,-
Pang Sua,female,fe45-49,-
Reservoir View,female,fe45-49,-
Turf Club,female,fe45-49,20
Tampines - Total,female,fe45-49,9030
Simei,female,fe45-49,1580
Tampines East,female,fe45-49,4440
Tampines North,female,fe45-49,140
Tampines West,female,fe45-49,2810
Xilin,female,fe45-49,60
Tanglin - Total,female,fe45-49,1150
Chatsworth,female,fe45-49,400
Nassim,female,fe45-49,490
Ridout,female,fe45-49,70
Tyersall,female,fe45-49,190
Tengah - Total,female,fe45-49,-
Brickland,female,fe45-49,-
Forest Hill,female,fe45-49,-
Garden,female,fe45-49,-
Park,female,fe45-49,-
Plantation,female,fe45-49,-
Tengah Industrial Estate,female,fe45-49,-
Toa Payoh - Total,female,fe45-49,4960
Bidadari,female,fe45-49,-
Boon Teck,female,fe45-49,500
Braddell,female,fe45-49,380
Joo Seng,female,fe45-49,320
Kim Keat,female,fe45-49,290
Lorong 8 Toa Payoh,female,fe45-49,300
Pei Chun,female,fe45-49,470
Potong Pasir,female,fe45-49,480
Sennett,female,fe45-49,250
Toa Payoh Central,female,fe45-49,1270
Toa Payoh West,female,fe45-49,580
Woodleigh,female,fe45-49,120
Tuas - Total,female,fe45-49,-
Tengeh,female,fe45-49,-
Tuas Bay,female,fe45-49,-
Tuas North,female,fe45-49,-
Tuas Promenade,female,fe45-49,-
Tuas View,female,fe45-49,-
Tuas View Extension,female,fe45-49,-
Western Islands - Total,female,fe45-49,-
Jurong Island And Bukom,female,fe45-49,-
Semakau,female,fe45-49,-
Sudong,female,fe45-49,-
Western Water Catchment - Total,female,fe45-49,20
Bahar,female,fe45-49,-
Cleantech,female,fe45-49,-
Murai,female,fe45-49,20
Woodlands - Total,female,fe45-49,10660
Greenwood Park,female,fe45-49,-
Midview,female,fe45-49,1400
North Coast,female,fe45-49,450
Senoko West,female,fe45-49,-
Woodgrove,female,fe45-49,1390
Woodlands East,female,fe45-49,4450
Woodlands Regional Centre,female,fe45-49,-
Woodlands South,female,fe45-49,1830
Woodlands West,female,fe45-49,1130
Yishun - Total,female,fe45-49,8020
Khatib,female,fe45-49,340
Lower Seletar,female,fe45-49,590
Nee Soon,female,fe45-49,40
Northland,female,fe45-49,1020
Springleaf,female,fe45-49,180
Yishun Central,female,fe45-49,110
Yishun East,female,fe45-49,2000
Yishun South,female,fe45-49,1600
Yishun West,female,fe45-49,2140
Total,female,fe50-54,150690
Ang Mo Kio - Total,female,fe50-54,6140
Ang Mo Kio Town Centre,female,fe50-54,180
Cheng San,female,fe50-54,1050
Chong Boon,female,fe50-54,990
Kebun Bahru,female,fe50-54,890
Sembawang Hills,female,fe50-54,270
Shangri-La,female,fe50-54,620
Tagore,female,fe50-54,310
Townsville,female,fe50-54,710
Yio Chu Kang,female,fe50-54,-
Yio Chu Kang East,female,fe50-54,150
Yio Chu Kang North,female,fe50-54,-
Yio Chu Kang West,female,fe50-54,960
Bedok - Total,female,fe50-54,10250
Bayshore,female,fe50-54,320
Bedok North,female,fe50-54,3050
Bedok Reservoir,female,fe50-54,980
Bedok South,female,fe50-54,1800
Frankel,female,fe50-54,1270
Kaki Bukit,female,fe50-54,1240
Kembangan,female,fe50-54,1350
Siglap,female,fe50-54,240
Bishan - Total,female,fe50-54,3320
Bishan East,female,fe50-54,990
Marymount,female,fe50-54,1200
Upper Thomson,female,fe50-54,1130
Boon Lay - Total,female,fe50-54,-
Liu Fang,female,fe50-54,-
Samulun,female,fe50-54,-
Shipyard,female,fe50-54,-
Tukang,female,fe50-54,-
Bukit Batok - Total,female,fe50-54,6030
Brickworks,female,fe50-54,470
Bukit Batok Central,female,fe50-54,990
Bukit Batok East,female,fe50-54,470
Bukit Batok South,female,fe50-54,630
Bukit Batok West,female,fe50-54,560
Gombak,female,fe50-54,380
Guilin,female,fe50-54,560
Hillview,female,fe50-54,970
Hong Kah North,female,fe50-54,1010
Bukit Merah - Total,female,fe50-54,5250
Alexandra Hill,female,fe50-54,500
Alexandra North,female,fe50-54,100
Bukit Ho Swee,female,fe50-54,470
Bukit Merah,female,fe50-54,40
City Terminals,female,fe50-54,-
Depot Road,female,fe50-54,210
Everton Park,female,fe50-54,290
Henderson Hill,female,fe50-54,490
Kampong Tiong Bahru,female,fe50-54,310
Maritime Square,female,fe50-54,140
Redhill,female,fe50-54,380
Singapore General Hospital,female,fe50-54,-
Telok Blangah Drive,female,fe50-54,610
Telok Blangah Rise,female,fe50-54,420
Telok Blangah Way,female,fe50-54,310
Tiong Bahru,female,fe50-54,420
Tiong Bahru Station,female,fe50-54,590
Bukit Panjang - Total,female,fe50-54,5180
Bangkit,female,fe50-54,890
Dairy Farm,female,fe50-54,280
Fajar,female,fe50-54,940
Jelebu,female,fe50-54,1360
Nature Reserve,female,fe50-54,170
Saujana,female,fe50-54,870
Senja,female,fe50-54,670
Bukit Timah - Total,female,fe50-54,3120
Anak Bukit,female,fe50-54,860
Coronation Road,female,fe50-54,250
Farrer Court,female,fe50-54,240
Hillcrest,female,fe50-54,380
Holland Road,female,fe50-54,450
Leedon Park,female,fe50-54,300
Swiss Club,female,fe50-54,210
Ulu Pandan,female,fe50-54,440
Central Water Catchment - Total,female,fe50-54,-
Central Water Catchment,female,fe50-54,-
Changi- Total,female,fe50-54,60
Changi Airport,female,fe50-54,-
Changi Point,female,fe50-54,30
Changi West,female,fe50-54,20
Changi Bay - Total,female,fe50-54,-
Changi Bay,female,fe50-54,-
Choa Chu Kang - Total,female,fe50-54,8310
Choa Chu Kang Central,female,fe50-54,1030
Choa Chu Kang North,female,fe50-54,1880
Keat Hong,female,fe50-54,1230
Peng Siang,female,fe50-54,1360
Teck Whye,female,fe50-54,940
Yew Tee,female,fe50-54,1870
Clementi - Total,female,fe50-54,3380
Clementi Central,female,fe50-54,520
Clementi North,female,fe50-54,1000
Clementi West,female,fe50-54,610
Clementi Woods,female,fe50-54,550
Faber,female,fe50-54,190
Pandan,female,fe50-54,-
Sunset Way,female,fe50-54,240
Toh Tuck,female,fe50-54,-
West Coast,female,fe50-54,270
Downtown Core - Total,female,fe50-54,120
Anson,female,fe50-54,-
Bayfront Subzone,female,fe50-54,-
Bugis,female,fe50-54,40
Cecil,female,fe50-54,10
Central Subzone,female,fe50-54,30
City Hall,female,fe50-54,-
Clifford Pier,female,fe50-54,-
Marina Centre,female,fe50-54,-
Maxwell,female,fe50-54,-
Nicoll,female,fe50-54,10
Phillip,female,fe50-54,-
Raffles Place,female,fe50-54,-
Tanjong Pagar,female,fe50-54,20
Geylang - Total,female,fe50-54,3860
Aljunied,female,fe50-54,1360
Geylang East,female,fe50-54,1040
Kallang Way,female,fe50-54,-
Kampong Ubi,female,fe50-54,390
Macpherson,female,fe50-54,1070
Hougang - Total,female,fe50-54,8690
Defu Industrial Park,female,fe50-54,-
Hougang Central,female,fe50-54,210
Hougang East,female,fe50-54,900
Hougang West,female,fe50-54,1790
Kangkar,female,fe50-54,1100
Kovan,female,fe50-54,920
Lorong Ah Soo,female,fe50-54,1250
Lorong Halus,female,fe50-54,-
Tai Seng,female,fe50-54,560
Trafalgar,female,fe50-54,1950
Jurong East - Total,female,fe50-54,2830
International Business Park,female,fe50-54,-
Jurong Gateway,female,fe50-54,10
Jurong Port,female,fe50-54,-
Jurong River,female,fe50-54,-
Lakeside (Business),female,fe50-54,-
Lakeside (Leisure),female,fe50-54,40
Penjuru Crescent,female,fe50-54,-
Teban Gardens,female,fe50-54,620
Toh Guan,female,fe50-54,550
Yuhua East,female,fe50-54,910
Yuhua West,female,fe50-54,700
Jurong West - Total,female,fe50-54,9760
Boon Lay Place,female,fe50-54,1030
Chin Bee,female,fe50-54,-
Hong Kah,female,fe50-54,1930
Jurong West Central,female,fe50-54,2170
Kian Teck,female,fe50-54,-
Safti,female,fe50-54,-
Taman Jurong,female,fe50-54,1530
Wenya,female,fe50-54,240
Yunnan,female,fe50-54,2860
Kallang - Total,female,fe50-54,3500
Bendemeer,female,fe50-54,1150
Boon Keng,female,fe50-54,440
Crawford,female,fe50-54,260
Geylang Bahru,female,fe50-54,430
Kallang Bahru,female,fe50-54,-
Kampong Bugis,female,fe50-54,20
Kampong Java,female,fe50-54,390
Lavender,female,fe50-54,320
Tanjong Rhu,female,fe50-54,490
Lim Chu Kang - Total,female,fe50-54,10
Lim Chu Kang,female,fe50-54,10
Mandai - Total,female,fe50-54,90
Mandai East,female,fe50-54,-
Mandai Estate,female,fe50-54,90
Mandai West,female,fe50-54,-
Marina East - Total,female,fe50-54,-
Marina East,female,fe50-54,-
Marina South - Total,female,fe50-54,-
Marina South,female,fe50-54,-
Marine Parade - Total,female,fe50-54,1730
East Coast,female,fe50-54,-
Katong,female,fe50-54,340
Marina East (Mp),female,fe50-54,-
Marine Parade,female,fe50-54,1040
Mountbatten,female,fe50-54,360
Museum - Total,female,fe50-54,20
Bras Basah,female,fe50-54,-
Dhoby Ghaut,female,fe50-54,10
Fort Canning,female,fe50-54,10
Newton - Total,female,fe50-54,340
Cairnhill,female,fe50-54,170
Goodwood Park,female,fe50-54,40
Istana Negara,female,fe50-54,-
Monk's Hill,female,fe50-54,30
Newton Circus,female,fe50-54,10
Orange Grove,female,fe50-54,90
North-Eastern Islands - Total,female,fe50-54,-
North-Eastern Islands,female,fe50-54,-
Novena - Total,female,fe50-54,1810
Balestier,female,fe50-54,1210
Dunearn,female,fe50-54,170
Malcolm,female,fe50-54,100
Moulmein,female,fe50-54,310
Mount Pleasant,female,fe50-54,30
Orchard - Total,female,fe50-54,40
Boulevard,female,fe50-54,10
Somerset,female,fe50-54,10
Tanglin,female,fe50-54,10
Outram - Total,female,fe50-54,600
China Square,female,fe50-54,50
Chinatown,female,fe50-54,340
Pearl's Hill,female,fe50-54,200
People's Park,female,fe50-54,10
Pasir Ris - Total,female,fe50-54,7210
Flora Drive,female,fe50-54,680
Loyang East,female,fe50-54,90
Loyang West,female,fe50-54,-
Pasir Ris Central,female,fe50-54,1450
Pasir Ris Drive,female,fe50-54,2710
Pasir Ris Park,female,fe50-54,330
Pasir Ris Wafer Fab Park,female,fe50-54,-
Pasir Ris West,female,fe50-54,1970
Paya Lebar - Total,female,fe50-54,-
Airport Road,female,fe50-54,-
Paya Lebar East,female,fe50-54,-
Paya Lebar North,female,fe50-54,-
Paya Lebar West,female,fe50-54,-
Plab,female,fe50-54,-
Pioneer - Total,female,fe50-54,-
Benoi Sector,female,fe50-54,-
Gul Basin,female,fe50-54,-
Gul Circle,female,fe50-54,-
Joo Koon,female,fe50-54,-
Pioneer Sector,female,fe50-54,-
Punggol - Total,female,fe50-54,4460
Coney Island,female,fe50-54,-
Matilda,female,fe50-54,1190
Northshore,female,fe50-54,20
Punggol Canal,female,fe50-54,-
Punggol Field,female,fe50-54,1640
Punggol Town Centre,female,fe50-54,500
Waterway East,female,fe50-54,1110
Queenstown - Total,female,fe50-54,3570
Commonwealth,female,fe50-54,290
Dover,female,fe50-54,470
Ghim Moh,female,fe50-54,420
Holland Drive,female,fe50-54,520
Kent Ridge,female,fe50-54,-
Margaret Drive,female,fe50-54,470
Mei Chin,female,fe50-54,670
National University Of S'pore,female,fe50-54,-
One North,female,fe50-54,30
Pasir Panjang 1,female,fe50-54,190
Pasir Panjang 2,female,fe50-54,120
Port,female,fe50-54,-
Queensway,female,fe50-54,10
Singapore Polytechnic,female,fe50-54,-
Tanglin Halt,female,fe50-54,370
River Valley - Total,female,fe50-54,430
Institution Hill,female,fe50-54,110
Leonie Hill,female,fe50-54,140
One Tree Hill,female,fe50-54,110
Oxley,female,fe50-54,60
Paterson,female,fe50-54,10
Rochor - Total,female,fe50-54,460
Bencoolen,female,fe50-54,50
Farrer Park,female,fe50-54,90
Kampong Glam,female,fe50-54,-
Little India,female,fe50-54,110
Mackenzie,female,fe50-54,10
Mount Emily,female,fe50-54,50
Rochor Canal,female,fe50-54,-
Selegie,female,fe50-54,10
Sungei Road,female,fe50-54,80
Victoria,female,fe50-54,60
Seletar - Total,female,fe50-54,20
Pulau Punggol Barat,female,fe50-54,-
Pulau Punggol Timor,female,fe50-54,-
Seletar,female,fe50-54,20
Seletar Aerospace Park,female,fe50-54,-
Sembawang - Total,female,fe50-54,3560
Admiralty,female,fe50-54,500
Sembawang Central,female,fe50-54,1250
Sembawang East,female,fe50-54,500
Sembawang North,female,fe50-54,920
Sembawang Springs,female,fe50-54,310
Sembawang Straits,female,fe50-54,80
Senoko North,female,fe50-54,-
Senoko South,female,fe50-54,-
The Wharves,female,fe50-54,-
Sengkang - Total,female,fe50-54,7670
Anchorvale,female,fe50-54,1200
Compassvale,female,fe50-54,470
Fernvale,female,fe50-54,1540
Lorong Halus North,female,fe50-54,-
Rivervale,female,fe50-54,2250
Sengkang Town Centre,female,fe50-54,2220
Sengkang West,female,fe50-54,-
Serangoon - Total,female,fe50-54,4490
Lorong Chuan,female,fe50-54,380
Seletar Hills,female,fe50-54,600
Serangoon Central,female,fe50-54,910
Serangoon Garden,female,fe50-54,1310
Serangoon North,female,fe50-54,700
Serangoon North Ind Estate,female,fe50-54,-
Upper Paya Lebar,female,fe50-54,590
Simpang - Total,female,fe50-54,-
Pulau Seletar,female,fe50-54,-
Simpang North,female,fe50-54,-
Simpang South,female,fe50-54,-
Tanjong Irau,female,fe50-54,-
Singapore River - Total,female,fe50-54,130
Boat Quay,female,fe50-54,-
Clarke Quay,female,fe50-54,10
Robertson Quay,female,fe50-54,120
Southern Islands - Total,female,fe50-54,100
Sentosa,female,fe50-54,100
Southern Group,female,fe50-54,-
Straits View - Total,female,fe50-54,-
Straits View,female,fe50-54,-
Sungei Kadut - Total,female,fe50-54,30
Gali Batu,female,fe50-54,-
Kranji,female,fe50-54,-
Pang Sua,female,fe50-54,-
Reservoir View,female,fe50-54,-
Turf Club,female,fe50-54,20
Tampines - Total,female,fe50-54,10030
Simei,female,fe50-54,1590
Tampines East,female,fe50-54,5250
Tampines North,female,fe50-54,140
Tampines West,female,fe50-54,2960
Xilin,female,fe50-54,80
Tanglin - Total,female,fe50-54,880
Chatsworth,female,fe50-54,300
Nassim,female,fe50-54,360
Ridout,female,fe50-54,70
Tyersall,female,fe50-54,160
Tengah - Total,female,fe50-54,-
Brickland,female,fe50-54,-
Forest Hill,female,fe50-54,-
Garden,female,fe50-54,-
Park,female,fe50-54,-
Plantation,female,fe50-54,-
Tengah Industrial Estate,female,fe50-54,-
Toa Payoh - Total,female,fe50-54,4540
Bidadari,female,fe50-54,-
Boon Teck,female,fe50-54,510
Braddell,female,fe50-54,390
Joo Seng,female,fe50-54,280
Kim Keat,female,fe50-54,260
Lorong 8 Toa Payoh,female,fe50-54,280
Pei Chun,female,fe50-54,460
Potong Pasir,female,fe50-54,430
Sennett,female,fe50-54,190
Toa Payoh Central,female,fe50-54,1100
Toa Payoh West,female,fe50-54,530
Woodleigh,female,fe50-54,100
Tuas - Total,female,fe50-54,-
Tengeh,female,fe50-54,-
Tuas Bay,female,fe50-54,-
Tuas North,female,fe50-54,-
Tuas Promenade,female,fe50-54,-
Tuas View,female,fe50-54,-
Tuas View Extension,female,fe50-54,-
Western Islands - Total,female,fe50-54,-
Jurong Island And Bukom,female,fe50-54,-
Semakau,female,fe50-54,-
Sudong,female,fe50-54,-
Western Water Catchment - Total,female,fe50-54,20
Bahar,female,fe50-54,-
Cleantech,female,fe50-54,-
Murai,female,fe50-54,20
Woodlands - Total,female,fe50-54,10870
Greenwood Park,female,fe50-54,-
Midview,female,fe50-54,1720
North Coast,female,fe50-54,500
Senoko West,female,fe50-54,-
Woodgrove,female,fe50-54,1760
Woodlands East,female,fe50-54,3930
Woodlands Regional Centre,female,fe50-54,-
Woodlands South,female,fe50-54,1550
Woodlands West,female,fe50-54,1410
Yishun - Total,female,fe50-54,7830
Khatib,female,fe50-54,410
Lower Seletar,female,fe50-54,410
Nee Soon,female,fe50-54,40
Northland,female,fe50-54,1070
Springleaf,female,fe50-54,160
Yishun Central,female,fe50-54,100
Yishun East,female,fe50-54,1970
Yishun South,female,fe50-54,1570
Yishun West,female,fe50-54,2100
Total,female,fe55-59,152870
Ang Mo Kio - Total,female,fe55-59,6450
Ang Mo Kio Town Centre,female,fe55-59,150
Cheng San,female,fe55-59,1060
Chong Boon,female,fe55-59,1040
Kebun Bahru,female,fe55-59,870
Sembawang Hills,female,fe55-59,300
Shangri-La,female,fe55-59,660
Tagore,female,fe55-59,360
Townsville,female,fe55-59,820
Yio Chu Kang,female,fe55-59,-
Yio Chu Kang East,female,fe55-59,180
Yio Chu Kang North,female,fe55-59,-
Yio Chu Kang West,female,fe55-59,1010
Bedok - Total,female,fe55-59,11180
Bayshore,female,fe55-59,240
Bedok North,female,fe55-59,3450
Bedok Reservoir,female,fe55-59,920
Bedok South,female,fe55-59,1930
Frankel,female,fe55-59,1190
Kaki Bukit,female,fe55-59,1730
Kembangan,female,fe55-59,1480
Siglap,female,fe55-59,250
Bishan - Total,female,fe55-59,3790
Bishan East,female,fe55-59,1200
Marymount,female,fe55-59,1370
Upper Thomson,female,fe55-59,1230
Boon Lay - Total,female,fe55-59,-
Liu Fang,female,fe55-59,-
Samulun,female,fe55-59,-
Shipyard,female,fe55-59,-
Tukang,female,fe55-59,-
Bukit Batok - Total,female,fe55-59,6270
Brickworks,female,fe55-59,350
Bukit Batok Central,female,fe55-59,1020
Bukit Batok East,female,fe55-59,610
Bukit Batok South,female,fe55-59,690
Bukit Batok West,female,fe55-59,580
Gombak,female,fe55-59,360
Guilin,female,fe55-59,530
Hillview,female,fe55-59,910
Hong Kah North,female,fe55-59,1210
Bukit Merah - Total,female,fe55-59,5210
Alexandra Hill,female,fe55-59,520
Alexandra North,female,fe55-59,70
Bukit Ho Swee,female,fe55-59,540
Bukit Merah,female,fe55-59,50
City Terminals,female,fe55-59,-
Depot Road,female,fe55-59,180
Everton Park,female,fe55-59,270
Henderson Hill,female,fe55-59,500
Kampong Tiong Bahru,female,fe55-59,340
Maritime Square,female,fe55-59,100
Redhill,female,fe55-59,340
Singapore General Hospital,female,fe55-59,-
Telok Blangah Drive,female,fe55-59,610
Telok Blangah Rise,female,fe55-59,430
Telok Blangah Way,female,fe55-59,340
Tiong Bahru,female,fe55-59,390
Tiong Bahru Station,female,fe55-59,550
Bukit Panjang - Total,female,fe55-59,5780
Bangkit,female,fe55-59,1130
Dairy Farm,female,fe55-59,280
Fajar,female,fe55-59,1080
Jelebu,female,fe55-59,1550
Nature Reserve,female,fe55-59,170
Saujana,female,fe55-59,950
Senja,female,fe55-59,620
Bukit Timah - Total,female,fe55-59,2800
Anak Bukit,female,fe55-59,850
Coronation Road,female,fe55-59,210
Farrer Court,female,fe55-59,190
Hillcrest,female,fe55-59,330
Holland Road,female,fe55-59,360
Leedon Park,female,fe55-59,220
Swiss Club,female,fe55-59,190
Ulu Pandan,female,fe55-59,440
Central Water Catchment - Total,female,fe55-59,-
Central Water Catchment,female,fe55-59,-
Changi- Total,female,fe55-59,50
Changi Airport,female,fe55-59,-
Changi Point,female,fe55-59,30
Changi West,female,fe55-59,20
Changi Bay - Total,female,fe55-59,-
Changi Bay,female,fe55-59,-
Choa Chu Kang - Total,female,fe55-59,7850
Choa Chu Kang Central,female,fe55-59,980
Choa Chu Kang North,female,fe55-59,1500
Keat Hong,female,fe55-59,1080
Peng Siang,female,fe55-59,1450
Teck Whye,female,fe55-59,1250
Yew Tee,female,fe55-59,1600
Clementi - Total,female,fe55-59,3220
Clementi Central,female,fe55-59,490
Clementi North,female,fe55-59,1020
Clementi West,female,fe55-59,550
Clementi Woods,female,fe55-59,600
Faber,female,fe55-59,140
Pandan,female,fe55-59,-
Sunset Way,female,fe55-59,220
Toh Tuck,female,fe55-59,-
West Coast,female,fe55-59,200
Downtown Core - Total,female,fe55-59,90
Anson,female,fe55-59,-
Bayfront Subzone,female,fe55-59,-
Bugis,female,fe55-59,30
Cecil,female,fe55-59,10
Central Subzone,female,fe55-59,20
City Hall,female,fe55-59,-
Clifford Pier,female,fe55-59,-
Marina Centre,female,fe55-59,-
Maxwell,female,fe55-59,-
Nicoll,female,fe55-59,10
Phillip,female,fe55-59,-
Raffles Place,female,fe55-59,-
Tanjong Pagar,female,fe55-59,20
Geylang - Total,female,fe55-59,4150
Aljunied,female,fe55-59,1460
Geylang East,female,fe55-59,1030
Kallang Way,female,fe55-59,-
Kampong Ubi,female,fe55-59,530
Macpherson,female,fe55-59,1140
Hougang - Total,female,fe55-59,9580
Defu Industrial Park,female,fe55-59,-
Hougang Central,female,fe55-59,210
Hougang East,female,fe55-59,1090
Hougang West,female,fe55-59,2280
Kangkar,female,fe55-59,1130
Kovan,female,fe55-59,1000
Lorong Ah Soo,female,fe55-59,1310
Lorong Halus,female,fe55-59,-
Tai Seng,female,fe55-59,580
Trafalgar,female,fe55-59,1980
Jurong East - Total,female,fe55-59,3140
International Business Park,female,fe55-59,-
Jurong Gateway,female,fe55-59,10
Jurong Port,female,fe55-59,-
Jurong River,female,fe55-59,-
Lakeside (Business),female,fe55-59,-
Lakeside (Leisure),female,fe55-59,30
Penjuru Crescent,female,fe55-59,-
Teban Gardens,female,fe55-59,640
Toh Guan,female,fe55-59,670
Yuhua East,female,fe55-59,970
Yuhua West,female,fe55-59,820
Jurong West - Total,female,fe55-59,9240
Boon Lay Place,female,fe55-59,930
Chin Bee,female,fe55-59,-
Hong Kah,female,fe55-59,1980
Jurong West Central,female,fe55-59,2030
Kian Teck,female,fe55-59,-
Safti,female,fe55-59,-
Taman Jurong,female,fe55-59,1350
Wenya,female,fe55-59,200
Yunnan,female,fe55-59,2760
Kallang - Total,female,fe55-59,3600
Bendemeer,female,fe55-59,1180
Boon Keng,female,fe55-59,430
Crawford,female,fe55-59,320
Geylang Bahru,female,fe55-59,460
Kallang Bahru,female,fe55-59,-
Kampong Bugis,female,fe55-59,40
Kampong Java,female,fe55-59,390
Lavender,female,fe55-59,370
Tanjong Rhu,female,fe55-59,410
Lim Chu Kang - Total,female,fe55-59,10
Lim Chu Kang,female,fe55-59,10
Mandai - Total,female,fe55-59,90
Mandai East,female,fe55-59,-
Mandai Estate,female,fe55-59,90
Mandai West,female,fe55-59,-
Marina East - Total,female,fe55-59,-
Marina East,female,fe55-59,-
Marina South - Total,female,fe55-59,-
Marina South,female,fe55-59,-
Marine Parade - Total,female,fe55-59,1690
East Coast,female,fe55-59,-
Katong,female,fe55-59,350
Marina East (Mp),female,fe55-59,-
Marine Parade,female,fe55-59,970
Mountbatten,female,fe55-59,370
Museum - Total,female,fe55-59,20
Bras Basah,female,fe55-59,-
Dhoby Ghaut,female,fe55-59,10
Fort Canning,female,fe55-59,10
Newton - Total,female,fe55-59,290
Cairnhill,female,fe55-59,130
Goodwood Park,female,fe55-59,40
Istana Negara,female,fe55-59,-
Monk's Hill,female,fe55-59,40
Newton Circus,female,fe55-59,10
Orange Grove,female,fe55-59,70
North-Eastern Islands - Total,female,fe55-59,-
North-Eastern Islands,female,fe55-59,-
Novena - Total,female,fe55-59,1710
Balestier,female,fe55-59,1160
Dunearn,female,fe55-59,160
Malcolm,female,fe55-59,110
Moulmein,female,fe55-59,240
Mount Pleasant,female,fe55-59,30
Orchard - Total,female,fe55-59,30
Boulevard,female,fe55-59,10
Somerset,female,fe55-59,-
Tanglin,female,fe55-59,10
Outram - Total,female,fe55-59,600
China Square,female,fe55-59,60
Chinatown,female,fe55-59,300
Pearl's Hill,female,fe55-59,220
People's Park,female,fe55-59,10
Pasir Ris - Total,female,fe55-59,6740
Flora Drive,female,fe55-59,590
Loyang East,female,fe55-59,110
Loyang West,female,fe55-59,-
Pasir Ris Central,female,fe55-59,1450
Pasir Ris Drive,female,fe55-59,2770
Pasir Ris Park,female,fe55-59,210
Pasir Ris Wafer Fab Park,female,fe55-59,-
Pasir Ris West,female,fe55-59,1620
Paya Lebar - Total,female,fe55-59,-
Airport Road,female,fe55-59,-
Paya Lebar East,female,fe55-59,-
Paya Lebar North,female,fe55-59,-
Paya Lebar West,female,fe55-59,-
Plab,female,fe55-59,-
Pioneer - Total,female,fe55-59,-
Benoi Sector,female,fe55-59,-
Gul Basin,female,fe55-59,-
Gul Circle,female,fe55-59,-
Joo Koon,female,fe55-59,-
Pioneer Sector,female,fe55-59,-
Punggol - Total,female,fe55-59,3770
Coney Island,female,fe55-59,-
Matilda,female,fe55-59,1020
Northshore,female,fe55-59,20
Punggol Canal,female,fe55-59,-
Punggol Field,female,fe55-59,1420
Punggol Town Centre,female,fe55-59,360
Waterway East,female,fe55-59,940
Queenstown - Total,female,fe55-59,3440
Commonwealth,female,fe55-59,290
Dover,female,fe55-59,410
Ghim Moh,female,fe55-59,430
Holland Drive,female,fe55-59,520
Kent Ridge,female,fe55-59,-
Margaret Drive,female,fe55-59,420
Mei Chin,female,fe55-59,660
National University Of S'pore,female,fe55-59,10
One North,female,fe55-59,10
Pasir Panjang 1,female,fe55-59,160
Pasir Panjang 2,female,fe55-59,130
Port,female,fe55-59,10
Queensway,female,fe55-59,10
Singapore Polytechnic,female,fe55-59,-
Tanglin Halt,female,fe55-59,380
River Valley - Total,female,fe55-59,320
Institution Hill,female,fe55-59,60
Leonie Hill,female,fe55-59,110
One Tree Hill,female,fe55-59,90
Oxley,female,fe55-59,50
Paterson,female,fe55-59,10
Rochor - Total,female,fe55-59,430
Bencoolen,female,fe55-59,50
Farrer Park,female,fe55-59,80
Kampong Glam,female,fe55-59,10
Little India,female,fe55-59,110
Mackenzie,female,fe55-59,-
Mount Emily,female,fe55-59,40
Rochor Canal,female,fe55-59,-
Selegie,female,fe55-59,10
Sungei Road,female,fe55-59,70
Victoria,female,fe55-59,80
Seletar - Total,female,fe55-59,20
Pulau Punggol Barat,female,fe55-59,-
Pulau Punggol Timor,female,fe55-59,-
Seletar,female,fe55-59,10
Seletar Aerospace Park,female,fe55-59,-
Sembawang - Total,female,fe55-59,3250
Admiralty,female,fe55-59,430
Sembawang Central,female,fe55-59,1250
Sembawang East,female,fe55-59,400
Sembawang North,female,fe55-59,870
Sembawang Springs,female,fe55-59,200
Sembawang Straits,female,fe55-59,90
Senoko North,female,fe55-59,-
Senoko South,female,fe55-59,-
The Wharves,female,fe55-59,-
Sengkang - Total,female,fe55-59,7440
Anchorvale,female,fe55-59,1190
Compassvale,female,fe55-59,450
Fernvale,female,fe55-59,1350
Lorong Halus North,female,fe55-59,-
Rivervale,female,fe55-59,2330
Sengkang Town Centre,female,fe55-59,2140
Sengkang West,female,fe55-59,-
Serangoon - Total,female,fe55-59,5030
Lorong Chuan,female,fe55-59,370
Seletar Hills,female,fe55-59,630
Serangoon Central,female,fe55-59,1110
Serangoon Garden,female,fe55-59,1510
Serangoon North,female,fe55-59,760
Serangoon North Ind Estate,female,fe55-59,-
Upper Paya Lebar,female,fe55-59,660
Simpang - Total,female,fe55-59,-
Pulau Seletar,female,fe55-59,-
Simpang North,female,fe55-59,-
Simpang South,female,fe55-59,-
Tanjong Irau,female,fe55-59,-
Singapore River - Total,female,fe55-59,90
Boat Quay,female,fe55-59,10
Clarke Quay,female,fe55-59,-
Robertson Quay,female,fe55-59,80
Southern Islands - Total,female,fe55-59,80
Sentosa,female,fe55-59,80
Southern Group,female,fe55-59,-
Straits View - Total,female,fe55-59,-
Straits View,female,fe55-59,-
Sungei Kadut - Total,female,fe55-59,30
Gali Batu,female,fe55-59,-
Kranji,female,fe55-59,-
Pang Sua,female,fe55-59,-
Reservoir View,female,fe55-59,-
Turf Club,female,fe55-59,30
Tampines - Total,female,fe55-59,11310
Simei,female,fe55-59,1790
Tampines East,female,fe55-59,5920
Tampines North,female,fe55-59,130
Tampines West,female,fe55-59,3340
Xilin,female,fe55-59,120
Tanglin - Total,female,fe55-59,690
Chatsworth,female,fe55-59,190
Nassim,female,fe55-59,300
Ridout,female,fe55-59,50
Tyersall,female,fe55-59,150
Tengah - Total,female,fe55-59,-
Brickland,female,fe55-59,-
Forest Hill,female,fe55-59,-
Garden,female,fe55-59,-
Park,female,fe55-59,-
Plantation,female,fe55-59,-
Tengah Industrial Estate,female,fe55-59,-
Toa Payoh - Total,female,fe55-59,4750
Bidadari,female,fe55-59,-
Boon Teck,female,fe55-59,590
Braddell,female,fe55-59,390
Joo Seng,female,fe55-59,280
Kim Keat,female,fe55-59,340
Lorong 8 Toa Payoh,female,fe55-59,320
Pei Chun,female,fe55-59,430
Potong Pasir,female,fe55-59,430
Sennett,female,fe55-59,210
Toa Payoh Central,female,fe55-59,1090
Toa Payoh West,female,fe55-59,590
Woodleigh,female,fe55-59,90
Tuas - Total,female,fe55-59,-
Tengeh,female,fe55-59,-
Tuas Bay,female,fe55-59,-
Tuas North,female,fe55-59,-
Tuas Promenade,female,fe55-59,-
Tuas View,female,fe55-59,-
Tuas View Extension,female,fe55-59,-
Western Islands - Total,female,fe55-59,-
Jurong Island And Bukom,female,fe55-59,-
Semakau,female,fe55-59,-
Sudong,female,fe55-59,-
Western Water Catchment - Total,female,fe55-59,20
Bahar,female,fe55-59,-
Cleantech,female,fe55-59,-
Murai,female,fe55-59,20
Woodlands - Total,female,fe55-59,9620
Greenwood Park,female,fe55-59,-
Midview,female,fe55-59,1360
North Coast,female,fe55-59,570
Senoko West,female,fe55-59,-
Woodgrove,female,fe55-59,1450
Woodlands East,female,fe55-59,3570
Woodlands Regional Centre,female,fe55-59,-
Woodlands South,female,fe55-59,1280
Woodlands West,female,fe55-59,1390
Yishun - Total,female,fe55-59,9020
Khatib,female,fe55-59,550
Lower Seletar,female,fe55-59,350
Nee Soon,female,fe55-59,40
Northland,female,fe55-59,1380
Springleaf,female,fe55-59,200
Yishun Central,female,fe55-59,100
Yishun East,female,fe55-59,2040
Yishun South,female,fe55-59,1920
Yishun West,female,fe55-59,2440
Total,female,fe60-64,143160
Ang Mo Kio - Total,female,fe60-64,6650
Ang Mo Kio Town Centre,female,fe60-64,160
Cheng San,female,fe60-64,1170
Chong Boon,female,fe60-64,1110
Kebun Bahru,female,fe60-64,920
Sembawang Hills,female,fe60-64,220
Shangri-La,female,fe60-64,640
Tagore,female,fe60-64,380
Townsville,female,fe60-64,880
Yio Chu Kang,female,fe60-64,-
Yio Chu Kang East,female,fe60-64,180
Yio Chu Kang North,female,fe60-64,-
Yio Chu Kang West,female,fe60-64,1000
Bedok - Total,female,fe60-64,11190
Bayshore,female,fe60-64,220
Bedok North,female,fe60-64,3360
Bedok Reservoir,female,fe60-64,930
Bedok South,female,fe60-64,1900
Frankel,female,fe60-64,1110
Kaki Bukit,female,fe60-64,1810
Kembangan,female,fe60-64,1600
Siglap,female,fe60-64,270
Bishan - Total,female,fe60-64,3680
Bishan East,female,fe60-64,1290
Marymount,female,fe60-64,1190
Upper Thomson,female,fe60-64,1200
Boon Lay - Total,female,fe60-64,-
Liu Fang,female,fe60-64,-
Samulun,female,fe60-64,-
Shipyard,female,fe60-64,-
Tukang,female,fe60-64,-
Bukit Batok - Total,female,fe60-64,5930
Brickworks,female,fe60-64,330
Bukit Batok Central,female,fe60-64,1080
Bukit Batok East,female,fe60-64,650
Bukit Batok South,female,fe60-64,570
Bukit Batok West,female,fe60-64,630
Gombak,female,fe60-64,320
Guilin,female,fe60-64,430
Hillview,female,fe60-64,690
Hong Kah North,female,fe60-64,1220
Bukit Merah - Total,female,fe60-64,5490
Alexandra Hill,female,fe60-64,570
Alexandra North,female,fe60-64,50
Bukit Ho Swee,female,fe60-64,610
Bukit Merah,female,fe60-64,40
City Terminals,female,fe60-64,-
Depot Road,female,fe60-64,170
Everton Park,female,fe60-64,310
Henderson Hill,female,fe60-64,550
Kampong Tiong Bahru,female,fe60-64,370
Maritime Square,female,fe60-64,80
Redhill,female,fe60-64,260
Singapore General Hospital,female,fe60-64,-
Telok Blangah Drive,female,fe60-64,630
Telok Blangah Rise,female,fe60-64,570
Telok Blangah Way,female,fe60-64,380
Tiong Bahru,female,fe60-64,410
Tiong Bahru Station,female,fe60-64,510
Bukit Panjang - Total,female,fe60-64,4990
Bangkit,female,fe60-64,990
Dairy Farm,female,fe60-64,220
Fajar,female,fe60-64,870
Jelebu,female,fe60-64,1290
Nature Reserve,female,fe60-64,140
Saujana,female,fe60-64,900
Senja,female,fe60-64,590
Bukit Timah - Total,female,fe60-64,2580
Anak Bukit,female,fe60-64,910
Coronation Road,female,fe60-64,180
Farrer Court,female,fe60-64,140
Hillcrest,female,fe60-64,280
Holland Road,female,fe60-64,290
Leedon Park,female,fe60-64,230
Swiss Club,female,fe60-64,160
Ulu Pandan,female,fe60-64,390
Central Water Catchment - Total,female,fe60-64,-
Central Water Catchment,female,fe60-64,-
Changi- Total,female,fe60-64,40
Changi Airport,female,fe60-64,-
Changi Point,female,fe60-64,20
Changi West,female,fe60-64,20
Changi Bay - Total,female,fe60-64,-
Changi Bay,female,fe60-64,-
Choa Chu Kang - Total,female,fe60-64,6050
Choa Chu Kang Central,female,fe60-64,680
Choa Chu Kang North,female,fe60-64,1010
Keat Hong,female,fe60-64,810
Peng Siang,female,fe60-64,1150
Teck Whye,female,fe60-64,1040
Yew Tee,female,fe60-64,1350
Clementi - Total,female,fe60-64,3320
Clementi Central,female,fe60-64,540
Clementi North,female,fe60-64,1040
Clementi West,female,fe60-64,640
Clementi Woods,female,fe60-64,560
Faber,female,fe60-64,120
Pandan,female,fe60-64,-
Sunset Way,female,fe60-64,250
Toh Tuck,female,fe60-64,-
West Coast,female,fe60-64,170
Downtown Core - Total,female,fe60-64,80
Anson,female,fe60-64,-
Bayfront Subzone,female,fe60-64,-
Bugis,female,fe60-64,20
Cecil,female,fe60-64,-
Central Subzone,female,fe60-64,20
City Hall,female,fe60-64,-
Clifford Pier,female,fe60-64,-
Marina Centre,female,fe60-64,-
Maxwell,female,fe60-64,-
Nicoll,female,fe60-64,10
Phillip,female,fe60-64,-
Raffles Place,female,fe60-64,-
Tanjong Pagar,female,fe60-64,10
Geylang - Total,female,fe60-64,4300
Aljunied,female,fe60-64,1510
Geylang East,female,fe60-64,1140
Kallang Way,female,fe60-64,-
Kampong Ubi,female,fe60-64,560
Macpherson,female,fe60-64,1090
Hougang - Total,female,fe60-64,9270
Defu Industrial Park,female,fe60-64,-
Hougang Central,female,fe60-64,210
Hougang East,female,fe60-64,930
Hougang West,female,fe60-64,2240
Kangkar,female,fe60-64,1110
Kovan,female,fe60-64,1010
Lorong Ah Soo,female,fe60-64,1420
Lorong Halus,female,fe60-64,-
Tai Seng,female,fe60-64,580
Trafalgar,female,fe60-64,1780
Jurong East - Total,female,fe60-64,3400
International Business Park,female,fe60-64,-
Jurong Gateway,female,fe60-64,10
Jurong Port,female,fe60-64,-
Jurong River,female,fe60-64,-
Lakeside (Business),female,fe60-64,-
Lakeside (Leisure),female,fe60-64,40
Penjuru Crescent,female,fe60-64,-
Teban Gardens,female,fe60-64,710
Toh Guan,female,fe60-64,710
Yuhua East,female,fe60-64,1120
Yuhua West,female,fe60-64,810
Jurong West - Total,female,fe60-64,8770
Boon Lay Place,female,fe60-64,800
Chin Bee,female,fe60-64,-
Hong Kah,female,fe60-64,2260
Jurong West Central,female,fe60-64,2040
Kian Teck,female,fe60-64,-
Safti,female,fe60-64,-
Taman Jurong,female,fe60-64,1200
Wenya,female,fe60-64,200
Yunnan,female,fe60-64,2280
Kallang - Total,female,fe60-64,3650
Bendemeer,female,fe60-64,1380
Boon Keng,female,fe60-64,490
Crawford,female,fe60-64,280
Geylang Bahru,female,fe60-64,440
Kallang Bahru,female,fe60-64,-
Kampong Bugis,female,fe60-64,50
Kampong Java,female,fe60-64,370
Lavender,female,fe60-64,300
Tanjong Rhu,female,fe60-64,340
Lim Chu Kang - Total,female,fe60-64,-
Lim Chu Kang,female,fe60-64,-
Mandai - Total,female,fe60-64,80
Mandai East,female,fe60-64,-
Mandai Estate,female,fe60-64,80
Mandai West,female,fe60-64,-
Marina East - Total,female,fe60-64,-
Marina East,female,fe60-64,-
Marina South - Total,female,fe60-64,-
Marina South,female,fe60-64,-
Marine Parade - Total,female,fe60-64,1520
East Coast,female,fe60-64,-
Katong,female,fe60-64,300
Marina East (Mp),female,fe60-64,-
Marine Parade,female,fe60-64,880
Mountbatten,female,fe60-64,330
Museum - Total,female,fe60-64,10
Bras Basah,female,fe60-64,-
Dhoby Ghaut,female,fe60-64,10
Fort Canning,female,fe60-64,10
Newton - Total,female,fe60-64,240
Cairnhill,female,fe60-64,110
Goodwood Park,female,fe60-64,30
Istana Negara,female,fe60-64,-
Monk's Hill,female,fe60-64,20
Newton Circus,female,fe60-64,-
Orange Grove,female,fe60-64,70
North-Eastern Islands - Total,female,fe60-64,-
North-Eastern Islands,female,fe60-64,-
Novena - Total,female,fe60-64,1580
Balestier,female,fe60-64,1160
Dunearn,female,fe60-64,120
Malcolm,female,fe60-64,80
Moulmein,female,fe60-64,200
Mount Pleasant,female,fe60-64,30
Orchard - Total,female,fe60-64,30
Boulevard,female,fe60-64,20
Somerset,female,fe60-64,-
Tanglin,female,fe60-64,10
Outram - Total,female,fe60-64,650
China Square,female,fe60-64,90
Chinatown,female,fe60-64,330
Pearl's Hill,female,fe60-64,230
People's Park,female,fe60-64,10
Pasir Ris - Total,female,fe60-64,4940
Flora Drive,female,fe60-64,490
Loyang East,female,fe60-64,100
Loyang West,female,fe60-64,-
Pasir Ris Central,female,fe60-64,1050
Pasir Ris Drive,female,fe60-64,2150
Pasir Ris Park,female,fe60-64,110
Pasir Ris Wafer Fab Park,female,fe60-64,-
Pasir Ris West,female,fe60-64,1040
Paya Lebar - Total,female,fe60-64,-
Airport Road,female,fe60-64,-
Paya Lebar East,female,fe60-64,-
Paya Lebar North,female,fe60-64,-
Paya Lebar West,female,fe60-64,-
Plab,female,fe60-64,-
Pioneer - Total,female,fe60-64,-
Benoi Sector,female,fe60-64,-
Gul Basin,female,fe60-64,-
Gul Circle,female,fe60-64,-
Joo Koon,female,fe60-64,-
Pioneer Sector,female,fe60-64,-
Punggol - Total,female,fe60-64,3410
Coney Island,female,fe60-64,-
Matilda,female,fe60-64,950
Northshore,female,fe60-64,10
Punggol Canal,female,fe60-64,-
Punggol Field,female,fe60-64,1270
Punggol Town Centre,female,fe60-64,340
Waterway East,female,fe60-64,840
Queenstown - Total,female,fe60-64,3330
Commonwealth,female,fe60-64,280
Dover,female,fe60-64,380
Ghim Moh,female,fe60-64,470
Holland Drive,female,fe60-64,470
Kent Ridge,female,fe60-64,-
Margaret Drive,female,fe60-64,410
Mei Chin,female,fe60-64,620
National University Of S'pore,female,fe60-64,-
One North,female,fe60-64,10
Pasir Panjang 1,female,fe60-64,150
Pasir Panjang 2,female,fe60-64,130
Port,female,fe60-64,10
Queensway,female,fe60-64,10
Singapore Polytechnic,female,fe60-64,-
Tanglin Halt,female,fe60-64,400
River Valley - Total,female,fe60-64,290
Institution Hill,female,fe60-64,70
Leonie Hill,female,fe60-64,90
One Tree Hill,female,fe60-64,70
Oxley,female,fe60-64,50
Paterson,female,fe60-64,10
Rochor - Total,female,fe60-64,480
Bencoolen,female,fe60-64,40
Farrer Park,female,fe60-64,110
Kampong Glam,female,fe60-64,-
Little India,female,fe60-64,140
Mackenzie,female,fe60-64,-
Mount Emily,female,fe60-64,30
Rochor Canal,female,fe60-64,-
Selegie,female,fe60-64,10
Sungei Road,female,fe60-64,60
Victoria,female,fe60-64,90
Seletar - Total,female,fe60-64,10
Pulau Punggol Barat,female,fe60-64,-
Pulau Punggol Timor,female,fe60-64,-
Seletar,female,fe60-64,10
Seletar Aerospace Park,female,fe60-64,-
Sembawang - Total,female,fe60-64,2700
Admiralty,female,fe60-64,400
Sembawang Central,female,fe60-64,1050
Sembawang East,female,fe60-64,240
Sembawang North,female,fe60-64,790
Sembawang Springs,female,fe60-64,160
Sembawang Straits,female,fe60-64,50
Senoko North,female,fe60-64,-
Senoko South,female,fe60-64,-
The Wharves,female,fe60-64,-
Sengkang - Total,female,fe60-64,6950
Anchorvale,female,fe60-64,1200
Compassvale,female,fe60-64,460
Fernvale,female,fe60-64,1240
Lorong Halus North,female,fe60-64,-
Rivervale,female,fe60-64,2090
Sengkang Town Centre,female,fe60-64,1970
Sengkang West,female,fe60-64,-
Serangoon - Total,female,fe60-64,5290
Lorong Chuan,female,fe60-64,320
Seletar Hills,female,fe60-64,570
Serangoon Central,female,fe60-64,1270
Serangoon Garden,female,fe60-64,1720
Serangoon North,female,fe60-64,670
Serangoon North Ind Estate,female,fe60-64,-
Upper Paya Lebar,female,fe60-64,750
Simpang - Total,female,fe60-64,-
Pulau Seletar,female,fe60-64,-
Simpang North,female,fe60-64,-
Simpang South,female,fe60-64,-
Tanjong Irau,female,fe60-64,-
Singapore River - Total,female,fe60-64,70
Boat Quay,female,fe60-64,10
Clarke Quay,female,fe60-64,-
Robertson Quay,female,fe60-64,60
Southern Islands - Total,female,fe60-64,50
Sentosa,female,fe60-64,50
Southern Group,female,fe60-64,-
Straits View - Total,female,fe60-64,-
Straits View,female,fe60-64,-
Sungei Kadut - Total,female,fe60-64,30
Gali Batu,female,fe60-64,-
Kranji,female,fe60-64,-
Pang Sua,female,fe60-64,-
Reservoir View,female,fe60-64,-
Turf Club,female,fe60-64,30
Tampines - Total,female,fe60-64,11010
Simei,female,fe60-64,1630
Tampines East,female,fe60-64,5870
Tampines North,female,fe60-64,140
Tampines West,female,fe60-64,3300
Xilin,female,fe60-64,80
Tanglin - Total,female,fe60-64,640
Chatsworth,female,fe60-64,170
Nassim,female,fe60-64,280
Ridout,female,fe60-64,50
Tyersall,female,fe60-64,130
Tengah - Total,female,fe60-64,-
Brickland,female,fe60-64,-
Forest Hill,female,fe60-64,-
Garden,female,fe60-64,-
Park,female,fe60-64,-
Plantation,female,fe60-64,-
Tengah Industrial Estate,female,fe60-64,-
Toa Payoh - Total,female,fe60-64,4780
Bidadari,female,fe60-64,-
Boon Teck,female,fe60-64,530
Braddell,female,fe60-64,390
Joo Seng,female,fe60-64,260
Kim Keat,female,fe60-64,400
Lorong 8 Toa Payoh,female,fe60-64,310
Pei Chun,female,fe60-64,430
Potong Pasir,female,fe60-64,550
Sennett,female,fe60-64,250
Toa Payoh Central,female,fe60-64,970
Toa Payoh West,female,fe60-64,610
Woodleigh,female,fe60-64,80
Tuas - Total,female,fe60-64,-
Tengeh,female,fe60-64,-
Tuas Bay,female,fe60-64,-
Tuas North,female,fe60-64,-
Tuas Promenade,female,fe60-64,-
Tuas View,female,fe60-64,-
Tuas View Extension,female,fe60-64,-
Western Islands - Total,female,fe60-64,-
Jurong Island And Bukom,female,fe60-64,-
Semakau,female,fe60-64,-
Sudong,female,fe60-64,-
Western Water Catchment - Total,female,fe60-64,20
Bahar,female,fe60-64,-
Cleantech,female,fe60-64,-
Murai,female,fe60-64,20
Woodlands - Total,female,fe60-64,7610
Greenwood Park,female,fe60-64,-
Midview,female,fe60-64,1010
North Coast,female,fe60-64,490
Senoko West,female,fe60-64,-
Woodgrove,female,fe60-64,1150
Woodlands East,female,fe60-64,2700
Woodlands Regional Centre,female,fe60-64,-
Woodlands South,female,fe60-64,1000
Woodlands West,female,fe60-64,1260
Yishun - Total,female,fe60-64,8070
Khatib,female,fe60-64,520
Lower Seletar,female,fe60-64,280
Nee Soon,female,fe60-64,40
Northland,female,fe60-64,1240
Springleaf,female,fe60-64,170
Yishun Central,female,fe60-64,90
Yishun East,female,fe60-64,1750
Yishun South,female,fe60-64,1670
Yishun West,female,fe60-64,2330
Total,female,fe65-69,116790
Ang Mo Kio - Total,female,fe65-69,6480
Ang Mo Kio Town Centre,female,fe65-69,140
Cheng San,female,fe65-69,1210
Chong Boon,female,fe65-69,1130
Kebun Bahru,female,fe65-69,910
Sembawang Hills,female,fe65-69,220
Shangri-La,female,fe65-69,610
Tagore,female,fe65-69,270
Townsville,female,fe65-69,860
Yio Chu Kang,female,fe65-69,-
Yio Chu Kang East,female,fe65-69,140
Yio Chu Kang North,female,fe65-69,-
Yio Chu Kang West,female,fe65-69,1000
Bedok - Total,female,fe65-69,9890
Bayshore,female,fe65-69,170
Bedok North,female,fe65-69,3220
Bedok Reservoir,female,fe65-69,790
Bedok South,female,fe65-69,1750
Frankel,female,fe65-69,970
Kaki Bukit,female,fe65-69,1400
Kembangan,female,fe65-69,1360
Siglap,female,fe65-69,240
Bishan - Total,female,fe65-69,3020
Bishan East,female,fe65-69,1120
Marymount,female,fe65-69,910
Upper Thomson,female,fe65-69,1000
Boon Lay - Total,female,fe65-69,-
Liu Fang,female,fe65-69,-
Samulun,female,fe65-69,-
Shipyard,female,fe65-69,-
Tukang,female,fe65-69,-
Bukit Batok - Total,female,fe65-69,4640
Brickworks,female,fe65-69,220
Bukit Batok Central,female,fe65-69,880
Bukit Batok East,female,fe65-69,520
Bukit Batok South,female,fe65-69,370
Bukit Batok West,female,fe65-69,560
Gombak,female,fe65-69,280
Guilin,female,fe65-69,400
Hillview,female,fe65-69,530
Hong Kah North,female,fe65-69,880
Bukit Merah - Total,female,fe65-69,5430
Alexandra Hill,female,fe65-69,560
Alexandra North,female,fe65-69,40
Bukit Ho Swee,female,fe65-69,550
Bukit Merah,female,fe65-69,40
City Terminals,female,fe65-69,-
Depot Road,female,fe65-69,200
Everton Park,female,fe65-69,340
Henderson Hill,female,fe65-69,500
Kampong Tiong Bahru,female,fe65-69,390
Maritime Square,female,fe65-69,70
Redhill,female,fe65-69,260
Singapore General Hospital,female,fe65-69,-
Telok Blangah Drive,female,fe65-69,660
Telok Blangah Rise,female,fe65-69,620
Telok Blangah Way,female,fe65-69,350
Tiong Bahru,female,fe65-69,460
Tiong Bahru Station,female,fe65-69,400
Bukit Panjang - Total,female,fe65-69,3650
Bangkit,female,fe65-69,730
Dairy Farm,female,fe65-69,150
Fajar,female,fe65-69,680
Jelebu,female,fe65-69,950
Nature Reserve,female,fe65-69,100
Saujana,female,fe65-69,600
Senja,female,fe65-69,460
Bukit Timah - Total,female,fe65-69,2210
Anak Bukit,female,fe65-69,720
Coronation Road,female,fe65-69,170
Farrer Court,female,fe65-69,140
Hillcrest,female,fe65-69,210
Holland Road,female,fe65-69,260
Leedon Park,female,fe65-69,180
Swiss Club,female,fe65-69,150
Ulu Pandan,female,fe65-69,380
Central Water Catchment - Total,female,fe65-69,-
Central Water Catchment,female,fe65-69,-
Changi- Total,female,fe65-69,30
Changi Airport,female,fe65-69,-
Changi Point,female,fe65-69,20
Changi West,female,fe65-69,10
Changi Bay - Total,female,fe65-69,-
Changi Bay,female,fe65-69,-
Choa Chu Kang - Total,female,fe65-69,4120
Choa Chu Kang Central,female,fe65-69,470
Choa Chu Kang North,female,fe65-69,670
Keat Hong,female,fe65-69,530
Peng Siang,female,fe65-69,860
Teck Whye,female,fe65-69,770
Yew Tee,female,fe65-69,820
Clementi - Total,female,fe65-69,3550
Clementi Central,female,fe65-69,600
Clementi North,female,fe65-69,1210
Clementi West,female,fe65-69,630
Clementi Woods,female,fe65-69,580
Faber,female,fe65-69,110
Pandan,female,fe65-69,-
Sunset Way,female,fe65-69,270
Toh Tuck,female,fe65-69,-
West Coast,female,fe65-69,160
Downtown Core - Total,female,fe65-69,70
Anson,female,fe65-69,-
Bayfront Subzone,female,fe65-69,-
Bugis,female,fe65-69,40
Cecil,female,fe65-69,-
Central Subzone,female,fe65-69,10
City Hall,female,fe65-69,-
Clifford Pier,female,fe65-69,-
Marina Centre,female,fe65-69,-
Maxwell,female,fe65-69,-
Nicoll,female,fe65-69,10
Phillip,female,fe65-69,-
Raffles Place,female,fe65-69,-
Tanjong Pagar,female,fe65-69,10
Geylang - Total,female,fe65-69,3690
Aljunied,female,fe65-69,1340
Geylang East,female,fe65-69,1010
Kallang Way,female,fe65-69,-
Kampong Ubi,female,fe65-69,420
Macpherson,female,fe65-69,920
Hougang - Total,female,fe65-69,7200
Defu Industrial Park,female,fe65-69,-
Hougang Central,female,fe65-69,140
Hougang East,female,fe65-69,690
Hougang West,female,fe65-69,1710
Kangkar,female,fe65-69,930
Kovan,female,fe65-69,730
Lorong Ah Soo,female,fe65-69,1210
Lorong Halus,female,fe65-69,-
Tai Seng,female,fe65-69,470
Trafalgar,female,fe65-69,1320
Jurong East - Total,female,fe65-69,2980
International Business Park,female,fe65-69,-
Jurong Gateway,female,fe65-69,-
Jurong Port,female,fe65-69,-
Jurong River,female,fe65-69,-
Lakeside (Business),female,fe65-69,-
Lakeside (Leisure),female,fe65-69,50
Penjuru Crescent,female,fe65-69,-
Teban Gardens,female,fe65-69,750
Toh Guan,female,fe65-69,490
Yuhua East,female,fe65-69,990
Yuhua West,female,fe65-69,700
Jurong West - Total,female,fe65-69,7280
Boon Lay Place,female,fe65-69,770
Chin Bee,female,fe65-69,-
Hong Kah,female,fe65-69,1990
Jurong West Central,female,fe65-69,1540
Kian Teck,female,fe65-69,-
Safti,female,fe65-69,-
Taman Jurong,female,fe65-69,960
Wenya,female,fe65-69,150
Yunnan,female,fe65-69,1860
Kallang - Total,female,fe65-69,3480
Bendemeer,female,fe65-69,1320
Boon Keng,female,fe65-69,440
Crawford,female,fe65-69,330
Geylang Bahru,female,fe65-69,420
Kallang Bahru,female,fe65-69,-
Kampong Bugis,female,fe65-69,40
Kampong Java,female,fe65-69,370
Lavender,female,fe65-69,280
Tanjong Rhu,female,fe65-69,300
Lim Chu Kang - Total,female,fe65-69,-
Lim Chu Kang,female,fe65-69,-
Mandai - Total,female,fe65-69,40
Mandai East,female,fe65-69,-
Mandai Estate,female,fe65-69,40
Mandai West,female,fe65-69,-
Marina East - Total,female,fe65-69,-
Marina East,female,fe65-69,-
Marina South - Total,female,fe65-69,-
Marina South,female,fe65-69,-
Marine Parade - Total,female,fe65-69,1400
East Coast,female,fe65-69,-
Katong,female,fe65-69,260
Marina East (Mp),female,fe65-69,-
Marine Parade,female,fe65-69,860
Mountbatten,female,fe65-69,280
Museum - Total,female,fe65-69,10
Bras Basah,female,fe65-69,-
Dhoby Ghaut,female,fe65-69,-
Fort Canning,female,fe65-69,-
Newton - Total,female,fe65-69,200
Cairnhill,female,fe65-69,90
Goodwood Park,female,fe65-69,20
Istana Negara,female,fe65-69,-
Monk's Hill,female,fe65-69,20
Newton Circus,female,fe65-69,10
Orange Grove,female,fe65-69,50
North-Eastern Islands - Total,female,fe65-69,-
North-Eastern Islands,female,fe65-69,-
Novena - Total,female,fe65-69,1420
Balestier,female,fe65-69,990
Dunearn,female,fe65-69,120
Malcolm,female,fe65-69,80
Moulmein,female,fe65-69,200
Mount Pleasant,female,fe65-69,20
Orchard - Total,female,fe65-69,30
Boulevard,female,fe65-69,20
Somerset,female,fe65-69,-
Tanglin,female,fe65-69,10
Outram - Total,female,fe65-69,630
China Square,female,fe65-69,80
Chinatown,female,fe65-69,300
Pearl's Hill,female,fe65-69,240
People's Park,female,fe65-69,10
Pasir Ris - Total,female,fe65-69,3220
Flora Drive,female,fe65-69,300
Loyang East,female,fe65-69,60
Loyang West,female,fe65-69,10
Pasir Ris Central,female,fe65-69,660
Pasir Ris Drive,female,fe65-69,1420
Pasir Ris Park,female,fe65-69,90
Pasir Ris Wafer Fab Park,female,fe65-69,-
Pasir Ris West,female,fe65-69,690
Paya Lebar - Total,female,fe65-69,-
Airport Road,female,fe65-69,-
Paya Lebar East,female,fe65-69,-
Paya Lebar North,female,fe65-69,-
Paya Lebar West,female,fe65-69,-
Plab,female,fe65-69,-
Pioneer - Total,female,fe65-69,-
Benoi Sector,female,fe65-69,-
Gul Basin,female,fe65-69,-
Gul Circle,female,fe65-69,-
Joo Koon,female,fe65-69,-
Pioneer Sector,female,fe65-69,-
Punggol - Total,female,fe65-69,2880
Coney Island,female,fe65-69,-
Matilda,female,fe65-69,850
Northshore,female,fe65-69,10
Punggol Canal,female,fe65-69,-
Punggol Field,female,fe65-69,990
Punggol Town Centre,female,fe65-69,270
Waterway East,female,fe65-69,760
Queenstown - Total,female,fe65-69,3120
Commonwealth,female,fe65-69,240
Dover,female,fe65-69,330
Ghim Moh,female,fe65-69,460
Holland Drive,female,fe65-69,510
Kent Ridge,female,fe65-69,-
Margaret Drive,female,fe65-69,430
Mei Chin,female,fe65-69,510
National University Of S'pore,female,fe65-69,-
One North,female,fe65-69,10
Pasir Panjang 1,female,fe65-69,120
Pasir Panjang 2,female,fe65-69,130
Port,female,fe65-69,10
Queensway,female,fe65-69,10
Singapore Polytechnic,female,fe65-69,-
Tanglin Halt,female,fe65-69,370
River Valley - Total,female,fe65-69,210
Institution Hill,female,fe65-69,70
Leonie Hill,female,fe65-69,60
One Tree Hill,female,fe65-69,50
Oxley,female,fe65-69,40
Paterson,female,fe65-69,-
Rochor - Total,female,fe65-69,480
Bencoolen,female,fe65-69,60
Farrer Park,female,fe65-69,100
Kampong Glam,female,fe65-69,-
Little India,female,fe65-69,130
Mackenzie,female,fe65-69,-
Mount Emily,female,fe65-69,20
Rochor Canal,female,fe65-69,-
Selegie,female,fe65-69,10
Sungei Road,female,fe65-69,80
Victoria,female,fe65-69,80
Seletar - Total,female,fe65-69,10
Pulau Punggol Barat,female,fe65-69,-
Pulau Punggol Timor,female,fe65-69,-
Seletar,female,fe65-69,10
Seletar Aerospace Park,female,fe65-69,-
Sembawang - Total,female,fe65-69,1870
Admiralty,female,fe65-69,300
Sembawang Central,female,fe65-69,620
Sembawang East,female,fe65-69,220
Sembawang North,female,fe65-69,560
Sembawang Springs,female,fe65-69,130
Sembawang Straits,female,fe65-69,40
Senoko North,female,fe65-69,-
Senoko South,female,fe65-69,-
The Wharves,female,fe65-69,-
Sengkang - Total,female,fe65-69,5120
Anchorvale,female,fe65-69,910
Compassvale,female,fe65-69,400
Fernvale,female,fe65-69,1040
Lorong Halus North,female,fe65-69,-
Rivervale,female,fe65-69,1480
Sengkang Town Centre,female,fe65-69,1300
Sengkang West,female,fe65-69,-
Serangoon - Total,female,fe65-69,4270
Lorong Chuan,female,fe65-69,210
Seletar Hills,female,fe65-69,460
Serangoon Central,female,fe65-69,1030
Serangoon Garden,female,fe65-69,1500
Serangoon North,female,fe65-69,500
Serangoon North Ind Estate,female,fe65-69,-
Upper Paya Lebar,female,fe65-69,560
Simpang - Total,female,fe65-69,-
Pulau Seletar,female,fe65-69,-
Simpang North,female,fe65-69,-
Simpang South,female,fe65-69,-
Tanjong Irau,female,fe65-69,-
Singapore River - Total,female,fe65-69,50
Boat Quay,female,fe65-69,10
Clarke Quay,female,fe65-69,-
Robertson Quay,female,fe65-69,50
Southern Islands - Total,female,fe65-69,30
Sentosa,female,fe65-69,30
Southern Group,female,fe65-69,-
Straits View - Total,female,fe65-69,-
Straits View,female,fe65-69,-
Sungei Kadut - Total,female,fe65-69,20
Gali Batu,female,fe65-69,-
Kranji,female,fe65-69,-
Pang Sua,female,fe65-69,-
Reservoir View,female,fe65-69,-
Turf Club,female,fe65-69,20
Tampines - Total,female,fe65-69,8120
Simei,female,fe65-69,1210
Tampines East,female,fe65-69,4300
Tampines North,female,fe65-69,120
Tampines West,female,fe65-69,2450
Xilin,female,fe65-69,50
Tanglin - Total,female,fe65-69,570
Chatsworth,female,fe65-69,170
Nassim,female,fe65-69,240
Ridout,female,fe65-69,50
Tyersall,female,fe65-69,120
Tengah - Total,female,fe65-69,-
Brickland,female,fe65-69,-
Forest Hill,female,fe65-69,-
Garden,female,fe65-69,-
Park,female,fe65-69,-
Plantation,female,fe65-69,-
Tengah Industrial Estate,female,fe65-69,-
Toa Payoh - Total,female,fe65-69,4070
Bidadari,female,fe65-69,-
Boon Teck,female,fe65-69,480
Braddell,female,fe65-69,340
Joo Seng,female,fe65-69,260
Kim Keat,female,fe65-69,300
Lorong 8 Toa Payoh,female,fe65-69,280
Pei Chun,female,fe65-69,330
Potong Pasir,female,fe65-69,510
Sennett,female,fe65-69,190
Toa Payoh Central,female,fe65-69,800
Toa Payoh West,female,fe65-69,530
Woodleigh,female,fe65-69,60
Tuas - Total,female,fe65-69,-
Tengeh,female,fe65-69,-
Tuas Bay,female,fe65-69,-
Tuas North,female,fe65-69,-
Tuas Promenade,female,fe65-69,-
Tuas View,female,fe65-69,-
Tuas View Extension,female,fe65-69,-
Western Islands - Total,female,fe65-69,-
Jurong Island And Bukom,female,fe65-69,-
Semakau,female,fe65-69,-
Sudong,female,fe65-69,-
Western Water Catchment - Total,female,fe65-69,-
Bahar,female,fe65-69,-
Cleantech,female,fe65-69,-
Murai,female,fe65-69,-
Woodlands - Total,female,fe65-69,5240
Greenwood Park,female,fe65-69,-
Midview,female,fe65-69,650
North Coast,female,fe65-69,400
Senoko West,female,fe65-69,-
Woodgrove,female,fe65-69,710
Woodlands East,female,fe65-69,1820
Woodlands Regional Centre,female,fe65-69,-
Woodlands South,female,fe65-69,740
Woodlands West,female,fe65-69,930
Yishun - Total,female,fe65-69,6070
Khatib,female,fe65-69,400
Lower Seletar,female,fe65-69,180
Nee Soon,female,fe65-69,20
Northland,female,fe65-69,880
Springleaf,female,fe65-69,150
Yishun Central,female,fe65-69,70
Yishun East,female,fe65-69,1280
Yishun South,female,fe65-69,1290
Yishun West,female,fe65-69,1810
Total,female,fe70-74,89190
Ang Mo Kio - Total,female,fe70-74,5350
Ang Mo Kio Town Centre,female,fe70-74,130
Cheng San,female,fe70-74,920
Chong Boon,female,fe70-74,990
Kebun Bahru,female,fe70-74,790
Sembawang Hills,female,fe70-74,200
Shangri-La,female,fe70-74,550
Tagore,female,fe70-74,180
Townsville,female,fe70-74,810
Yio Chu Kang,female,fe70-74,-
Yio Chu Kang East,female,fe70-74,90
Yio Chu Kang North,female,fe70-74,-
Yio Chu Kang West,female,fe70-74,710
Bedok - Total,female,fe70-74,7930
Bayshore,female,fe70-74,130
Bedok North,female,fe70-74,2620
Bedok Reservoir,female,fe70-74,520
Bedok South,female,fe70-74,1490
Frankel,female,fe70-74,810
Kaki Bukit,female,fe70-74,980
Kembangan,female,fe70-74,1130
Siglap,female,fe70-74,260
Bishan - Total,female,fe70-74,2340
Bishan East,female,fe70-74,860
Marymount,female,fe70-74,640
Upper Thomson,female,fe70-74,830
Boon Lay - Total,female,fe70-74,-
Liu Fang,female,fe70-74,-
Samulun,female,fe70-74,-
Shipyard,female,fe70-74,-
Tukang,female,fe70-74,-
Bukit Batok - Total,female,fe70-74,2930
Brickworks,female,fe70-74,150
Bukit Batok Central,female,fe70-74,600
Bukit Batok East,female,fe70-74,340
Bukit Batok South,female,fe70-74,210
Bukit Batok West,female,fe70-74,310
Gombak,female,fe70-74,210
Guilin,female,fe70-74,250
Hillview,female,fe70-74,320
Hong Kah North,female,fe70-74,540
Bukit Merah - Total,female,fe70-74,5080
Alexandra Hill,female,fe70-74,480
Alexandra North,female,fe70-74,20
Bukit Ho Swee,female,fe70-74,500
Bukit Merah,female,fe70-74,50
City Terminals,female,fe70-74,-
Depot Road,female,fe70-74,180
Everton Park,female,fe70-74,280
Henderson Hill,female,fe70-74,480
Kampong Tiong Bahru,female,fe70-74,380
Maritime Square,female,fe70-74,50
Redhill,female,fe70-74,240
Singapore General Hospital,female,fe70-74,-
Telok Blangah Drive,female,fe70-74,640
Telok Blangah Rise,female,fe70-74,550
Telok Blangah Way,female,fe70-74,340
Tiong Bahru,female,fe70-74,410
Tiong Bahru Station,female,fe70-74,470
Bukit Panjang - Total,female,fe70-74,2420
Bangkit,female,fe70-74,520
Dairy Farm,female,fe70-74,100
Fajar,female,fe70-74,440
Jelebu,female,fe70-74,610
Nature Reserve,female,fe70-74,70
Saujana,female,fe70-74,340
Senja,female,fe70-74,340
Bukit Timah - Total,female,fe70-74,1890
Anak Bukit,female,fe70-74,570
Coronation Road,female,fe70-74,150
Farrer Court,female,fe70-74,150
Hillcrest,female,fe70-74,210
Holland Road,female,fe70-74,210
Leedon Park,female,fe70-74,180
Swiss Club,female,fe70-74,100
Ulu Pandan,female,fe70-74,330
Central Water Catchment - Total,female,fe70-74,-
Central Water Catchment,female,fe70-74,-
Changi- Total,female,fe70-74,20
Changi Airport,female,fe70-74,-
Changi Point,female,fe70-74,10
Changi West,female,fe70-74,10
Changi Bay - Total,female,fe70-74,-
Changi Bay,female,fe70-74,-
Choa Chu Kang - Total,female,fe70-74,2740
Choa Chu Kang Central,female,fe70-74,350
Choa Chu Kang North,female,fe70-74,430
Keat Hong,female,fe70-74,360
Peng Siang,female,fe70-74,570
Teck Whye,female,fe70-74,530
Yew Tee,female,fe70-74,510
Clementi - Total,female,fe70-74,3060
Clementi Central,female,fe70-74,510
Clementi North,female,fe70-74,1090
Clementi West,female,fe70-74,520
Clementi Woods,female,fe70-74,530
Faber,female,fe70-74,80
Pandan,female,fe70-74,-
Sunset Way,female,fe70-74,180
Toh Tuck,female,fe70-74,-
West Coast,female,fe70-74,140
Downtown Core - Total,female,fe70-74,60
Anson,female,fe70-74,-
Bayfront Subzone,female,fe70-74,-
Bugis,female,fe70-74,30
Cecil,female,fe70-74,-
Central Subzone,female,fe70-74,10
City Hall,female,fe70-74,-
Clifford Pier,female,fe70-74,-
Marina Centre,female,fe70-74,-
Maxwell,female,fe70-74,-
Nicoll,female,fe70-74,10
Phillip,female,fe70-74,-
Raffles Place,female,fe70-74,-
Tanjong Pagar,female,fe70-74,10
Geylang - Total,female,fe70-74,3010
Aljunied,female,fe70-74,1100
Geylang East,female,fe70-74,930
Kallang Way,female,fe70-74,-
Kampong Ubi,female,fe70-74,260
Macpherson,female,fe70-74,720
Hougang - Total,female,fe70-74,5190
Defu Industrial Park,female,fe70-74,-
Hougang Central,female,fe70-74,110
Hougang East,female,fe70-74,490
Hougang West,female,fe70-74,1100
Kangkar,female,fe70-74,680
Kovan,female,fe70-74,560
Lorong Ah Soo,female,fe70-74,970
Lorong Halus,female,fe70-74,-
Tai Seng,female,fe70-74,340
Trafalgar,female,fe70-74,930
Jurong East - Total,female,fe70-74,2230
International Business Park,female,fe70-74,-
Jurong Gateway,female,fe70-74,-
Jurong Port,female,fe70-74,-
Jurong River,female,fe70-74,-
Lakeside (Business),female,fe70-74,-
Lakeside (Leisure),female,fe70-74,50
Penjuru Crescent,female,fe70-74,-
Teban Gardens,female,fe70-74,610
Toh Guan,female,fe70-74,270
Yuhua East,female,fe70-74,820
Yuhua West,female,fe70-74,490
Jurong West - Total,female,fe70-74,4740
Boon Lay Place,female,fe70-74,540
Chin Bee,female,fe70-74,-
Hong Kah,female,fe70-74,1410
Jurong West Central,female,fe70-74,900
Kian Teck,female,fe70-74,-
Safti,female,fe70-74,-
Taman Jurong,female,fe70-74,670
Wenya,female,fe70-74,120
Yunnan,female,fe70-74,1110
Kallang - Total,female,fe70-74,3000
Bendemeer,female,fe70-74,1060
Boon Keng,female,fe70-74,390
Crawford,female,fe70-74,330
Geylang Bahru,female,fe70-74,350
Kallang Bahru,female,fe70-74,-
Kampong Bugis,female,fe70-74,30
Kampong Java,female,fe70-74,380
Lavender,female,fe70-74,250
Tanjong Rhu,female,fe70-74,220
Lim Chu Kang - Total,female,fe70-74,-
Lim Chu Kang,female,fe70-74,-
Mandai - Total,female,fe70-74,40
Mandai East,female,fe70-74,-
Mandai Estate,female,fe70-74,40
Mandai West,female,fe70-74,-
Marina East - Total,female,fe70-74,-
Marina East,female,fe70-74,-
Marina South - Total,female,fe70-74,-
Marina South,female,fe70-74,-
Marine Parade - Total,female,fe70-74,1390
East Coast,female,fe70-74,-
Katong,female,fe70-74,230
Marina East (Mp),female,fe70-74,-
Marine Parade,female,fe70-74,900
Mountbatten,female,fe70-74,260
Museum - Total,female,fe70-74,10
Bras Basah,female,fe70-74,-
Dhoby Ghaut,female,fe70-74,10
Fort Canning,female,fe70-74,-
Newton - Total,female,fe70-74,180
Cairnhill,female,fe70-74,80
Goodwood Park,female,fe70-74,20
Istana Negara,female,fe70-74,-
Monk's Hill,female,fe70-74,20
Newton Circus,female,fe70-74,10
Orange Grove,female,fe70-74,50
North-Eastern Islands - Total,female,fe70-74,-
North-Eastern Islands,female,fe70-74,-
Novena - Total,female,fe70-74,1240
Balestier,female,fe70-74,920
Dunearn,female,fe70-74,100
Malcolm,female,fe70-74,70
Moulmein,female,fe70-74,140
Mount Pleasant,female,fe70-74,20
Orchard - Total,female,fe70-74,20
Boulevard,female,fe70-74,10
Somerset,female,fe70-74,-
Tanglin,female,fe70-74,10
Outram - Total,female,fe70-74,620
China Square,female,fe70-74,70
Chinatown,female,fe70-74,310
Pearl's Hill,female,fe70-74,220
People's Park,female,fe70-74,10
Pasir Ris - Total,female,fe70-74,2230
Flora Drive,female,fe70-74,240
Loyang East,female,fe70-74,40
Loyang West,female,fe70-74,10
Pasir Ris Central,female,fe70-74,440
Pasir Ris Drive,female,fe70-74,970
Pasir Ris Park,female,fe70-74,70
Pasir Ris Wafer Fab Park,female,fe70-74,-
Pasir Ris West,female,fe70-74,470
Paya Lebar - Total,female,fe70-74,-
Airport Road,female,fe70-74,-
Paya Lebar East,female,fe70-74,-
Paya Lebar North,female,fe70-74,-
Paya Lebar West,female,fe70-74,-
Plab,female,fe70-74,-
Pioneer - Total,female,fe70-74,-
Benoi Sector,female,fe70-74,-
Gul Basin,female,fe70-74,-
Gul Circle,female,fe70-74,-
Joo Koon,female,fe70-74,-
Pioneer Sector,female,fe70-74,-
Punggol - Total,female,fe70-74,2150
Coney Island,female,fe70-74,-
Matilda,female,fe70-74,620
Northshore,female,fe70-74,10
Punggol Canal,female,fe70-74,-
Punggol Field,female,fe70-74,750
Punggol Town Centre,female,fe70-74,210
Waterway East,female,fe70-74,570
Queenstown - Total,female,fe70-74,3140
Commonwealth,female,fe70-74,280
Dover,female,fe70-74,360
Ghim Moh,female,fe70-74,550
Holland Drive,female,fe70-74,540
Kent Ridge,female,fe70-74,-
Margaret Drive,female,fe70-74,390
Mei Chin,female,fe70-74,430
National University Of S'pore,female,fe70-74,-
One North,female,fe70-74,10
Pasir Panjang 1,female,fe70-74,90
Pasir Panjang 2,female,fe70-74,80
Port,female,fe70-74,10
Queensway,female,fe70-74,10
Singapore Polytechnic,female,fe70-74,-
Tanglin Halt,female,fe70-74,410
River Valley - Total,female,fe70-74,200
Institution Hill,female,fe70-74,60
Leonie Hill,female,fe70-74,50
One Tree Hill,female,fe70-74,50
Oxley,female,fe70-74,40
Paterson,female,fe70-74,-
Rochor - Total,female,fe70-74,440
Bencoolen,female,fe70-74,40
Farrer Park,female,fe70-74,80
Kampong Glam,female,fe70-74,-
Little India,female,fe70-74,120
Mackenzie,female,fe70-74,-
Mount Emily,female,fe70-74,20
Rochor Canal,female,fe70-74,-
Selegie,female,fe70-74,10
Sungei Road,female,fe70-74,90
Victoria,female,fe70-74,90
Seletar - Total,female,fe70-74,10
Pulau Punggol Barat,female,fe70-74,-
Pulau Punggol Timor,female,fe70-74,-
Seletar,female,fe70-74,10
Seletar Aerospace Park,female,fe70-74,-
Sembawang - Total,female,fe70-74,1240
Admiralty,female,fe70-74,210
Sembawang Central,female,fe70-74,410
Sembawang East,female,fe70-74,130
Sembawang North,female,fe70-74,340
Sembawang Springs,female,fe70-74,100
Sembawang Straits,female,fe70-74,40
Senoko North,female,fe70-74,-
Senoko South,female,fe70-74,-
The Wharves,female,fe70-74,-
Sengkang - Total,female,fe70-74,3590
Anchorvale,female,fe70-74,630
Compassvale,female,fe70-74,310
Fernvale,female,fe70-74,770
Lorong Halus North,female,fe70-74,-
Rivervale,female,fe70-74,1000
Sengkang Town Centre,female,fe70-74,890
Sengkang West,female,fe70-74,-
Serangoon - Total,female,fe70-74,3250
Lorong Chuan,female,fe70-74,170
Seletar Hills,female,fe70-74,370
Serangoon Central,female,fe70-74,760
Serangoon Garden,female,fe70-74,1190
Serangoon North,female,fe70-74,290
Serangoon North Ind Estate,female,fe70-74,-
Upper Paya Lebar,female,fe70-74,460
Simpang - Total,female,fe70-74,-
Pulau Seletar,female,fe70-74,-
Simpang North,female,fe70-74,-
Simpang South,female,fe70-74,-
Tanjong Irau,female,fe70-74,-
Singapore River - Total,female,fe70-74,50
Boat Quay,female,fe70-74,-
Clarke Quay,female,fe70-74,-
Robertson Quay,female,fe70-74,40
Southern Islands - Total,female,fe70-74,20
Sentosa,female,fe70-74,20
Southern Group,female,fe70-74,-
Straits View - Total,female,fe70-74,-
Straits View,female,fe70-74,-
Sungei Kadut - Total,female,fe70-74,20
Gali Batu,female,fe70-74,-
Kranji,female,fe70-74,-
Pang Sua,female,fe70-74,-
Reservoir View,female,fe70-74,-
Turf Club,female,fe70-74,20
Tampines - Total,female,fe70-74,5380
Simei,female,fe70-74,830
Tampines East,female,fe70-74,2860
Tampines North,female,fe70-74,110
Tampines West,female,fe70-74,1550
Xilin,female,fe70-74,30
Tanglin - Total,female,fe70-74,480
Chatsworth,female,fe70-74,150
Nassim,female,fe70-74,200
Ridout,female,fe70-74,40
Tyersall,female,fe70-74,90
Tengah - Total,female,fe70-74,-
Brickland,female,fe70-74,-
Forest Hill,female,fe70-74,-
Garden,female,fe70-74,-
Park,female,fe70-74,-
Plantation,female,fe70-74,-
Tengah Industrial Estate,female,fe70-74,-
Toa Payoh - Total,female,fe70-74,3780
Bidadari,female,fe70-74,-
Boon Teck,female,fe70-74,460
Braddell,female,fe70-74,280
Joo Seng,female,fe70-74,220
Kim Keat,female,fe70-74,290
Lorong 8 Toa Payoh,female,fe70-74,250
Pei Chun,female,fe70-74,350
Potong Pasir,female,fe70-74,440
Sennett,female,fe70-74,160
Toa Payoh Central,female,fe70-74,760
Toa Payoh West,female,fe70-74,520
Woodleigh,female,fe70-74,50
Tuas - Total,female,fe70-74,-
Tengeh,female,fe70-74,-
Tuas Bay,female,fe70-74,-
Tuas North,female,fe70-74,-
Tuas Promenade,female,fe70-74,-
Tuas View,female,fe70-74,-
Tuas View Extension,female,fe70-74,-
Western Islands - Total,female,fe70-74,-
Jurong Island And Bukom,female,fe70-74,-
Semakau,female,fe70-74,-
Sudong,female,fe70-74,-
Western Water Catchment - Total,female,fe70-74,-
Bahar,female,fe70-74,-
Cleantech,female,fe70-74,-
Murai,female,fe70-74,-
Woodlands - Total,female,fe70-74,3610
Greenwood Park,female,fe70-74,-
Midview,female,fe70-74,440
North Coast,female,fe70-74,350
Senoko West,female,fe70-74,-
Woodgrove,female,fe70-74,480
Woodlands East,female,fe70-74,1150
Woodlands Regional Centre,female,fe70-74,-
Woodlands South,female,fe70-74,520
Woodlands West,female,fe70-74,670
Yishun - Total,female,fe70-74,4150
Khatib,female,fe70-74,250
Lower Seletar,female,fe70-74,150
Nee Soon,female,fe70-74,20
Northland,female,fe70-74,580
Springleaf,female,fe70-74,120
Yishun Central,female,fe70-74,40
Yishun East,female,fe70-74,910
Yishun South,female,fe70-74,890
Yishun West,female,fe70-74,1210
Total,female,fe75-79,50220
Ang Mo Kio - Total,female,fe75-79,3200
Ang Mo Kio Town Centre,female,fe75-79,80
Cheng San,female,fe75-79,540
Chong Boon,female,fe75-79,610
Kebun Bahru,female,fe75-79,470
Sembawang Hills,female,fe75-79,130
Shangri-La,female,fe75-79,370
Tagore,female,fe75-79,110
Townsville,female,fe75-79,510
Yio Chu Kang,female,fe75-79,-
Yio Chu Kang East,female,fe75-79,40
Yio Chu Kang North,female,fe75-79,-
Yio Chu Kang West,female,fe75-79,340
Bedok - Total,female,fe75-79,4370
Bayshore,female,fe75-79,70
Bedok North,female,fe75-79,1390
Bedok Reservoir,female,fe75-79,250
Bedok South,female,fe75-79,910
Frankel,female,fe75-79,460
Kaki Bukit,female,fe75-79,450
Kembangan,female,fe75-79,670
Siglap,female,fe75-79,160
Bishan - Total,female,fe75-79,1350
Bishan East,female,fe75-79,450
Marymount,female,fe75-79,350
Upper Thomson,female,fe75-79,550
Boon Lay - Total,female,fe75-79,-
Liu Fang,female,fe75-79,-
Samulun,female,fe75-79,-
Shipyard,female,fe75-79,-
Tukang,female,fe75-79,-
Bukit Batok - Total,female,fe75-79,1550
Brickworks,female,fe75-79,80
Bukit Batok Central,female,fe75-79,320
Bukit Batok East,female,fe75-79,160
Bukit Batok South,female,fe75-79,90
Bukit Batok West,female,fe75-79,170
Gombak,female,fe75-79,130
Guilin,female,fe75-79,140
Hillview,female,fe75-79,160
Hong Kah North,female,fe75-79,290
Bukit Merah - Total,female,fe75-79,3220
Alexandra Hill,female,fe75-79,320
Alexandra North,female,fe75-79,10
Bukit Ho Swee,female,fe75-79,350
Bukit Merah,female,fe75-79,20
City Terminals,female,fe75-79,-
Depot Road,female,fe75-79,110
Everton Park,female,fe75-79,180
Henderson Hill,female,fe75-79,310
Kampong Tiong Bahru,female,fe75-79,240
Maritime Square,female,fe75-79,30
Redhill,female,fe75-79,160
Singapore General Hospital,female,fe75-79,-
Telok Blangah Drive,female,fe75-79,390
Telok Blangah Rise,female,fe75-79,330
Telok Blangah Way,female,fe75-79,230
Tiong Bahru,female,fe75-79,260
Tiong Bahru Station,female,fe75-79,290
Bukit Panjang - Total,female,fe75-79,1310
Bangkit,female,fe75-79,330
Dairy Farm,female,fe75-79,50
Fajar,female,fe75-79,250
Jelebu,female,fe75-79,330
Nature Reserve,female,fe75-79,30
Saujana,female,fe75-79,150
Senja,female,fe75-79,160
Bukit Timah - Total,female,fe75-79,1140
Anak Bukit,female,fe75-79,340
Coronation Road,female,fe75-79,120
Farrer Court,female,fe75-79,80
Hillcrest,female,fe75-79,130
Holland Road,female,fe75-79,150
Leedon Park,female,fe75-79,90
Swiss Club,female,fe75-79,80
Ulu Pandan,female,fe75-79,150
Central Water Catchment - Total,female,fe75-79,-
Central Water Catchment,female,fe75-79,-
Changi- Total,female,fe75-79,10
Changi Airport,female,fe75-79,-
Changi Point,female,fe75-79,10
Changi West,female,fe75-79,10
Changi Bay - Total,female,fe75-79,-
Changi Bay,female,fe75-79,-
Choa Chu Kang - Total,female,fe75-79,1480
Choa Chu Kang Central,female,fe75-79,180
Choa Chu Kang North,female,fe75-79,260
Keat Hong,female,fe75-79,180
Peng Siang,female,fe75-79,220
Teck Whye,female,fe75-79,330
Yew Tee,female,fe75-79,300
Clementi - Total,female,fe75-79,1610
Clementi Central,female,fe75-79,270
Clementi North,female,fe75-79,570
Clementi West,female,fe75-79,250
Clementi Woods,female,fe75-79,290
Faber,female,fe75-79,60
Pandan,female,fe75-79,-
Sunset Way,female,fe75-79,110
Toh Tuck,female,fe75-79,-
West Coast,female,fe75-79,70
Downtown Core - Total,female,fe75-79,30
Anson,female,fe75-79,-
Bayfront Subzone,female,fe75-79,-
Bugis,female,fe75-79,20
Cecil,female,fe75-79,-
Central Subzone,female,fe75-79,-
City Hall,female,fe75-79,-
Clifford Pier,female,fe75-79,-
Marina Centre,female,fe75-79,-
Maxwell,female,fe75-79,-
Nicoll,female,fe75-79,-
Phillip,female,fe75-79,-
Raffles Place,female,fe75-79,-
Tanjong Pagar,female,fe75-79,-
Geylang - Total,female,fe75-79,1780
Aljunied,female,fe75-79,610
Geylang East,female,fe75-79,490
Kallang Way,female,fe75-79,-
Kampong Ubi,female,fe75-79,140
Macpherson,female,fe75-79,540
Hougang - Total,female,fe75-79,2880
Defu Industrial Park,female,fe75-79,-
Hougang Central,female,fe75-79,60
Hougang East,female,fe75-79,250
Hougang West,female,fe75-79,620
Kangkar,female,fe75-79,420
Kovan,female,fe75-79,320
Lorong Ah Soo,female,fe75-79,550
Lorong Halus,female,fe75-79,-
Tai Seng,female,fe75-79,220
Trafalgar,female,fe75-79,460
Jurong East - Total,female,fe75-79,1060
International Business Park,female,fe75-79,-
Jurong Gateway,female,fe75-79,-
Jurong Port,female,fe75-79,-
Jurong River,female,fe75-79,-
Lakeside (Business),female,fe75-79,-
Lakeside (Leisure),female,fe75-79,40
Penjuru Crescent,female,fe75-79,-
Teban Gardens,female,fe75-79,260
Toh Guan,female,fe75-79,120
Yuhua East,female,fe75-79,390
Yuhua West,female,fe75-79,250
Jurong West - Total,female,fe75-79,2440
Boon Lay Place,female,fe75-79,310
Chin Bee,female,fe75-79,-
Hong Kah,female,fe75-79,700
Jurong West Central,female,fe75-79,400
Kian Teck,female,fe75-79,-
Safti,female,fe75-79,-
Taman Jurong,female,fe75-79,380
Wenya,female,fe75-79,70
Yunnan,female,fe75-79,570
Kallang - Total,female,fe75-79,1840
Bendemeer,female,fe75-79,670
Boon Keng,female,fe75-79,230
Crawford,female,fe75-79,210
Geylang Bahru,female,fe75-79,250
Kallang Bahru,female,fe75-79,-
Kampong Bugis,female,fe75-79,10
Kampong Java,female,fe75-79,190
Lavender,female,fe75-79,140
Tanjong Rhu,female,fe75-79,140
Lim Chu Kang - Total,female,fe75-79,-
Lim Chu Kang,female,fe75-79,-
Mandai - Total,female,fe75-79,30
Mandai East,female,fe75-79,-
Mandai Estate,female,fe75-79,30
Mandai West,female,fe75-79,-
Marina East - Total,female,fe75-79,-
Marina East,female,fe75-79,-
Marina South - Total,female,fe75-79,-
Marina South,female,fe75-79,-
Marine Parade - Total,female,fe75-79,870
East Coast,female,fe75-79,-
Katong,female,fe75-79,140
Marina East (Mp),female,fe75-79,-
Marine Parade,female,fe75-79,610
Mountbatten,female,fe75-79,130
Museum - Total,female,fe75-79,10
Bras Basah,female,fe75-79,-
Dhoby Ghaut,female,fe75-79,-
Fort Canning,female,fe75-79,-
Newton - Total,female,fe75-79,80
Cairnhill,female,fe75-79,40
Goodwood Park,female,fe75-79,10
Istana Negara,female,fe75-79,-
Monk's Hill,female,fe75-79,10
Newton Circus,female,fe75-79,-
Orange Grove,female,fe75-79,20
North-Eastern Islands - Total,female,fe75-79,-
North-Eastern Islands,female,fe75-79,-
Novena - Total,female,fe75-79,770
Balestier,female,fe75-79,560
Dunearn,female,fe75-79,70
Malcolm,female,fe75-79,50
Moulmein,female,fe75-79,90
Mount Pleasant,female,fe75-79,10
Orchard - Total,female,fe75-79,10
Boulevard,female,fe75-79,-
Somerset,female,fe75-79,-
Tanglin,female,fe75-79,-
Outram - Total,female,fe75-79,380
China Square,female,fe75-79,40
Chinatown,female,fe75-79,170
Pearl's Hill,female,fe75-79,160
People's Park,female,fe75-79,10
Pasir Ris - Total,female,fe75-79,1270
Flora Drive,female,fe75-79,150
Loyang East,female,fe75-79,30
Loyang West,female,fe75-79,20
Pasir Ris Central,female,fe75-79,250
Pasir Ris Drive,female,fe75-79,520
Pasir Ris Park,female,fe75-79,30
Pasir Ris Wafer Fab Park,female,fe75-79,-
Pasir Ris West,female,fe75-79,290
Paya Lebar - Total,female,fe75-79,-
Airport Road,female,fe75-79,-
Paya Lebar East,female,fe75-79,-
Paya Lebar North,female,fe75-79,-
Paya Lebar West,female,fe75-79,-
Plab,female,fe75-79,-
Pioneer - Total,female,fe75-79,-
Benoi Sector,female,fe75-79,-
Gul Basin,female,fe75-79,-
Gul Circle,female,fe75-79,-
Joo Koon,female,fe75-79,-
Pioneer Sector,female,fe75-79,-
Punggol - Total,female,fe75-79,1050
Coney Island,female,fe75-79,-
Matilda,female,fe75-79,300
Northshore,female,fe75-79,-
Punggol Canal,female,fe75-79,-
Punggol Field,female,fe75-79,390
Punggol Town Centre,female,fe75-79,90
Waterway East,female,fe75-79,270
Queenstown - Total,female,fe75-79,2090
Commonwealth,female,fe75-79,220
Dover,female,fe75-79,210
Ghim Moh,female,fe75-79,350
Holland Drive,female,fe75-79,420
Kent Ridge,female,fe75-79,-
Margaret Drive,female,fe75-79,210
Mei Chin,female,fe75-79,320
National University Of S'pore,female,fe75-79,-
One North,female,fe75-79,-
Pasir Panjang 1,female,fe75-79,40
Pasir Panjang 2,female,fe75-79,30
Port,female,fe75-79,-
Queensway,female,fe75-79,10
Singapore Polytechnic,female,fe75-79,-
Tanglin Halt,female,fe75-79,290
River Valley - Total,female,fe75-79,120
Institution Hill,female,fe75-79,20
Leonie Hill,female,fe75-79,30
One Tree Hill,female,fe75-79,40
Oxley,female,fe75-79,30
Paterson,female,fe75-79,-
Rochor - Total,female,fe75-79,260
Bencoolen,female,fe75-79,30
Farrer Park,female,fe75-79,50
Kampong Glam,female,fe75-79,-
Little India,female,fe75-79,80
Mackenzie,female,fe75-79,-
Mount Emily,female,fe75-79,10
Rochor Canal,female,fe75-79,-
Selegie,female,fe75-79,-
Sungei Road,female,fe75-79,60
Victoria,female,fe75-79,40
Seletar - Total,female,fe75-79,-
Pulau Punggol Barat,female,fe75-79,-
Pulau Punggol Timor,female,fe75-79,-
Seletar,female,fe75-79,-
Seletar Aerospace Park,female,fe75-79,-
Sembawang - Total,female,fe75-79,770
Admiralty,female,fe75-79,130
Sembawang Central,female,fe75-79,270
Sembawang East,female,fe75-79,90
Sembawang North,female,fe75-79,190
Sembawang Springs,female,fe75-79,70
Sembawang Straits,female,fe75-79,20
Senoko North,female,fe75-79,-
Senoko South,female,fe75-79,-
The Wharves,female,fe75-79,-
Sengkang - Total,female,fe75-79,1870
Anchorvale,female,fe75-79,340
Compassvale,female,fe75-79,150
Fernvale,female,fe75-79,420
Lorong Halus North,female,fe75-79,-
Rivervale,female,fe75-79,470
Sengkang Town Centre,female,fe75-79,490
Sengkang West,female,fe75-79,-
Serangoon - Total,female,fe75-79,1800
Lorong Chuan,female,fe75-79,90
Seletar Hills,female,fe75-79,220
Serangoon Central,female,fe75-79,410
Serangoon Garden,female,fe75-79,660
Serangoon North,female,fe75-79,190
Serangoon North Ind Estate,female,fe75-79,-
Upper Paya Lebar,female,fe75-79,240
Simpang - Total,female,fe75-79,-
Pulau Seletar,female,fe75-79,-
Simpang North,female,fe75-79,-
Simpang South,female,fe75-79,-
Tanjong Irau,female,fe75-79,-
Singapore River - Total,female,fe75-79,20
Boat Quay,female,fe75-79,-
Clarke Quay,female,fe75-79,-
Robertson Quay,female,fe75-79,20
Southern Islands - Total,female,fe75-79,10
Sentosa,female,fe75-79,10
Southern Group,female,fe75-79,-
Straits View - Total,female,fe75-79,-
Straits View,female,fe75-79,-
Sungei Kadut - Total,female,fe75-79,10
Gali Batu,female,fe75-79,-
Kranji,female,fe75-79,-
Pang Sua,female,fe75-79,-
Reservoir View,female,fe75-79,-
Turf Club,female,fe75-79,10
Tampines - Total,female,fe75-79,2660
Simei,female,fe75-79,400
Tampines East,female,fe75-79,1430
Tampines North,female,fe75-79,30
Tampines West,female,fe75-79,780
Xilin,female,fe75-79,10
Tanglin - Total,female,fe75-79,260
Chatsworth,female,fe75-79,90
Nassim,female,fe75-79,100
Ridout,female,fe75-79,20
Tyersall,female,fe75-79,50
Tengah - Total,female,fe75-79,-
Brickland,female,fe75-79,-
Forest Hill,female,fe75-79,-
Garden,female,fe75-79,-
Park,female,fe75-79,-
Plantation,female,fe75-79,-
Tengah Industrial Estate,female,fe75-79,-
Toa Payoh - Total,female,fe75-79,2540
Bidadari,female,fe75-79,-
Boon Teck,female,fe75-79,360
Braddell,female,fe75-79,200
Joo Seng,female,fe75-79,120
Kim Keat,female,fe75-79,180
Lorong 8 Toa Payoh,female,fe75-79,190
Pei Chun,female,fe75-79,260
Potong Pasir,female,fe75-79,210
Sennett,female,fe75-79,100
Toa Payoh Central,female,fe75-79,530
Toa Payoh West,female,fe75-79,370
Woodleigh,female,fe75-79,20
Tuas - Total,female,fe75-79,-
Tengeh,female,fe75-79,-
Tuas Bay,female,fe75-79,-
Tuas North,female,fe75-79,-
Tuas Promenade,female,fe75-79,-
Tuas View,female,fe75-79,-
Tuas View Extension,female,fe75-79,-
Western Islands - Total,female,fe75-79,-
Jurong Island And Bukom,female,fe75-79,-
Semakau,female,fe75-79,-
Sudong,female,fe75-79,-
Western Water Catchment - Total,female,fe75-79,-
Bahar,female,fe75-79,-
Cleantech,female,fe75-79,-
Murai,female,fe75-79,-
Woodlands - Total,female,fe75-79,1920
Greenwood Park,female,fe75-79,-
Midview,female,fe75-79,260
North Coast,female,fe75-79,180
Senoko West,female,fe75-79,-
Woodgrove,female,fe75-79,280
Woodlands East,female,fe75-79,560
Woodlands Regional Centre,female,fe75-79,-
Woodlands South,female,fe75-79,260
Woodlands West,female,fe75-79,380
Yishun - Total,female,fe75-79,2170
Khatib,female,fe75-79,140
Lower Seletar,female,fe75-79,60
Nee Soon,female,fe75-79,20
Northland,female,fe75-79,330
Springleaf,female,fe75-79,60
Yishun Central,female,fe75-79,30
Yishun East,female,fe75-79,380
Yishun South,female,fe75-79,460
Yishun West,female,fe75-79,700
Total,female,fe80-84,38630
Ang Mo Kio - Total,female,fe80-84,2350
Ang Mo Kio Town Centre,female,fe80-84,60
Cheng San,female,fe80-84,360
Chong Boon,female,fe80-84,440
Kebun Bahru,female,fe80-84,350
Sembawang Hills,female,fe80-84,80
Shangri-La,female,fe80-84,250
Tagore,female,fe80-84,100
Townsville,female,fe80-84,400
Yio Chu Kang,female,fe80-84,-
Yio Chu Kang East,female,fe80-84,40
Yio Chu Kang North,female,fe80-84,-
Yio Chu Kang West,female,fe80-84,290
Bedok - Total,female,fe80-84,3360
Bayshore,female,fe80-84,50
Bedok North,female,fe80-84,1010
Bedok Reservoir,female,fe80-84,180
Bedok South,female,fe80-84,710
Frankel,female,fe80-84,450
Kaki Bukit,female,fe80-84,340
Kembangan,female,fe80-84,500
Siglap,female,fe80-84,130
Bishan - Total,female,fe80-84,1020
Bishan East,female,fe80-84,340
Marymount,female,fe80-84,270
Upper Thomson,female,fe80-84,410
Boon Lay - Total,female,fe80-84,-
Liu Fang,female,fe80-84,-
Samulun,female,fe80-84,-
Shipyard,female,fe80-84,-
Tukang,female,fe80-84,-
Bukit Batok - Total,female,fe80-84,1090
Brickworks,female,fe80-84,50
Bukit Batok Central,female,fe80-84,220
Bukit Batok East,female,fe80-84,110
Bukit Batok South,female,fe80-84,80
Bukit Batok West,female,fe80-84,110
Gombak,female,fe80-84,100
Guilin,female,fe80-84,120
Hillview,female,fe80-84,120
Hong Kah North,female,fe80-84,190
Bukit Merah - Total,female,fe80-84,2580
Alexandra Hill,female,fe80-84,220
Alexandra North,female,fe80-84,10
Bukit Ho Swee,female,fe80-84,300
Bukit Merah,female,fe80-84,20
City Terminals,female,fe80-84,-
Depot Road,female,fe80-84,70
Everton Park,female,fe80-84,150
Henderson Hill,female,fe80-84,290
Kampong Tiong Bahru,female,fe80-84,190
Maritime Square,female,fe80-84,40
Redhill,female,fe80-84,140
Singapore General Hospital,female,fe80-84,-
Telok Blangah Drive,female,fe80-84,290
Telok Blangah Rise,female,fe80-84,190
Telok Blangah Way,female,fe80-84,190
Tiong Bahru,female,fe80-84,210
Tiong Bahru Station,female,fe80-84,260
Bukit Panjang - Total,female,fe80-84,980
Bangkit,female,fe80-84,220
Dairy Farm,female,fe80-84,40
Fajar,female,fe80-84,180
Jelebu,female,fe80-84,260
Nature Reserve,female,fe80-84,40
Saujana,female,fe80-84,120
Senja,female,fe80-84,120
Bukit Timah - Total,female,fe80-84,900
Anak Bukit,female,fe80-84,280
Coronation Road,female,fe80-84,80
Farrer Court,female,fe80-84,70
Hillcrest,female,fe80-84,110
Holland Road,female,fe80-84,110
Leedon Park,female,fe80-84,70
Swiss Club,female,fe80-84,70
Ulu Pandan,female,fe80-84,130
Central Water Catchment - Total,female,fe80-84,-
Central Water Catchment,female,fe80-84,-
Changi- Total,female,fe80-84,10
Changi Airport,female,fe80-84,-
Changi Point,female,fe80-84,10
Changi West,female,fe80-84,-
Changi Bay - Total,female,fe80-84,-
Changi Bay,female,fe80-84,-
Choa Chu Kang - Total,female,fe80-84,1070
Choa Chu Kang Central,female,fe80-84,120
Choa Chu Kang North,female,fe80-84,200
Keat Hong,female,fe80-84,140
Peng Siang,female,fe80-84,170
Teck Whye,female,fe80-84,230
Yew Tee,female,fe80-84,200
Clementi - Total,female,fe80-84,1180
Clementi Central,female,fe80-84,190
Clementi North,female,fe80-84,460
Clementi West,female,fe80-84,170
Clementi Woods,female,fe80-84,210
Faber,female,fe80-84,30
Pandan,female,fe80-84,-
Sunset Way,female,fe80-84,80
Toh Tuck,female,fe80-84,-
West Coast,female,fe80-84,40
Downtown Core - Total,female,fe80-84,20
Anson,female,fe80-84,-
Bayfront Subzone,female,fe80-84,-
Bugis,female,fe80-84,20
Cecil,female,fe80-84,-
Central Subzone,female,fe80-84,-
City Hall,female,fe80-84,-
Clifford Pier,female,fe80-84,-
Marina Centre,female,fe80-84,-
Maxwell,female,fe80-84,-
Nicoll,female,fe80-84,-
Phillip,female,fe80-84,-
Raffles Place,female,fe80-84,-
Tanjong Pagar,female,fe80-84,-
Geylang - Total,female,fe80-84,1510
Aljunied,female,fe80-84,570
Geylang East,female,fe80-84,390
Kallang Way,female,fe80-84,-
Kampong Ubi,female,fe80-84,70
Macpherson,female,fe80-84,480
Hougang - Total,female,fe80-84,2200
Defu Industrial Park,female,fe80-84,-
Hougang Central,female,fe80-84,50
Hougang East,female,fe80-84,160
Hougang West,female,fe80-84,420
Kangkar,female,fe80-84,310
Kovan,female,fe80-84,270
Lorong Ah Soo,female,fe80-84,440
Lorong Halus,female,fe80-84,-
Tai Seng,female,fe80-84,200
Trafalgar,female,fe80-84,340
Jurong East - Total,female,fe80-84,800
International Business Park,female,fe80-84,-
Jurong Gateway,female,fe80-84,-
Jurong Port,female,fe80-84,-
Jurong River,female,fe80-84,-
Lakeside (Business),female,fe80-84,-
Lakeside (Leisure),female,fe80-84,30
Penjuru Crescent,female,fe80-84,-
Teban Gardens,female,fe80-84,180
Toh Guan,female,fe80-84,100
Yuhua East,female,fe80-84,280
Yuhua West,female,fe80-84,210
Jurong West - Total,female,fe80-84,1560
Boon Lay Place,female,fe80-84,210
Chin Bee,female,fe80-84,-
Hong Kah,female,fe80-84,420
Jurong West Central,female,fe80-84,290
Kian Teck,female,fe80-84,-
Safti,female,fe80-84,-
Taman Jurong,female,fe80-84,240
Wenya,female,fe80-84,50
Yunnan,female,fe80-84,350
Kallang - Total,female,fe80-84,1560
Bendemeer,female,fe80-84,520
Boon Keng,female,fe80-84,230
Crawford,female,fe80-84,180
Geylang Bahru,female,fe80-84,220
Kallang Bahru,female,fe80-84,-
Kampong Bugis,female,fe80-84,10
Kampong Java,female,fe80-84,180
Lavender,female,fe80-84,130
Tanjong Rhu,female,fe80-84,100
Lim Chu Kang - Total,female,fe80-84,-
Lim Chu Kang,female,fe80-84,-
Mandai - Total,female,fe80-84,20
Mandai East,female,fe80-84,-
Mandai Estate,female,fe80-84,20
Mandai West,female,fe80-84,-
Marina East - Total,female,fe80-84,-
Marina East,female,fe80-84,-
Marina South - Total,female,fe80-84,-
Marina South,female,fe80-84,-
Marine Parade - Total,female,fe80-84,790
East Coast,female,fe80-84,-
Katong,female,fe80-84,120
Marina East (Mp),female,fe80-84,-
Marine Parade,female,fe80-84,570
Mountbatten,female,fe80-84,100
Museum - Total,female,fe80-84,-
Bras Basah,female,fe80-84,-
Dhoby Ghaut,female,fe80-84,-
Fort Canning,female,fe80-84,-
Newton - Total,female,fe80-84,70
Cairnhill,female,fe80-84,30
Goodwood Park,female,fe80-84,10
Istana Negara,female,fe80-84,-
Monk's Hill,female,fe80-84,10
Newton Circus,female,fe80-84,-
Orange Grove,female,fe80-84,20
North-Eastern Islands - Total,female,fe80-84,-
North-Eastern Islands,female,fe80-84,-
Novena - Total,female,fe80-84,670
Balestier,female,fe80-84,510
Dunearn,female,fe80-84,50
Malcolm,female,fe80-84,40
Moulmein,female,fe80-84,70
Mount Pleasant,female,fe80-84,10
Orchard - Total,female,fe80-84,10
Boulevard,female,fe80-84,10
Somerset,female,fe80-84,-
Tanglin,female,fe80-84,-
Outram - Total,female,fe80-84,370
China Square,female,fe80-84,40
Chinatown,female,fe80-84,170
Pearl's Hill,female,fe80-84,160
People's Park,female,fe80-84,10
Pasir Ris - Total,female,fe80-84,1000
Flora Drive,female,fe80-84,120
Loyang East,female,fe80-84,10
Loyang West,female,fe80-84,30
Pasir Ris Central,female,fe80-84,190
Pasir Ris Drive,female,fe80-84,420
Pasir Ris Park,female,fe80-84,20
Pasir Ris Wafer Fab Park,female,fe80-84,-
Pasir Ris West,female,fe80-84,210
Paya Lebar - Total,female,fe80-84,-
Airport Road,female,fe80-84,-
Paya Lebar East,female,fe80-84,-
Paya Lebar North,female,fe80-84,-
Paya Lebar West,female,fe80-84,-
Plab,female,fe80-84,-
Pioneer - Total,female,fe80-84,-
Benoi Sector,female,fe80-84,-
Gul Basin,female,fe80-84,-
Gul Circle,female,fe80-84,-
Joo Koon,female,fe80-84,-
Pioneer Sector,female,fe80-84,-
Punggol - Total,female,fe80-84,680
Coney Island,female,fe80-84,-
Matilda,female,fe80-84,180
Northshore,female,fe80-84,-
Punggol Canal,female,fe80-84,-
Punggol Field,female,fe80-84,270
Punggol Town Centre,female,fe80-84,80
Waterway East,female,fe80-84,160
Queenstown - Total,female,fe80-84,1800
Commonwealth,female,fe80-84,200
Dover,female,fe80-84,170
Ghim Moh,female,fe80-84,280
Holland Drive,female,fe80-84,350
Kent Ridge,female,fe80-84,-
Margaret Drive,female,fe80-84,200
Mei Chin,female,fe80-84,290
National University Of S'pore,female,fe80-84,-
One North,female,fe80-84,-
Pasir Panjang 1,female,fe80-84,30
Pasir Panjang 2,female,fe80-84,30
Port,female,fe80-84,-
Queensway,female,fe80-84,-
Singapore Polytechnic,female,fe80-84,-
Tanglin Halt,female,fe80-84,260
River Valley - Total,female,fe80-84,90
Institution Hill,female,fe80-84,20
Leonie Hill,female,fe80-84,20
One Tree Hill,female,fe80-84,30
Oxley,female,fe80-84,20
Paterson,female,fe80-84,-
Rochor - Total,female,fe80-84,210
Bencoolen,female,fe80-84,20
Farrer Park,female,fe80-84,30
Kampong Glam,female,fe80-84,-
Little India,female,fe80-84,60
Mackenzie,female,fe80-84,-
Mount Emily,female,fe80-84,10
Rochor Canal,female,fe80-84,-
Selegie,female,fe80-84,-
Sungei Road,female,fe80-84,40
Victoria,female,fe80-84,50
Seletar - Total,female,fe80-84,-
Pulau Punggol Barat,female,fe80-84,-
Pulau Punggol Timor,female,fe80-84,-
Seletar,female,fe80-84,-
Seletar Aerospace Park,female,fe80-84,-
Sembawang - Total,female,fe80-84,520
Admiralty,female,fe80-84,90
Sembawang Central,female,fe80-84,180
Sembawang East,female,fe80-84,50
Sembawang North,female,fe80-84,130
Sembawang Springs,female,fe80-84,70
Sembawang Straits,female,fe80-84,10
Senoko North,female,fe80-84,-
Senoko South,female,fe80-84,-
The Wharves,female,fe80-84,-
Sengkang - Total,female,fe80-84,1270
Anchorvale,female,fe80-84,200
Compassvale,female,fe80-84,110
Fernvale,female,fe80-84,270
Lorong Halus North,female,fe80-84,-
Rivervale,female,fe80-84,350
Sengkang Town Centre,female,fe80-84,350
Sengkang West,female,fe80-84,-
Serangoon - Total,female,fe80-84,1450
Lorong Chuan,female,fe80-84,110
Seletar Hills,female,fe80-84,180
Serangoon Central,female,fe80-84,320
Serangoon Garden,female,fe80-84,560
Serangoon North,female,fe80-84,110
Serangoon North Ind Estate,female,fe80-84,-
Upper Paya Lebar,female,fe80-84,170
Simpang - Total,female,fe80-84,-
Pulau Seletar,female,fe80-84,-
Simpang North,female,fe80-84,-
Simpang South,female,fe80-84,-
Tanjong Irau,female,fe80-84,-
Singapore River - Total,female,fe80-84,20
Boat Quay,female,fe80-84,-
Clarke Quay,female,fe80-84,-
Robertson Quay,female,fe80-84,20
Southern Islands - Total,female,fe80-84,10
Sentosa,female,fe80-84,10
Southern Group,female,fe80-84,-
Straits View - Total,female,fe80-84,-
Straits View,female,fe80-84,-
Sungei Kadut - Total,female,fe80-84,20
Gali Batu,female,fe80-84,-
Kranji,female,fe80-84,-
Pang Sua,female,fe80-84,-
Reservoir View,female,fe80-84,-
Turf Club,female,fe80-84,20
Tampines - Total,female,fe80-84,2110
Simei,female,fe80-84,310
Tampines East,female,fe80-84,1150
Tampines North,female,fe80-84,40
Tampines West,female,fe80-84,590
Xilin,female,fe80-84,10
Tanglin - Total,female,fe80-84,190
Chatsworth,female,fe80-84,50
Nassim,female,fe80-84,70
Ridout,female,fe80-84,20
Tyersall,female,fe80-84,40
Tengah - Total,female,fe80-84,-
Brickland,female,fe80-84,-
Forest Hill,female,fe80-84,-
Garden,female,fe80-84,-
Park,female,fe80-84,-
Plantation,female,fe80-84,-
Tengah Industrial Estate,female,fe80-84,-
Toa Payoh - Total,female,fe80-84,2210
Bidadari,female,fe80-84,-
Boon Teck,female,fe80-84,340
Braddell,female,fe80-84,190
Joo Seng,female,fe80-84,110
Kim Keat,female,fe80-84,140
Lorong 8 Toa Payoh,female,fe80-84,160
Pei Chun,female,fe80-84,190
Potong Pasir,female,fe80-84,150
Sennett,female,fe80-84,80
Toa Payoh Central,female,fe80-84,470
Toa Payoh West,female,fe80-84,370
Woodleigh,female,fe80-84,10
Tuas - Total,female,fe80-84,-
Tengeh,female,fe80-84,-
Tuas Bay,female,fe80-84,-
Tuas North,female,fe80-84,-
Tuas Promenade,female,fe80-84,-
Tuas View,female,fe80-84,-
Tuas View Extension,female,fe80-84,-
Western Islands - Total,female,fe80-84,-
Jurong Island And Bukom,female,fe80-84,-
Semakau,female,fe80-84,-
Sudong,female,fe80-84,-
Western Water Catchment - Total,female,fe80-84,-
Bahar,female,fe80-84,-
Cleantech,female,fe80-84,-
Murai,female,fe80-84,-
Woodlands - Total,female,fe80-84,1390
Greenwood Park,female,fe80-84,-
Midview,female,fe80-84,180
North Coast,female,fe80-84,130
Senoko West,female,fe80-84,-
Woodgrove,female,fe80-84,200
Woodlands East,female,fe80-84,450
Woodlands Regional Centre,female,fe80-84,-
Woodlands South,female,fe80-84,160
Woodlands West,female,fe80-84,280
Yishun - Total,female,fe80-84,1570
Khatib,female,fe80-84,80
Lower Seletar,female,fe80-84,50
Nee Soon,female,fe80-84,10
Northland,female,fe80-84,220
Springleaf,female,fe80-84,40
Yishun Central,female,fe80-84,20
Yishun East,female,fe80-84,300
Yishun South,female,fe80-84,340
Yishun West,female,fe80-84,520
Total,female,fe85-89,23060
Ang Mo Kio - Total,female,fe85-89,1390
Ang Mo Kio Town Centre,female,fe85-89,30
Cheng San,female,fe85-89,210
Chong Boon,female,fe85-89,250
Kebun Bahru,female,fe85-89,190
Sembawang Hills,female,fe85-89,60
Shangri-La,female,fe85-89,170
Tagore,female,fe85-89,70
Townsville,female,fe85-89,230
Yio Chu Kang,female,fe85-89,-
Yio Chu Kang East,female,fe85-89,20
Yio Chu Kang North,female,fe85-89,-
Yio Chu Kang West,female,fe85-89,150
Bedok - Total,female,fe85-89,2070
Bayshore,female,fe85-89,30
Bedok North,female,fe85-89,610
Bedok Reservoir,female,fe85-89,110
Bedok South,female,fe85-89,460
Frankel,female,fe85-89,300
Kaki Bukit,female,fe85-89,160
Kembangan,female,fe85-89,330
Siglap,female,fe85-89,80
Bishan - Total,female,fe85-89,690
Bishan East,female,fe85-89,220
Marymount,female,fe85-89,150
Upper Thomson,female,fe85-89,320
Boon Lay - Total,female,fe85-89,-
Liu Fang,female,fe85-89,-
Samulun,female,fe85-89,-
Shipyard,female,fe85-89,-
Tukang,female,fe85-89,-
Bukit Batok - Total,female,fe85-89,710
Brickworks,female,fe85-89,40
Bukit Batok Central,female,fe85-89,140
Bukit Batok East,female,fe85-89,70
Bukit Batok South,female,fe85-89,50
Bukit Batok West,female,fe85-89,80
Gombak,female,fe85-89,70
Guilin,female,fe85-89,80
Hillview,female,fe85-89,80
Hong Kah North,female,fe85-89,110
Bukit Merah - Total,female,fe85-89,1500
Alexandra Hill,female,fe85-89,160
Alexandra North,female,fe85-89,10
Bukit Ho Swee,female,fe85-89,190
Bukit Merah,female,fe85-89,10
City Terminals,female,fe85-89,-
Depot Road,female,fe85-89,40
Everton Park,female,fe85-89,80
Henderson Hill,female,fe85-89,180
Kampong Tiong Bahru,female,fe85-89,110
Maritime Square,female,fe85-89,30
Redhill,female,fe85-89,80
Singapore General Hospital,female,fe85-89,-
Telok Blangah Drive,female,fe85-89,160
Telok Blangah Rise,female,fe85-89,110
Telok Blangah Way,female,fe85-89,110
Tiong Bahru,female,fe85-89,110
Tiong Bahru Station,female,fe85-89,150
Bukit Panjang - Total,female,fe85-89,580
Bangkit,female,fe85-89,150
Dairy Farm,female,fe85-89,20
Fajar,female,fe85-89,100
Jelebu,female,fe85-89,140
Nature Reserve,female,fe85-89,10
Saujana,female,fe85-89,80
Senja,female,fe85-89,80
Bukit Timah - Total,female,fe85-89,520
Anak Bukit,female,fe85-89,150
Coronation Road,female,fe85-89,50
Farrer Court,female,fe85-89,40
Hillcrest,female,fe85-89,80
Holland Road,female,fe85-89,60
Leedon Park,female,fe85-89,40
Swiss Club,female,fe85-89,40
Ulu Pandan,female,fe85-89,70
Central Water Catchment - Total,female,fe85-89,-
Central Water Catchment,female,fe85-89,-
Changi- Total,female,fe85-89,10
Changi Airport,female,fe85-89,-
Changi Point,female,fe85-89,-
Changi West,female,fe85-89,-
Changi Bay - Total,female,fe85-89,-
Changi Bay,female,fe85-89,-
Choa Chu Kang - Total,female,fe85-89,690
Choa Chu Kang Central,female,fe85-89,70
Choa Chu Kang North,female,fe85-89,150
Keat Hong,female,fe85-89,110
Peng Siang,female,fe85-89,130
Teck Whye,female,fe85-89,120
Yew Tee,female,fe85-89,110
Clementi - Total,female,fe85-89,640
Clementi Central,female,fe85-89,110
Clementi North,female,fe85-89,250
Clementi West,female,fe85-89,90
Clementi Woods,female,fe85-89,110
Faber,female,fe85-89,20
Pandan,female,fe85-89,-
Sunset Way,female,fe85-89,40
Toh Tuck,female,fe85-89,-
West Coast,female,fe85-89,30
Downtown Core - Total,female,fe85-89,10
Anson,female,fe85-89,-
Bayfront Subzone,female,fe85-89,-
Bugis,female,fe85-89,10
Cecil,female,fe85-89,-
Central Subzone,female,fe85-89,-
City Hall,female,fe85-89,-
Clifford Pier,female,fe85-89,-
Marina Centre,female,fe85-89,-
Maxwell,female,fe85-89,-
Nicoll,female,fe85-89,-
Phillip,female,fe85-89,-
Raffles Place,female,fe85-89,-
Tanjong Pagar,female,fe85-89,-
Geylang - Total,female,fe85-89,970
Aljunied,female,fe85-89,370
Geylang East,female,fe85-89,250
Kallang Way,female,fe85-89,-
Kampong Ubi,female,fe85-89,50
Macpherson,female,fe85-89,290
Hougang - Total,female,fe85-89,1340
Defu Industrial Park,female,fe85-89,-
Hougang Central,female,fe85-89,20
Hougang East,female,fe85-89,100
Hougang West,female,fe85-89,290
Kangkar,female,fe85-89,160
Kovan,female,fe85-89,160
Lorong Ah Soo,female,fe85-89,260
Lorong Halus,female,fe85-89,-
Tai Seng,female,fe85-89,120
Trafalgar,female,fe85-89,220
Jurong East - Total,female,fe85-89,450
International Business Park,female,fe85-89,-
Jurong Gateway,female,fe85-89,-
Jurong Port,female,fe85-89,-
Jurong River,female,fe85-89,-
Lakeside (Business),female,fe85-89,-
Lakeside (Leisure),female,fe85-89,20
Penjuru Crescent,female,fe85-89,-
Teban Gardens,female,fe85-89,90
Toh Guan,female,fe85-89,70
Yuhua East,female,fe85-89,180
Yuhua West,female,fe85-89,100
Jurong West - Total,female,fe85-89,880
Boon Lay Place,female,fe85-89,100
Chin Bee,female,fe85-89,-
Hong Kah,female,fe85-89,230
Jurong West Central,female,fe85-89,160
Kian Teck,female,fe85-89,-
Safti,female,fe85-89,-
Taman Jurong,female,fe85-89,150
Wenya,female,fe85-89,40
Yunnan,female,fe85-89,200
Kallang - Total,female,fe85-89,910
Bendemeer,female,fe85-89,320
Boon Keng,female,fe85-89,150
Crawford,female,fe85-89,110
Geylang Bahru,female,fe85-89,120
Kallang Bahru,female,fe85-89,-
Kampong Bugis,female,fe85-89,10
Kampong Java,female,fe85-89,90
Lavender,female,fe85-89,60
Tanjong Rhu,female,fe85-89,50
Lim Chu Kang - Total,female,fe85-89,-
Lim Chu Kang,female,fe85-89,-
Mandai - Total,female,fe85-89,10
Mandai East,female,fe85-89,-
Mandai Estate,female,fe85-89,10
Mandai West,female,fe85-89,-
Marina East - Total,female,fe85-89,-
Marina East,female,fe85-89,-
Marina South - Total,female,fe85-89,-
Marina South,female,fe85-89,-
Marine Parade - Total,female,fe85-89,470
East Coast,female,fe85-89,-
Katong,female,fe85-89,80
Marina East (Mp),female,fe85-89,-
Marine Parade,female,fe85-89,310
Mountbatten,female,fe85-89,70
Museum - Total,female,fe85-89,-
Bras Basah,female,fe85-89,-
Dhoby Ghaut,female,fe85-89,-
Fort Canning,female,fe85-89,-
Newton - Total,female,fe85-89,50
Cairnhill,female,fe85-89,20
Goodwood Park,female,fe85-89,10
Istana Negara,female,fe85-89,-
Monk's Hill,female,fe85-89,10
Newton Circus,female,fe85-89,-
Orange Grove,female,fe85-89,10
North-Eastern Islands - Total,female,fe85-89,-
North-Eastern Islands,female,fe85-89,-
Novena - Total,female,fe85-89,440
Balestier,female,fe85-89,320
Dunearn,female,fe85-89,50
Malcolm,female,fe85-89,30
Moulmein,female,fe85-89,50
Mount Pleasant,female,fe85-89,10
Orchard - Total,female,fe85-89,-
Boulevard,female,fe85-89,-
Somerset,female,fe85-89,-
Tanglin,female,fe85-89,-
Outram - Total,female,fe85-89,210
China Square,female,fe85-89,20
Chinatown,female,fe85-89,100
Pearl's Hill,female,fe85-89,90
People's Park,female,fe85-89,-
Pasir Ris - Total,female,fe85-89,600
Flora Drive,female,fe85-89,70
Loyang East,female,fe85-89,10
Loyang West,female,fe85-89,20
Pasir Ris Central,female,fe85-89,120
Pasir Ris Drive,female,fe85-89,240
Pasir Ris Park,female,fe85-89,10
Pasir Ris Wafer Fab Park,female,fe85-89,-
Pasir Ris West,female,fe85-89,140
Paya Lebar - Total,female,fe85-89,-
Airport Road,female,fe85-89,-
Paya Lebar East,female,fe85-89,-
Paya Lebar North,female,fe85-89,-
Paya Lebar West,female,fe85-89,-
Plab,female,fe85-89,-
Pioneer - Total,female,fe85-89,-
Benoi Sector,female,fe85-89,-
Gul Basin,female,fe85-89,-
Gul Circle,female,fe85-89,-
Joo Koon,female,fe85-89,-
Pioneer Sector,female,fe85-89,-
Punggol - Total,female,fe85-89,380
Coney Island,female,fe85-89,-
Matilda,female,fe85-89,90
Northshore,female,fe85-89,-
Punggol Canal,female,fe85-89,-
Punggol Field,female,fe85-89,140
Punggol Town Centre,female,fe85-89,40
Waterway East,female,fe85-89,100
Queenstown - Total,female,fe85-89,1100
Commonwealth,female,fe85-89,130
Dover,female,fe85-89,90
Ghim Moh,female,fe85-89,170
Holland Drive,female,fe85-89,170
Kent Ridge,female,fe85-89,-
Margaret Drive,female,fe85-89,140
Mei Chin,female,fe85-89,190
National University Of S'pore,female,fe85-89,-
One North,female,fe85-89,-
Pasir Panjang 1,female,fe85-89,20
Pasir Panjang 2,female,fe85-89,10
Port,female,fe85-89,-
Queensway,female,fe85-89,-
Singapore Polytechnic,female,fe85-89,-
Tanglin Halt,female,fe85-89,170
River Valley - Total,female,fe85-89,30
Institution Hill,female,fe85-89,-
Leonie Hill,female,fe85-89,10
One Tree Hill,female,fe85-89,10
Oxley,female,fe85-89,10
Paterson,female,fe85-89,-
Rochor - Total,female,fe85-89,120
Bencoolen,female,fe85-89,20
Farrer Park,female,fe85-89,30
Kampong Glam,female,fe85-89,-
Little India,female,fe85-89,30
Mackenzie,female,fe85-89,-
Mount Emily,female,fe85-89,-
Rochor Canal,female,fe85-89,-
Selegie,female,fe85-89,-
Sungei Road,female,fe85-89,20
Victoria,female,fe85-89,20
Seletar - Total,female,fe85-89,-
Pulau Punggol Barat,female,fe85-89,-
Pulau Punggol Timor,female,fe85-89,-
Seletar,female,fe85-89,-
Seletar Aerospace Park,female,fe85-89,-
Sembawang - Total,female,fe85-89,340
Admiralty,female,fe85-89,70
Sembawang Central,female,fe85-89,110
Sembawang East,female,fe85-89,30
Sembawang North,female,fe85-89,80
Sembawang Springs,female,fe85-89,40
Sembawang Straits,female,fe85-89,10
Senoko North,female,fe85-89,-
Senoko South,female,fe85-89,-
The Wharves,female,fe85-89,-
Sengkang - Total,female,fe85-89,790
Anchorvale,female,fe85-89,100
Compassvale,female,fe85-89,40
Fernvale,female,fe85-89,210
Lorong Halus North,female,fe85-89,-
Rivervale,female,fe85-89,220
Sengkang Town Centre,female,fe85-89,220
Sengkang West,female,fe85-89,-
Serangoon - Total,female,fe85-89,860
Lorong Chuan,female,fe85-89,60
Seletar Hills,female,fe85-89,100
Serangoon Central,female,fe85-89,160
Serangoon Garden,female,fe85-89,350
Serangoon North,female,fe85-89,80
Serangoon North Ind Estate,female,fe85-89,-
Upper Paya Lebar,female,fe85-89,110
Simpang - Total,female,fe85-89,-
Pulau Seletar,female,fe85-89,-
Simpang North,female,fe85-89,-
Simpang South,female,fe85-89,-
Tanjong Irau,female,fe85-89,-
Singapore River - Total,female,fe85-89,-
Boat Quay,female,fe85-89,-
Clarke Quay,female,fe85-89,-
Robertson Quay,female,fe85-89,-
Southern Islands - Total,female,fe85-89,-
Sentosa,female,fe85-89,-
Southern Group,female,fe85-89,-
Straits View - Total,female,fe85-89,-
Straits View,female,fe85-89,-
Sungei Kadut - Total,female,fe85-89,10
Gali Batu,female,fe85-89,-
Kranji,female,fe85-89,-
Pang Sua,female,fe85-89,-
Reservoir View,female,fe85-89,-
Turf Club,female,fe85-89,10
Tampines - Total,female,fe85-89,1300
Simei,female,fe85-89,200
Tampines East,female,fe85-89,690
Tampines North,female,fe85-89,40
Tampines West,female,fe85-89,360
Xilin,female,fe85-89,10
Tanglin - Total,female,fe85-89,110
Chatsworth,female,fe85-89,30
Nassim,female,fe85-89,40
Ridout,female,fe85-89,10
Tyersall,female,fe85-89,30
Tengah - Total,female,fe85-89,-
Brickland,female,fe85-89,-
Forest Hill,female,fe85-89,-
Garden,female,fe85-89,-
Park,female,fe85-89,-
Plantation,female,fe85-89,-
Tengah Industrial Estate,female,fe85-89,-
Toa Payoh - Total,female,fe85-89,1250
Bidadari,female,fe85-89,-
Boon Teck,female,fe85-89,190
Braddell,female,fe85-89,100
Joo Seng,female,fe85-89,70
Kim Keat,female,fe85-89,80
Lorong 8 Toa Payoh,female,fe85-89,100
Pei Chun,female,fe85-89,110
Potong Pasir,female,fe85-89,90
Sennett,female,fe85-89,60
Toa Payoh Central,female,fe85-89,290
Toa Payoh West,female,fe85-89,170
Woodleigh,female,fe85-89,10
Tuas - Total,female,fe85-89,-
Tengeh,female,fe85-89,-
Tuas Bay,female,fe85-89,-
Tuas North,female,fe85-89,-
Tuas Promenade,female,fe85-89,-
Tuas View,female,fe85-89,-
Tuas View Extension,female,fe85-89,-
Western Islands - Total,female,fe85-89,-
Jurong Island And Bukom,female,fe85-89,-
Semakau,female,fe85-89,-
Sudong,female,fe85-89,-
Western Water Catchment - Total,female,fe85-89,-
Bahar,female,fe85-89,-
Cleantech,female,fe85-89,-
Murai,female,fe85-89,-
Woodlands - Total,female,fe85-89,770
Greenwood Park,female,fe85-89,-
Midview,female,fe85-89,100
North Coast,female,fe85-89,70
Senoko West,female,fe85-89,-
Woodgrove,female,fe85-89,120
Woodlands East,female,fe85-89,240
Woodlands Regional Centre,female,fe85-89,-
Woodlands South,female,fe85-89,110
Woodlands West,female,fe85-89,130
Yishun - Total,female,fe85-89,900
Khatib,female,fe85-89,50
Lower Seletar,female,fe85-89,30
Nee Soon,female,fe85-89,10
Northland,female,fe85-89,130
Springleaf,female,fe85-89,20
Yishun Central,female,fe85-89,10
Yishun East,female,fe85-89,170
Yishun South,female,fe85-89,200
Yishun West,female,fe85-89,290
Total,female,fe90andover,14560
Ang Mo Kio - Total,female,fe90andover,810
Ang Mo Kio Town Centre,female,fe90andover,20
Cheng San,female,fe90andover,130
Chong Boon,female,fe90andover,140
Kebun Bahru,female,fe90andover,110
Sembawang Hills,female,fe90andover,40
Shangri-La,female,fe90andover,100
Tagore,female,fe90andover,50
Townsville,female,fe90andover,140
Yio Chu Kang,female,fe90andover,-
Yio Chu Kang East,female,fe90andover,20
Yio Chu Kang North,female,fe90andover,-
Yio Chu Kang West,female,fe90andover,80
Bedok - Total,female,fe90andover,1380
Bayshore,female,fe90andover,40
Bedok North,female,fe90andover,370
Bedok Reservoir,female,fe90andover,50
Bedok South,female,fe90andover,290
Frankel,female,fe90andover,200
Kaki Bukit,female,fe90andover,130
Kembangan,female,fe90andover,240
Siglap,female,fe90andover,40
Bishan - Total,female,fe90andover,400
Bishan East,female,fe90andover,120
Marymount,female,fe90andover,100
Upper Thomson,female,fe90andover,180
Boon Lay - Total,female,fe90andover,-
Liu Fang,female,fe90andover,-
Samulun,female,fe90andover,-
Shipyard,female,fe90andover,-
Tukang,female,fe90andover,-
Bukit Batok - Total,female,fe90andover,410
Brickworks,female,fe90andover,10
Bukit Batok Central,female,fe90andover,90
Bukit Batok East,female,fe90andover,40
Bukit Batok South,female,fe90andover,30
Bukit Batok West,female,fe90andover,60
Gombak,female,fe90andover,40
Guilin,female,fe90andover,50
Hillview,female,fe90andover,40
Hong Kah North,female,fe90andover,60
Bukit Merah - Total,female,fe90andover,1060
Alexandra Hill,female,fe90andover,120
Alexandra North,female,fe90andover,-
Bukit Ho Swee,female,fe90andover,120
Bukit Merah,female,fe90andover,10
City Terminals,female,fe90andover,-
Depot Road,female,fe90andover,30
Everton Park,female,fe90andover,50
Henderson Hill,female,fe90andover,110
Kampong Tiong Bahru,female,fe90andover,70
Maritime Square,female,fe90andover,30
Redhill,female,fe90andover,100
Singapore General Hospital,female,fe90andover,-
Telok Blangah Drive,female,fe90andover,90
Telok Blangah Rise,female,fe90andover,70
Telok Blangah Way,female,fe90andover,60
Tiong Bahru,female,fe90andover,110
Tiong Bahru Station,female,fe90andover,100
Bukit Panjang - Total,female,fe90andover,360
Bangkit,female,fe90andover,80
Dairy Farm,female,fe90andover,10
Fajar,female,fe90andover,60
Jelebu,female,fe90andover,80
Nature Reserve,female,fe90andover,10
Saujana,female,fe90andover,60
Senja,female,fe90andover,60
Bukit Timah - Total,female,fe90andover,370
Anak Bukit,female,fe90andover,100
Coronation Road,female,fe90andover,40
Farrer Court,female,fe90andover,30
Hillcrest,female,fe90andover,50
Holland Road,female,fe90andover,50
Leedon Park,female,fe90andover,30
Swiss Club,female,fe90andover,40
Ulu Pandan,female,fe90andover,50
Central Water Catchment - Total,female,fe90andover,-
Central Water Catchment,female,fe90andover,-
Changi- Total,female,fe90andover,-
Changi Airport,female,fe90andover,-
Changi Point,female,fe90andover,-
Changi West,female,fe90andover,-
Changi Bay - Total,female,fe90andover,-
Changi Bay,female,fe90andover,-
Choa Chu Kang - Total,female,fe90andover,380
Choa Chu Kang Central,female,fe90andover,50
Choa Chu Kang North,female,fe90andover,60
Keat Hong,female,fe90andover,50
Peng Siang,female,fe90andover,80
Teck Whye,female,fe90andover,90
Yew Tee,female,fe90andover,60
Clementi - Total,female,fe90andover,400
Clementi Central,female,fe90andover,80
Clementi North,female,fe90andover,160
Clementi West,female,fe90andover,50
Clementi Woods,female,fe90andover,60
Faber,female,fe90andover,10
Pandan,female,fe90andover,-
Sunset Way,female,fe90andover,20
Toh Tuck,female,fe90andover,-
West Coast,female,fe90andover,20
Downtown Core - Total,female,fe90andover,10
Anson,female,fe90andover,-
Bayfront Subzone,female,fe90andover,-
Bugis,female,fe90andover,10
Cecil,female,fe90andover,-
Central Subzone,female,fe90andover,-
City Hall,female,fe90andover,-
Clifford Pier,female,fe90andover,-
Marina Centre,female,fe90andover,-
Maxwell,female,fe90andover,-
Nicoll,female,fe90andover,-
Phillip,female,fe90andover,-
Raffles Place,female,fe90andover,-
Tanjong Pagar,female,fe90andover,-
Geylang - Total,female,fe90andover,580
Aljunied,female,fe90andover,250
Geylang East,female,fe90andover,140
Kallang Way,female,fe90andover,-
Kampong Ubi,female,fe90andover,30
Macpherson,female,fe90andover,160
Hougang - Total,female,fe90andover,790
Defu Industrial Park,female,fe90andover,-
Hougang Central,female,fe90andover,20
Hougang East,female,fe90andover,50
Hougang West,female,fe90andover,170
Kangkar,female,fe90andover,90
Kovan,female,fe90andover,120
Lorong Ah Soo,female,fe90andover,130
Lorong Halus,female,fe90andover,-
Tai Seng,female,fe90andover,90
Trafalgar,female,fe90andover,120
Jurong East - Total,female,fe90andover,270
International Business Park,female,fe90andover,-
Jurong Gateway,female,fe90andover,-
Jurong Port,female,fe90andover,-
Jurong River,female,fe90andover,-
Lakeside (Business),female,fe90andover,-
Lakeside (Leisure),female,fe90andover,10
Penjuru Crescent,female,fe90andover,-
Teban Gardens,female,fe90andover,50
Toh Guan,female,fe90andover,30
Yuhua East,female,fe90andover,100
Yuhua West,female,fe90andover,70
Jurong West - Total,female,fe90andover,520
Boon Lay Place,female,fe90andover,60
Chin Bee,female,fe90andover,-
Hong Kah,female,fe90andover,130
Jurong West Central,female,fe90andover,80
Kian Teck,female,fe90andover,-
Safti,female,fe90andover,-
Taman Jurong,female,fe90andover,70
Wenya,female,fe90andover,30
Yunnan,female,fe90andover,140
Kallang - Total,female,fe90andover,680
Bendemeer,female,fe90andover,280
Boon Keng,female,fe90andover,80
Crawford,female,fe90andover,60
Geylang Bahru,female,fe90andover,70
Kallang Bahru,female,fe90andover,-
Kampong Bugis,female,fe90andover,10
Kampong Java,female,fe90andover,70
Lavender,female,fe90andover,50
Tanjong Rhu,female,fe90andover,50
Lim Chu Kang - Total,female,fe90andover,-
Lim Chu Kang,female,fe90andover,-
Mandai - Total,female,fe90andover,10
Mandai East,female,fe90andover,-
Mandai Estate,female,fe90andover,10
Mandai West,female,fe90andover,-
Marina East - Total,female,fe90andover,-
Marina East,female,fe90andover,-
Marina South - Total,female,fe90andover,-
Marina South,female,fe90andover,-
Marine Parade - Total,female,fe90andover,330
East Coast,female,fe90andover,-
Katong,female,fe90andover,60
Marina East (Mp),female,fe90andover,-
Marine Parade,female,fe90andover,210
Mountbatten,female,fe90andover,60
Museum - Total,female,fe90andover,-
Bras Basah,female,fe90andover,-
Dhoby Ghaut,female,fe90andover,-
Fort Canning,female,fe90andover,-
Newton - Total,female,fe90andover,30
Cairnhill,female,fe90andover,20
Goodwood Park,female,fe90andover,10
Istana Negara,female,fe90andover,-
Monk's Hill,female,fe90andover,10
Newton Circus,female,fe90andover,-
Orange Grove,female,fe90andover,-
North-Eastern Islands - Total,female,fe90andover,-
North-Eastern Islands,female,fe90andover,-
Novena - Total,female,fe90andover,290
Balestier,female,fe90andover,200
Dunearn,female,fe90andover,30
Malcolm,female,fe90andover,30
Moulmein,female,fe90andover,30
Mount Pleasant,female,fe90andover,-
Orchard - Total,female,fe90andover,-
Boulevard,female,fe90andover,-
Somerset,female,fe90andover,-
Tanglin,female,fe90andover,-
Outram - Total,female,fe90andover,250
China Square,female,fe90andover,20
Chinatown,female,fe90andover,130
Pearl's Hill,female,fe90andover,100
People's Park,female,fe90andover,-
Pasir Ris - Total,female,fe90andover,380
Flora Drive,female,fe90andover,60
Loyang East,female,fe90andover,10
Loyang West,female,fe90andover,20
Pasir Ris Central,female,fe90andover,60
Pasir Ris Drive,female,fe90andover,130
Pasir Ris Park,female,fe90andover,10
Pasir Ris Wafer Fab Park,female,fe90andover,-
Pasir Ris West,female,fe90andover,80
Paya Lebar - Total,female,fe90andover,-
Airport Road,female,fe90andover,-
Paya Lebar East,female,fe90andover,-
Paya Lebar North,female,fe90andover,-
Paya Lebar West,female,fe90andover,-
Plab,female,fe90andover,-
Pioneer - Total,female,fe90andover,-
Benoi Sector,female,fe90andover,-
Gul Basin,female,fe90andover,-
Gul Circle,female,fe90andover,-
Joo Koon,female,fe90andover,-
Pioneer Sector,female,fe90andover,-
Punggol - Total,female,fe90andover,250
Coney Island,female,fe90andover,-
Matilda,female,fe90andover,70
Northshore,female,fe90andover,-
Punggol Canal,female,fe90andover,-
Punggol Field,female,fe90andover,110
Punggol Town Centre,female,fe90andover,20
Waterway East,female,fe90andover,60
Queenstown - Total,female,fe90andover,640
Commonwealth,female,fe90andover,60
Dover,female,fe90andover,50
Ghim Moh,female,fe90andover,90
Holland Drive,female,fe90andover,110
Kent Ridge,female,fe90andover,-
Margaret Drive,female,fe90andover,100
Mei Chin,female,fe90andover,120
National University Of S'pore,female,fe90andover,-
One North,female,fe90andover,-
Pasir Panjang 1,female,fe90andover,10
Pasir Panjang 2,female,fe90andover,10
Port,female,fe90andover,-
Queensway,female,fe90andover,-
Singapore Polytechnic,female,fe90andover,-
Tanglin Halt,female,fe90andover,100
River Valley - Total,female,fe90andover,40
Institution Hill,female,fe90andover,-
Leonie Hill,female,fe90andover,10
One Tree Hill,female,fe90andover,10
Oxley,female,fe90andover,20
Paterson,female,fe90andover,-
Rochor - Total,female,fe90andover,80
Bencoolen,female,fe90andover,20
Farrer Park,female,fe90andover,10
Kampong Glam,female,fe90andover,-
Little India,female,fe90andover,20
Mackenzie,female,fe90andover,-
Mount Emily,female,fe90andover,10
Rochor Canal,female,fe90andover,-
Selegie,female,fe90andover,-
Sungei Road,female,fe90andover,10
Victoria,female,fe90andover,10
Seletar - Total,female,fe90andover,-
Pulau Punggol Barat,female,fe90andover,-
Pulau Punggol Timor,female,fe90andover,-
Seletar,female,fe90andover,-
Seletar Aerospace Park,female,fe90andover,-
Sembawang - Total,female,fe90andover,190
Admiralty,female,fe90andover,20
Sembawang Central,female,fe90andover,60
Sembawang East,female,fe90andover,10
Sembawang North,female,fe90andover,40
Sembawang Springs,female,fe90andover,40
Sembawang Straits,female,fe90andover,-
Senoko North,female,fe90andover,-
Senoko South,female,fe90andover,-
The Wharves,female,fe90andover,-
Sengkang - Total,female,fe90andover,510
Anchorvale,female,fe90andover,70
Compassvale,female,fe90andover,20
Fernvale,female,fe90andover,130
Lorong Halus North,female,fe90andover,-
Rivervale,female,fe90andover,140
Sengkang Town Centre,female,fe90andover,160
Sengkang West,female,fe90andover,-
Serangoon - Total,female,fe90andover,580
Lorong Chuan,female,fe90andover,50
Seletar Hills,female,fe90andover,70
Serangoon Central,female,fe90andover,100
Serangoon Garden,female,fe90andover,260
Serangoon North,female,fe90andover,30
Serangoon North Ind Estate,female,fe90andover,-
Upper Paya Lebar,female,fe90andover,60
Simpang - Total,female,fe90andover,-
Pulau Seletar,female,fe90andover,-
Simpang North,female,fe90andover,-
Simpang South,female,fe90andover,-
Tanjong Irau,female,fe90andover,-
Singapore River - Total,female,fe90andover,10
Boat Quay,female,fe90andover,-
Clarke Quay,female,fe90andover,-
Robertson Quay,female,fe90andover,10
Southern Islands - Total,female,fe90andover,-
Sentosa,female,fe90andover,-
Southern Group,female,fe90andover,-
Straits View - Total,female,fe90andover,-
Straits View,female,fe90andover,-
Sungei Kadut - Total,female,fe90andover,10
Gali Batu,female,fe90andover,-
Kranji,female,fe90andover,-
Pang Sua,female,fe90andover,-
Reservoir View,female,fe90andover,-
Turf Club,female,fe90andover,-
Tampines - Total,female,fe90andover,820
Simei,female,fe90andover,160
Tampines East,female,fe90andover,430
Tampines North,female,fe90andover,40
Tampines West,female,fe90andover,190
Xilin,female,fe90andover,-
Tanglin - Total,female,fe90andover,90
Chatsworth,female,fe90andover,20
Nassim,female,fe90andover,40
Ridout,female,fe90andover,10
Tyersall,female,fe90andover,20
Tengah - Total,female,fe90andover,-
Brickland,female,fe90andover,-
Forest Hill,female,fe90andover,-
Garden,female,fe90andover,-
Park,female,fe90andover,-
Plantation,female,fe90andover,-
Tengah Industrial Estate,female,fe90andover,-
Toa Payoh - Total,female,fe90andover,720
Bidadari,female,fe90andover,-
Boon Teck,female,fe90andover,120
Braddell,female,fe90andover,80
Joo Seng,female,fe90andover,40
Kim Keat,female,fe90andover,40
Lorong 8 Toa Payoh,female,fe90andover,50
Pei Chun,female,fe90andover,50
Potong Pasir,female,fe90andover,40
Sennett,female,fe90andover,50
Toa Payoh Central,female,fe90andover,140
Toa Payoh West,female,fe90andover,90
Woodleigh,female,fe90andover,10
Tuas - Total,female,fe90andover,-
Tengeh,female,fe90andover,-
Tuas Bay,female,fe90andover,-
Tuas North,female,fe90andover,-
Tuas Promenade,female,fe90andover,-
Tuas View,female,fe90andover,-
Tuas View Extension,female,fe90andover,-
Western Islands - Total,female,fe90andover,-
Jurong Island And Bukom,female,fe90andover,-
Semakau,female,fe90andover,-
Sudong,female,fe90andover,-
Western Water Catchment - Total,female,fe90andover,-
Bahar,female,fe90andover,-
Cleantech,female,fe90andover,-
Murai,female,fe90andover,-
Woodlands - Total,female,fe90andover,400
Greenwood Park,female,fe90andover,-
Midview,female,fe90andover,80
North Coast,female,fe90andover,30
Senoko West,female,fe90andover,-
Woodgrove,female,fe90andover,70
Woodlands East,female,fe90andover,120
Woodlands Regional Centre,female,fe90andover,-
Woodlands South,female,fe90andover,40
Woodlands West,female,fe90andover,60
Yishun - Total,female,fe90andover,520
Khatib,female,fe90andover,20
Lower Seletar,female,fe90andover,20
Nee Soon,female,fe90andover,10
Northland,female,fe90andover,70
Springleaf,female,fe90andover,10
Yishun Central,female,fe90andover,10
Yishun East,female,fe90andover,90
Yishun South,female,fe90andover,130
Yishun West,female,fe90andover,170
